"player_id","player_name_j","player_name_e","last_seen_team_id","last_seen_jersey_number","created_at","updated_at","old_player_id","player_slot_category","league_registered_nationality","birthplace","entity_type"
"12598",ジョシュ・ホーキンソン,Josh Hawkinson,"726","8",2026-02-24 14:57:28.719 +0900,2026-08-24 16:12:23.925 +0900,,帰化選手,日本,アメリカ合衆国,player
"10838",坂東 拓,Taku Bando,"699","14",2026-05-26 16:58:35.172 +0900,2026-06-02 18:04:44.171 +0900,,日本人選手,日本,香川県,player
"12631",ジョシュ・スコット,Josh Scott,"703","40",2026-03-05 22:29:27.395 +0900,2026-03-05 22:29:27.395 +0900,,外国籍選手,外国籍,アメリカ,player
"51000324",劉 駿霆,Chun-Ting Liu,"3013","6",2026-03-05 22:32:07.128 +0900,2026-03-05 22:32:07.128 +0900,"45858",外国籍選手,チャイニーズタイペイ,チャイニーズタイペイ,player
"8838",安部 潤,Jun Abe,"720","32",2026-05-26 16:58:35.172 +0900,2026-06-02 18:04:44.172 +0900,,日本人選手,日本,島根県,player
"51000332",チュアンシン・リュウ,Liu Chuanxing,"3013","12",2026-03-05 22:32:07.128 +0900,2026-03-05 22:32:07.128 +0900,"45850",外国籍選手,中華人民共和国,中国,player
"8518",大塚 勇人,Yuto Otsuka,"718","6",2026-05-26 16:58:35.172 +0900,2026-06-02 18:04:45.044 +0900,,日本人選手,日本,埼玉県,player
"51000461",星川 開聖,Kaisei Hoshikawa,"703","17",2026-03-03 17:46:17.378 +0900,2026-03-03 17:46:17.378 +0900,,日本人選手,日本,栃木県,player
"15853",野﨑 零也,Reiya Nozaki,"727","12",2026-02-24 14:57:28.719 +0900,2026-08-24 16:12:23.925 +0900,,日本人選手,日本,佐賀県,player
"18433",ロスコ・アレン,Rosco Allen,"727","25",2026-02-24 14:57:28.719 +0900,2026-08-24 16:12:23.925 +0900,,外国籍選手,ハンガリー,ハンガリー,player
"51000333",シェンゼ・リー,Li Shengzhe,"3013","34",2026-03-05 22:32:07.128 +0900,2026-03-05 22:32:07.128 +0900,"45856",外国籍選手,中華人民共和国,中国,player
"19957",熊谷 航,Ko Kumagai,"693","11",2026-02-24 14:57:28.719 +0900,2026-08-24 16:12:23.925 +0900,,日本人選手,日本,大分県,player
"26914",ジャック・クーリー,Jack Cooley,"701","45",2026-02-24 14:57:28.719 +0900,2026-08-24 16:12:23.925 +0900,,外国籍選手,アメリカ合衆国,アメリカ合衆国,player
"51000227",松崎 裕樹,Hiroki Matsuzaki,"694","24",2026-02-24 14:57:28.719 +0900,2026-02-24 14:57:28.719 +0900,,日本人選手,日本,長崎県,player
"30434",松脇 圭志,Yoshiyuki Matsuwaki,"701","15",2026-02-24 14:57:28.719 +0900,2026-08-24 16:12:23.925 +0900,,日本人選手,日本,福岡県,player
"9276",鈴木 裕紀,Yukinori Suzuki,"720","",2026-05-26 16:58:35.172 +0900,2026-05-27 14:48:11.700 +0900,,日本人選手,日本,,player
"12500",古牧 昌也,Masaya Komaki,"694","8",2026-05-26 16:59:34.571 +0900,2026-06-02 18:04:46.755 +0900,,日本人選手,日本,千葉県,player
"12517",ミオドラグ・ライコビッチ,"","696","",2026-05-26 16:58:35.172 +0900,2026-06-02 18:04:47.495 +0900,,,セルビア,,player
"30437",山口 颯斗,Hayato Yamaguchi,"2488","17",2026-02-24 14:57:28.719 +0900,2026-08-24 16:12:23.925 +0900,,日本人選手,日本,栃木県,player
"5100000024",キング 開,Kai King,"694","23",2026-02-24 14:57:28.719 +0900,2026-08-19 14:30:25.623 +0900,"45865",日本人選手,日本,神奈川県,player
"8751",髙橋　哲也,Tetsuya Takahashi,"718","",2026-05-26 16:58:35.172 +0900,2026-05-27 14:48:11.700 +0900,,日本人選手,日本,,player
"12655",穂坂 健祐,"","700","",2026-05-26 16:58:36.644 +0900,2026-05-27 14:48:11.700 +0900,,日本人選手,日本,,player
"12510",古田 悟,"","694","",2026-05-26 16:58:35.172 +0900,2026-05-27 14:48:11.700 +0900,,日本人選手,日本,,player
"12661",安齋　竜三,"","703","",2026-05-26 16:58:38.675 +0900,2026-05-27 14:48:11.700 +0900,,日本人選手,日本,,player
"51000600",岩屋 頼,Yori Iwaya,"693","18",2026-08-18 19:10:59.022 +0900,2026-08-18 19:10:59.022 +0900,,日本人選手,日本,日本,player
"9070",石塚 裕也,Yuya Ishitsuka,"718","27",2026-05-26 16:58:35.172 +0900,2026-06-02 18:04:45.044 +0900,,日本人選手,日本,大阪府,player
"30438",テーブス 海,Kai Toews,"706","3",2026-02-24 14:57:28.719 +0900,2026-08-24 16:12:23.925 +0900,,日本人選手,日本,兵庫県,player
"30465",赤穂 雷太,Raita Akaho,"693","6",2026-02-24 14:57:28.719 +0900,2026-08-24 16:12:23.925 +0900,,日本人選手,日本,石川県,player
"30510",中村 ジャズ,Jazz Nakamura,"2488","3",2026-03-05 18:16:30.233 +0900,2026-08-24 16:12:23.925 +0900,,日本人選手,日本,青森県,player
"8679",輪島 射矢,Iriya Wajima,"695","41",2026-05-26 16:58:35.172 +0900,2026-06-02 18:04:45.738 +0900,,日本人選手,日本,北海道,player
"51000554",岡田 大河,Taiga Okada,"727","55",2026-03-03 17:46:17.378 +0900,2026-03-03 17:46:17.378 +0900,,日本人選手,日本,静岡県,player
"51000601",ギャリソン・ブルックス,Garrison Brooks,"704","15",2026-08-18 19:10:59.022 +0900,2026-08-18 19:10:59.022 +0900,,外国籍選手,アメリカ合衆国,アメリカ合衆国,player
"12594",グレゴリー・ウィッティントン,Gregory Whittington,"702","2",2026-05-26 16:58:35.172 +0900,2026-06-02 18:04:46.549 +0900,,外国籍選手,アメリカ合衆国,アメリカ,player
"8836",山本 エドワード,Edward Yamamoto,"716","5",2026-05-26 16:58:35.172 +0900,2026-06-02 18:04:47.593 +0900,,日本人選手,日本,鳥取県,player
"10831",テレンス・ウッドベリー,Terrance Woodbury,"713","30",2026-03-03 17:46:17.378 +0900,2026-03-03 17:46:17.378 +0900,,外国籍選手,アメリカ合衆国,アメリカ合衆国,player
"51000171",トーマス・ウェルシュ,Thomas Welsh,"726","40",2026-02-24 14:57:28.719 +0900,2026-02-24 14:57:28.719 +0900,,外国籍選手,アメリカ合衆国,アメリカ合衆国,player
"5100000065",オンドレイ・バルヴィン,Ondrej Balvin,"713","12",2026-05-26 16:59:34.571 +0900,2026-06-02 18:04:45.473 +0900,,外国籍選手,CZECH REPUBLIC,チェコ,player
"5100000068",エリアス・ハリス,Elias Harris,"697","20",2026-05-26 16:59:34.571 +0900,2026-06-02 18:04:45.686 +0900,,外国籍選手,ドイツ,ドイツ,player
"12579",ジャレッド・バーグレン,Jared Berggren,"695","4",2026-05-26 16:58:35.172 +0900,2026-06-02 18:04:45.686 +0900,,外国籍選手,アメリカ合衆国,アメリカ,player
"12630",ブレンダン・レーン,Brendan Lane,"706","21",2026-05-26 16:58:35.172 +0900,2026-06-02 18:04:45.838 +0900,,外国籍選手,アメリカ合衆国,アメリカ,player
"51000104",マシュー・アキノ,Matthew Aquino,"696","13",2026-02-24 14:57:28.719 +0900,2026-02-24 14:57:28.719 +0900,,日本,日本,フィリピン,player
"51000435",田中 晴瑛,Haruaki Tanaka,"696","17",2026-03-03 17:46:17.378 +0900,2026-03-03 17:46:17.378 +0900,,日本人選手,日本,千葉県,player
"8536",谷 直樹,Naoki Tani,"718","9",2026-05-26 16:58:35.172 +0900,2026-06-02 18:04:47.786 +0900,,日本人選手,日本,兵庫県,player
"10815",安藤 周人,Shuto Ando,"706","9",2026-02-24 14:57:28.719 +0900,2026-08-24 16:12:23.925 +0900,,日本人選手,日本,三重県,player
"12636",ダニエル・オルトン,Daniel Orton,"696","33",2026-05-26 16:58:35.172 +0900,2026-08-24 16:12:23.925 +0900,,外国籍選手,アメリカ合衆国,アメリカ合衆国,player
"30515",ジャメール・マクリーン,Jamel Mclean,"693","1",2026-03-03 17:46:17.378 +0900,2026-03-03 17:46:17.378 +0900,,外国籍選手,アメリカ合衆国,アメリカ合衆国,player
"51000202",内藤 耀悠,Teruchika Naito,"702","18",2026-02-24 14:57:28.719 +0900,2026-02-24 14:57:28.719 +0900,,日本人選手,日本,北海道,player
"15838",平岩 玄,Gen Hiraiwa,"706","21",2026-02-24 14:57:28.719 +0900,2026-08-24 16:12:23.925 +0900,,日本人選手,日本,愛知県,player
"51000097",阿部 龍星,Ryusei Abe,"694","11",2026-05-26 16:59:34.571 +0900,2026-06-02 18:04:47.367 +0900,,日本人選手,日本,山形県,player
"51000514",ジャリル・オカフォー,Jahlil Okafor,"702","22",2026-03-03 17:46:17.378 +0900,2026-03-03 17:46:17.378 +0900,,外国籍選手,アメリカ合衆国,アメリカ合衆国,player
"20034",木下 誠,Makoto Kinoshita,"700","31",2026-02-24 14:57:28.719 +0900,2026-08-24 16:12:23.925 +0900,,日本人選手,日本,大阪府,player
"26921",セバスチャン・サイズ,Sebastian Saiz,"706","11",2026-02-24 14:57:28.719 +0900,2026-08-24 16:12:23.925 +0900,,外国籍選手,スペイン,スペイン,player
"30348",小酒部 泰暉,Taiki Osakabe,"706","75",2026-02-24 14:57:28.719 +0900,2026-08-24 16:12:23.925 +0900,,日本人選手,日本,神奈川県,player
"9266",ジーノ・ポマーレ,Gyno Pomare,"720","30",2026-05-26 16:58:35.172 +0900,2026-06-02 18:04:47.198 +0900,,外国籍選手,アメリカ合衆国,アメリカ,player
"51000509",マーカス・フォスター,Marcus Foster,"706","17",2026-03-03 17:46:17.378 +0900,2026-03-03 17:46:17.378 +0900,,外国籍選手,アメリカ合衆国,アメリカ合衆国,player
"30512",杉本 天昇,Tensho Sugimoto,"717","10",2026-02-24 14:57:28.719 +0900,2026-08-24 16:12:23.925 +0900,,日本人選手,日本,秋田県,player
"9318",青野 文彦,Fumihiko Aono,"696","31",2026-05-26 16:58:52.170 +0900,2026-06-02 18:04:48.447 +0900,,日本人選手,日本,愛媛県,player
"8561",平尾 充庸,Atsunobu Hirao,"712","25",2026-02-24 14:57:28.719 +0900,2026-02-24 14:57:28.719 +0900,,日本人選手,日本,徳島県,player
"32982",角野 亮伍,Ryogo Sumino,"728","18",2026-02-24 14:57:28.719 +0900,2026-08-24 16:12:23.925 +0900,,日本人選手,日本,神奈川県,player
"33036",ヤン ジェミン,Jae-Min Yang,"692","9",2026-02-24 14:57:28.719 +0900,2026-08-24 16:12:23.925 +0900,,外国籍選手,大韓民国,韓国,player
"40169",デボーン・ワシントン,Devaughn Washington,"2488","99",2026-03-05 22:31:15.258 +0900,2026-08-24 16:12:23.925 +0900,,外国籍選手,外国籍,アメリカ,player
"42985",ゼイビア・クックス,Xavier Cooks,"704","10",2026-03-05 22:31:15.258 +0900,2026-08-24 16:12:23.925 +0900,,外国籍選手,オーストラリア,オーストラリア,player
"22405",鶴巻 啓太,Keita Tsurumaki,"712","29",2026-02-24 14:57:28.719 +0900,2026-02-24 14:57:28.719 +0900,,日本人選手,日本,茨城県,player
"12511",長谷川 健志,"","703","",2026-05-26 16:58:35.172 +0900,2026-05-27 14:48:11.700 +0900,,日本人選手,日本,,player
"8495",前村 雄大,Yudai Maemura,"703","3",2026-05-26 16:51:46.437 +0900,2026-06-02 18:04:48.502 +0900,,日本人選手,日本,宮崎県,player
"12518",梶山 信吾,"","729","",2026-05-26 16:58:35.172 +0900,2026-05-27 14:48:11.700 +0900,,日本人選手,日本,,player
"5100000014",佐土原 遼,Ryo Sadohara,"717","8",2026-02-24 14:57:28.719 +0900,2026-08-24 16:12:23.925 +0900,,日本人選手,日本,神奈川県,player
"5100000015",川真田 紘也,Koya Kawamata,"2488","99",2026-02-24 14:57:28.719 +0900,2026-08-24 16:12:23.925 +0900,,日本人選手,日本,徳島県,player
"5100000016",八村 阿蓮,Allen Hachimura,"713","8",2026-02-24 14:57:28.719 +0900,2026-08-24 16:12:23.925 +0900,,日本人選手,日本,富山県,player
"22397",近藤 崚太,Ryota Kondo,"697","10",2026-05-26 16:59:01.787 +0900,2026-06-02 18:04:49.193 +0900,,日本人選手,日本,静岡県,player
"5100000034",ハーパー・ジャン・ローレンス・ジュニア,John Lawrence Jr. Harper,"726","3",2026-03-03 17:25:04.626 +0900,2026-08-24 16:12:23.925 +0900,,日本人選手,日本,沖縄県,player
"5100000035",渡部 琉,Ryu Watanabe,"721","21",2026-02-24 14:57:28.719 +0900,2026-08-24 16:12:23.925 +0900,,日本人選手,日本,埼玉県,player
"12583",デイビッド・ウェア,David Wear,"700","11",2026-05-26 16:58:35.172 +0900,2026-06-02 18:04:48.356 +0900,,外国籍選手,アメリカ合衆国,アメリカ合衆国,player
"51000540",ティム・シュナイダー,Tim Schneider,"712","30",2026-08-18 19:10:59.022 +0900,2026-08-18 19:10:59.022 +0900,,外国籍選手,ドイツ,ドイツ,player
"12512",ルカ・パヴィチェヴィッチ,"","706","",2026-05-26 16:58:35.172 +0900,2026-06-02 18:04:50.353 +0900,,,モンテネグロ,,player
"12457",トニー・ガフニー,Tony Gaffney,"704","33",2026-05-26 16:58:35.172 +0900,2026-06-02 18:04:48.776 +0900,,外国籍選手,アメリカ合衆国,アメリカ合衆国,player
"12513",勝久 ジェフリー,"","726","",2026-05-26 16:58:35.172 +0900,2026-06-02 18:04:50.908 +0900,,,日本,,player
"12580",ジャワッド・ウィリアムズ,Jawad Williams,"702","31",2026-05-26 16:58:35.172 +0900,2026-06-02 18:04:49.193 +0900,,外国籍選手,アメリカ合衆国,アメリカ合衆国,player
"10873",小原 翼,Tsubasa Obara,"694","81",2026-05-26 16:52:24.114 +0900,2026-08-24 16:12:23.925 +0900,,日本人選手,日本,神奈川県,player
"30397",栗原 翼,Tsubasa Kurihara,"693","2",2026-02-24 14:57:28.719 +0900,2026-08-24 16:12:23.925 +0900,,日本人選手,日本,神奈川県,player
"32953",菅原 暉,Teru Sugawara,"713","14",2026-02-24 14:57:28.719 +0900,2026-08-24 16:12:23.925 +0900,,日本人選手,日本,岩手県,player
"8651",アンソニー・マクヘンリー,Anthony Mchenry,"3013",,2026-03-05 22:32:07.128 +0900,2026-03-05 22:32:07.128 +0900,"45872",外国籍選手,アメリカ合衆国,アメリカ合衆国,player
"9350",小林 慎太郎,Shintaro kobayashi,"835","7",2026-05-26 16:58:42.805 +0900,2026-06-02 18:04:51.849 +0900,,日本人選手,日本,熊本県,player
"9029",正中 岳城,Takeki Shonaka,"706","7",2026-05-26 16:51:46.437 +0900,2026-06-02 18:04:51.849 +0900,,日本人選手,日本,兵庫県,player
"5100000051",アレックス・マーフィー,Alex Murphy,"720","5",2026-03-05 18:16:30.233 +0900,2026-08-24 16:12:23.925 +0900,,外国籍選手,アメリカ合衆国,アメリカ合衆国,player
"5100000053",ショーン・ロング,Shawn Long,"700","21",2026-03-05 22:29:27.395 +0900,2026-08-24 16:12:23.925 +0900,,外国籍選手,アメリカ合衆国,アメリカ合衆国,player
"5100000055",クリストファー・スミス,Christopher Smith,"704","34",2026-02-24 14:57:28.719 +0900,2026-08-24 16:12:23.925 +0900,,外国籍選手,アメリカ合衆国,アメリカ合衆国,player
"8652",金城　茂之,Shigeyuki Kinjo,"701","6",2026-05-26 16:51:46.437 +0900,2026-06-02 18:04:52.082 +0900,,日本人選手,日本,沖縄県,player
"36414",ワース・スミス,Worth Smith,"721","7",2026-03-03 17:25:04.626 +0900,2026-03-03 17:25:04.626 +0900,,外国籍選手,外国籍,アメリカ,player
"5100000056",ジェレミー・ジョーンズ,Jeremy Jones,"717","22",2026-03-03 17:46:17.378 +0900,2026-08-24 16:12:23.925 +0900,,外国籍選手,アメリカ合衆国,アメリカ合衆国,player
"8621",髙橋 祐二,Yuji Takahashi,"712","14",2026-05-26 16:59:34.571 +0900,2026-06-02 18:04:52.526 +0900,,日本人選手,日本,千葉県,player
"5100000063",ザック・モーア,Zack Moore,"699","34",2026-03-06 08:27:06.340 +0900,2026-08-24 16:12:23.925 +0900,,外国籍選手,日本,アメリカ合衆国,player
"5100000078",ブライス・ジョンソン,Brice Johnson,"696","5",2026-03-06 08:27:06.340 +0900,2026-08-24 16:12:23.925 +0900,,外国籍選手,アメリカ合衆国,アメリカ合衆国,player
"5100000080",ブランドン・ジャワト,Brandon Jawato,"728","13",2026-03-06 08:27:06.340 +0900,2026-08-24 16:12:23.925 +0900,,外国籍選手,インドネシア,インドネシア,player
"5100000083",ジェロード・ユトフ,Jarrod Uthoff,"699","1",2026-03-05 22:29:27.395 +0900,2026-08-24 16:12:23.925 +0900,,外国籍選手,アメリカ合衆国,アメリカ合衆国,player
"51000102",ドワイト・ラモス,Dwight Ramos,"702","2",2026-02-24 14:57:28.719 +0900,2026-08-24 16:12:23.925 +0900,"45852",外国籍選手,フィリピン,フィリピン,player
"12515",佐々 宜央,"","701","",2026-05-26 16:58:35.172 +0900,2026-05-27 14:48:11.700 +0900,,日本人選手,日本,,player
"51000108",星野 京介,Kyosuke Hoshino,"698","17",2026-02-24 14:57:28.719 +0900,2026-08-24 16:12:23.925 +0900,,日本人選手,日本,三重県,player
"51000109",小室 昂大,Takahiro Komuro,"699","56",2026-03-06 08:27:06.340 +0900,2026-08-24 16:12:23.925 +0900,,日本人選手,日本,栃木県,player
"51000122",石橋 侑磨,Yuma Ishibashi,"692","22",2026-02-24 14:57:28.719 +0900,2026-08-24 16:12:23.925 +0900,,日本人選手,日本,福岡県,player
"15805",ルー・アマンドソン,Lou Amundson,"727","17",2026-05-26 16:58:40.640 +0900,2026-06-02 18:04:51.356 +0900,,外国籍選手,アメリカ合衆国,アメリカ合衆国,player
"9053",呉屋　貴教,Takanori Goya,"696","21",2026-05-26 16:51:48.784 +0900,2026-06-02 18:04:52.889 +0900,,日本人選手,日本,沖縄県,player
"51000135",相原 アレクサンダー学,AlexanderGaku Aihara,"1638","36",2026-02-24 14:57:28.719 +0900,2026-08-24 16:12:23.925 +0900,,日本人選手,日本,東京都,player
"51000144",ネイサン・ブース,Nathan Boothe,"692","45",2026-02-24 14:57:28.719 +0900,2026-08-24 16:12:23.925 +0900,,外国籍選手,アメリカ合衆国,アメリカ合衆国,player
"22398",鈴木 龍雄,Tatsuo Suzuki,"753","58",2026-05-26 16:59:01.787 +0900,2026-06-02 18:04:52.889 +0900,,日本人選手,日本,沖縄県,player
"51000145",ケリー・ブラックシアー・ジュニア,Kerry BlackshearJr,"721","8",2026-02-24 14:57:28.719 +0900,2026-08-24 16:12:23.925 +0900,,外国籍選手,アメリカ合衆国,アメリカ合衆国,player
"12641",ギャレット・スタツ,Garrett Stutz,"721","41",2026-03-06 08:27:06.340 +0900,2026-03-06 08:27:06.340 +0900,,外国籍選手,アメリカ合衆国,アメリカ合衆国,player
"51000160",ヤンテ・メイテン,Yante Maten,"697","1",2026-02-24 14:57:28.719 +0900,2026-08-24 16:12:23.925 +0900,,外国籍選手,アメリカ合衆国,アメリカ合衆国,player
"51000161",ジェイコブ・ワイリー,Jacob Wiley,"698","0",2026-03-06 08:27:06.340 +0900,2026-08-24 16:12:23.925 +0900,,外国籍選手,アメリカ合衆国,アメリカ合衆国,player
"51000163",ケヴェ・アルマ,Keve Aluma,"701","12",2026-02-24 14:57:28.719 +0900,2026-08-24 16:12:23.925 +0900,,外国籍選手,アメリカ合衆国,アメリカ合衆国,player
"51000166",ヴィック・ロー,Vic Law,"701","4",2026-02-24 14:57:28.719 +0900,2026-08-24 16:12:23.925 +0900,,外国籍選手,アメリカ合衆国,アメリカ合衆国,player
"51000168",イヴァン・ブバ,Ivan Buva,"698","25",2026-03-05 22:29:27.395 +0900,2026-08-24 16:12:23.925 +0900,,外国籍選手,クロアチア,クロアチア,player
"51000173",ケーレブ・ターズースキー,Kaleb Tarczewski,"713","25",2026-02-24 14:57:28.719 +0900,2026-08-24 16:12:23.925 +0900,,外国籍選手,アメリカ合衆国,アメリカ合衆国,player
"51000180",トロイ・マーフィージュニア,Troy Murphy Jr.,"726","4",2026-02-24 14:57:28.719 +0900,2026-08-24 16:12:23.925 +0900,,日本人選手,日本,アメリカ合衆国,player
"51000361",元田 大陽,Taiyo Motoda,"693","12",2026-02-24 14:57:28.719 +0900,2026-08-24 16:12:23.925 +0900,,日本人選手,日本,石川県,player
"15845",ディジョン・トンプソン,Dijon Thompson,"702","12",2026-05-26 16:58:46.523 +0900,2026-06-02 18:04:51.615 +0900,,外国籍選手,アメリカ合衆国,アメリカ合衆国,player
"12514",ショーン・デニス,"","698","",2026-05-26 16:58:35.172 +0900,2026-06-02 18:04:54.215 +0900,,,オーストラリア,,player
"9426",ルーベン・ボイキン,Ruben Boykin,"726","41",2026-05-26 16:58:46.523 +0900,2026-06-02 18:04:51.747 +0900,,外国籍選手,アメリカ合衆国,アメリカ合衆国カリフォルニア州,player
"10845",成田 正弘,Masahiro Narita,"693","13",2026-05-26 16:58:52.170 +0900,2026-06-02 18:04:55.014 +0900,,日本人選手,日本,愛知県,player
"18396",デイビッド・ドブラス,David Doblas,"698","13",2026-03-06 08:32:08.441 +0900,2026-03-06 08:32:08.441 +0900,,外国籍選手,外国籍,スペイン,player
"8614",山本 柊輔,Shusuke Yamamoto,"697","2",2026-05-26 16:58:52.170 +0900,2026-06-02 18:04:55.014 +0900,,日本人選手,日本,静岡県,player
"18453",ジョゼ・ネト,Jose Neto,"702","",2026-05-26 16:58:52.170 +0900,2026-06-02 18:04:55.433 +0900,,,日本,,player
"15843",須田 昂太郎,Kotaro Suda,"703","8",2026-05-26 16:58:44.392 +0900,2026-06-02 18:04:56.208 +0900,,日本人選手,日本,北海道,player
"8544",下山 貴裕,Takahiro Shimoyama,"697","51",2026-05-26 16:58:52.170 +0900,2026-06-02 18:04:56.448 +0900,,日本人選手,日本,青森県,player
"18147",ドナルド・ベック,"","696","",2026-05-26 16:58:52.170 +0900,2026-06-02 18:04:56.533 +0900,,,日本,,player
"8648",落合 知也,Tomoya Ochiai,"703","91",2026-05-26 16:51:46.437 +0900,2026-06-02 18:04:55.433 +0900,,日本人選手,日本,東京都,player
"10257",内藤 健太,Kenta Naito,"718","35",2026-05-26 16:58:40.640 +0900,2026-08-24 16:12:23.925 +0900,,日本人選手,日本,大阪府,player
"12582",アレックス・カーク,Alex Kirk,"701","53",2026-02-24 14:57:28.719 +0900,2026-08-24 16:12:23.925 +0900,,帰化選手,日本,アメリカ合衆国,player
"15815",井上 宗一郎,Soichiro Inoue,"745","75",2026-02-24 14:57:28.719 +0900,2026-08-24 16:12:23.925 +0900,,日本人選手,日本,東京都,player
"9337",溝口 秀人,Shuto Mizoguchi,"702","0",2026-05-26 16:58:52.170 +0900,2026-06-02 18:04:57.140 +0900,,日本人選手,日本,福岡県,player
"18399",長野 誠史,Satoshi Nagano,"728","7",2026-02-24 14:57:28.719 +0900,2026-08-24 16:12:23.925 +0900,,日本人選手,日本,石川県,player
"18440",ジョシュ・ダンカン,Josh Duncan,"701","1",2026-03-06 08:27:06.340 +0900,2026-08-24 16:12:23.925 +0900,,外国籍選手,アメリカ合衆国,アメリカ合衆国,player
"9341",近 忍,Shinobu Kon,"699","13",2026-05-26 16:58:52.170 +0900,2026-06-02 18:04:57.344 +0900,,日本人選手,日本,新潟県,player
"22497",コー・フリッピン,Koh Flippin,"713","1",2026-02-24 14:57:28.719 +0900,2026-08-24 16:12:23.925 +0900,,日本人選手,日本,アメリカ合衆国,player
"9321",西 裕太郎,Yutaro Nishi,"698","1",2026-05-26 16:58:52.170 +0900,2026-06-02 18:04:55.780 +0900,,日本人選手,日本,アメリカ合衆国,player
"8542",下山 大地,Daichi Shimoyama,"693","8",2026-05-26 16:58:52.170 +0900,2026-06-02 18:04:55.780 +0900,,日本人選手,日本,青森県,player
"9313",薦田 拓也,Takuya Komoda,"753","8",2026-05-26 16:58:52.170 +0900,2026-06-02 18:04:55.842 +0900,,日本人選手,日本,福岡県,player
"5100000067",ジャスティン・ノックス,Justin Knox,"697","13",2026-05-26 16:59:34.571 +0900,2026-06-02 18:04:55.597 +0900,,外国籍選手,アメリカ合衆国,アメリカ合衆国,player
"18169",チャールズ・ガルシア,Charles García,"694","36",2026-05-26 16:58:52.170 +0900,2026-06-02 18:04:56.620 +0900,,外国籍選手,アメリカ合衆国,アメリカ合衆国,player
"51000106",ロバート・ドジャー,Robert Dozier,"729","00",2026-05-26 16:59:38.554 +0900,2026-06-02 18:04:57.280 +0900,,日本人選手,日本,福井県,player
"9385",モー・チャーロ,Mo Charlo,"699","22",2026-05-26 16:51:46.437 +0900,2026-06-02 18:04:57.305 +0900,,外国籍選手,アメリカ合衆国,米国,player
"51000098",ジェイコブス 晶,Akira Jacobs,"694","4",2026-05-26 16:59:34.571 +0900,2026-06-02 18:04:57.499 +0900,,日本人選手,日本,神奈川県,player
"18460",デビッド・サイモン,David Simon,"716","9",2026-03-05 22:29:27.395 +0900,2026-03-05 22:29:27.395 +0900,,外国籍選手,外国籍,アメリカ,player
"51000486",崎濱 秀斗,Shuto Sakihama,"701","17",2026-03-03 17:46:17.378 +0900,2026-03-03 17:46:17.378 +0900,,日本人選手,日本,沖縄県,player
"30463",ジャワラ ジョゼフ,Joseph Diawara,"745","8",2026-03-03 17:46:17.378 +0900,2026-03-03 17:46:17.378 +0900,,日本人選手,日本,東京都,player
"5100000082",コービー・パラス,Kobe Paras,"53000064","1",2026-03-06 08:42:09.497 +0900,2026-03-06 08:42:09.497 +0900,,外国籍選手,フィリピン,フィリピン,player
"18431",ガニ・ラワル,Gani Lawal,"698","31",2026-05-26 16:58:52.170 +0900,2026-06-02 18:04:55.597 +0900,,外国籍選手,外国籍,アメリカ合衆国,player
"8598",俊野 達彦,Tatsuhiko Toshino,"693","33",2026-05-26 16:58:52.170 +0900,2026-06-02 18:04:58.940 +0900,,日本人選手,日本,愛媛県,player
"12520",ジョゼップ・クラロス,"","693","",2026-05-26 16:58:52.170 +0900,2026-06-02 18:04:57.499 +0900,,,日本,,player
"12454",田渡 凌,Ryo Tawatari,"694","21",2026-05-26 16:58:35.172 +0900,2026-08-24 16:12:23.925 +0900,,日本人選手,日本,東京都,player
"14302",今村 佳太,Keita Imamura,"729","30",2026-03-03 17:25:04.626 +0900,2026-08-24 16:12:23.925 +0900,,日本人選手,日本,新潟県,player
"18172",ジャスティン・キーナン,Justin Keenan,"713","40",2026-03-06 08:27:06.340 +0900,2026-08-24 16:12:23.925 +0900,,外国籍選手,外国籍,アメリカ合衆国,player
"20000",綱井 勇介,Yusuke Tsunai,"727","20",2026-05-26 16:59:34.571 +0900,2026-06-02 18:04:59.188 +0900,,日本人選手,日本,大阪府,player
"18426",バーノン・マクリン,Vernon Macklin,"727","21",2026-05-26 16:58:52.170 +0900,2026-08-24 16:12:23.925 +0900,,外国籍選手,アメリカ合衆国,アメリカ,player
"18427",シェーン・エドワーズ,Shane Edwards,"727","31",2026-05-26 16:58:52.170 +0900,2026-08-24 16:12:23.925 +0900,,外国籍選手,アメリカ合衆国,アメリカ,player
"18166",マーキース・カミングス,Markeith Cummings,"698","2",2026-02-24 14:57:28.719 +0900,2026-02-24 14:57:28.719 +0900,,外国籍選手,アメリカ合衆国,アメリカ合衆国,player
"18459",ジャボン・マックレア,Javon Mccrea,"694","12",2026-05-26 16:58:52.170 +0900,2026-08-24 16:12:23.925 +0900,,外国籍選手,アメリカ合衆国,アメリカ合衆国,player
"15757",石井 峻平,Syunpei Ishii,"695","14",2026-05-26 16:58:52.170 +0900,2026-06-02 18:04:58.730 +0900,,日本人選手,日本,新潟県,player
"51000496",ドンテ・グランタム,Donte Grantham,"726","1",2026-03-03 17:46:17.378 +0900,2026-03-03 17:46:17.378 +0900,,外国籍選手,アメリカ合衆国,アメリカ合衆国,player
"30396",三谷 桂司朗,Keijiro Mitani,"721","34",2026-02-24 14:57:28.719 +0900,2026-08-24 16:12:23.925 +0900,,日本人選手,日本,広島県,player
"51000113",飯尾 文哉,Fumiya Iio,"700","22",2026-02-24 14:57:28.719 +0900,2026-08-24 16:12:23.925 +0900,"45864",日本人選手,日本,大阪府,player
"51000512",ジャレル・マーティン,Jarell Martin,"745","1",2026-03-03 17:46:17.378 +0900,2026-03-03 17:46:17.378 +0900,,外国籍選手,アメリカ合衆国,アメリカ合衆国,player
"51000137",上田 隼輔,Shunsuke Ueda,"696","20",2026-03-03 17:46:17.378 +0900,2026-08-24 16:12:23.925 +0900,"45863",日本人選手,日本,熊本県,player
"51000205",コーディ・デンプス,Cody Demps,"696","8",2026-03-06 08:27:06.340 +0900,2026-08-24 16:12:23.925 +0900,,外国籍選手,アメリカ合衆国,アメリカ合衆国,player
"51000209",スティーブ・ザック,Steve Zack,"693","00",2026-03-03 17:25:04.626 +0900,2026-08-24 16:12:23.925 +0900,,外国籍選手,アメリカ合衆国,アメリカ合衆国,player
"51000217",満尾 竜次,Ryuji Mitsuo,"717","16",2026-03-05 22:29:27.395 +0900,2026-08-24 16:12:23.925 +0900,,日本人選手,日本,兵庫県,player
"51000222",今西 優斗,Yuto Imanishi,"729","7",2026-02-24 14:57:28.719 +0900,2026-08-24 16:12:23.925 +0900,,日本人選手,日本,愛知県,player
"51000232",淺野 ケニー,Kenny Asano,"713","16",2026-03-03 17:25:04.626 +0900,2026-08-24 16:12:23.925 +0900,,日本人選手,日本,東京都,player
"8753",河合 竜児,Ryuji Kawai,"753","",2026-05-26 16:58:52.170 +0900,2026-05-27 14:48:11.700 +0900,,日本人選手,日本,,player
"18471",薄井 大樹,"","753","",2026-05-26 16:58:52.170 +0900,2026-05-27 14:48:11.700 +0900,,日本人選手,日本,,player
"51000234",島谷 怜,Ren Shimatani,"702","15",2026-02-24 14:57:28.719 +0900,2026-08-24 16:12:23.925 +0900,,日本人選手,日本,北海道,player
"51000236",湧川 颯斗,Hayato Wakugawa,"697","14",2026-02-24 14:57:28.719 +0900,2026-08-24 16:12:23.925 +0900,,日本人選手,日本,広島県,player
"51000259",カイ・ソット,Kai Sotto,"745","11",2026-03-05 22:32:07.128 +0900,2026-08-24 16:12:23.925 +0900,"45849",外国籍選手,フィリピン,フィリピン,player
"18842",内海　知秀,"","702","",2026-05-26 16:58:56.264 +0900,2026-05-27 14:48:11.700 +0900,,日本人選手,日本,,player
"51000268",アーロン・ヘンリー,Aaron Henry,"717","11",2026-03-03 17:25:04.626 +0900,2026-08-24 16:12:23.925 +0900,,外国籍選手,アメリカ合衆国,アメリカ合衆国,player
"51000271",デイビッド・ダジンスキー,David Dudzinski,"697","23",2026-02-24 14:57:28.719 +0900,2026-08-24 16:12:23.925 +0900,,外国籍選手,アメリカ合衆国,アメリカ合衆国,player
"51000287",ディー・ジェイ・ステフェンズ,D.J. Stephens,"704","20",2026-03-05 22:29:27.395 +0900,2026-08-24 16:12:23.925 +0900,,外国籍選手,アメリカ合衆国,アメリカ合衆国,player
"51000290",レオナルド・メインデル,Leonardo Meindl,"706","23",2026-02-24 14:57:28.719 +0900,2026-08-24 16:12:23.925 +0900,,外国籍選手,ブラジル,ブラジル,player
"51000291",アルトゥーラス・グダイティス,Arturas Gudaitis,"706","77",2026-02-24 14:57:28.719 +0900,2026-08-24 16:12:23.925 +0900,,外国籍選手,リトアニア,リトアニア,player
"51000292",トーマス・ウィンブッシュ,Thomas Wimbush,"727","20",2026-03-03 17:46:17.378 +0900,2026-08-24 16:12:23.925 +0900,,外国籍選手,アメリカ合衆国,アメリカ合衆国,player
"18430",グラント・ジェレット,Grant Jerrett,"703","34",2026-02-24 14:57:28.719 +0900,2026-02-24 14:57:28.719 +0900,,外国籍選手,アメリカ合衆国,アメリカ合衆国,player
"9435",カイル・リチャードソン,Kyle Richardson,"729","34",2026-03-03 17:46:17.378 +0900,2026-03-03 17:46:17.378 +0900,,帰化選手,日本,アメリカ合衆国,player
"51000497",ディディ・ロウザダ,Didi Louzada,"726","0",2026-08-18 18:07:46.571 +0900,2026-08-18 18:07:46.571 +0900,,外国籍選手,ブラジル,ブラジル,player
"18479",ケネディ・ミークス,Kennedy Meeks,"702","1",2026-05-26 16:58:54.268 +0900,2026-06-02 18:04:59.263 +0900,,外国籍選手,外国籍,アメリカ,player
"51000133",岡島 和真,Kazuma Okajima,"692","3",2026-03-03 17:46:17.378 +0900,2026-03-03 17:46:17.378 +0900,,日本人選手,日本,静岡県,player
"10878",保岡 龍斗,Ryuto Yasuoka,"717","23",2026-02-24 14:57:28.719 +0900,2026-08-24 16:12:23.925 +0900,,日本人選手,日本,埼玉県,player
"20022",髙橋 浩平,Kohei Takahashi,"695","10",2026-05-26 16:59:00.094 +0900,2026-06-02 18:05:00.888 +0900,,日本人選手,日本,新潟県,player
"8461",横江 豊,Yutaka Yokoe,"698","23",2026-05-26 16:51:46.437 +0900,2026-06-02 18:05:01.058 +0900,,日本人選手,日本,滋賀県,player
"8464",田中 大地,Daichi Tanaka,"698","8",2026-05-26 16:51:46.437 +0900,2026-06-02 18:05:01.060 +0900,,日本人選手,日本,東京都,player
"8761",菅原 洋介,Yousuke Sugawara,"698","13",2026-05-26 16:51:46.437 +0900,2026-06-02 18:05:01.250 +0900,,日本人選手,日本,北海道,player
"12587",ハッサン・マーティン,Hassan Martin,"720","12",2026-03-05 22:29:27.395 +0900,2026-08-24 16:12:23.925 +0900,,外国籍選手,アメリカ合衆国,アメリカ合衆国,player
"8465",樋口 大倫,Hironori Higuchi,"698","22",2026-05-26 16:51:46.437 +0900,2026-06-02 18:05:01.877 +0900,,日本人選手,日本,愛知県,player
"22394",内田 旦人,Akito Uchida,"699","15",2026-05-26 16:59:01.787 +0900,2026-06-02 18:05:01.983 +0900,,日本人選手,日本,北海道,player
"51000531",ジャレット・カルバー,Jarrett Culver,"692","8",2026-03-03 17:46:17.378 +0900,2026-03-03 17:46:17.378 +0900,,外国籍選手,アメリカ合衆国,アメリカ合衆国,player
"22395",長島 蓮,Nagashima Ren,"703","7",2026-05-26 16:59:01.787 +0900,2026-08-24 16:12:23.925 +0900,,日本人選手,日本,静岡県,player
"20019",鶴田 美勇士,Myuji Tsuruta,"699","10",2026-05-26 16:59:00.094 +0900,2026-06-02 18:05:02.100 +0900,,日本人選手,日本,長野県,player
"22399",アレン・ダーラム,Allen Durham,"1638","7",2026-03-04 12:25:39.414 +0900,2026-08-24 16:12:23.925 +0900,,外国籍選手,アメリカ合衆国,アメリカ合衆国,player
"8709",ジュリアン・マブンガ,Julian Mavunga,"703","32",2026-03-06 08:27:06.340 +0900,2026-03-06 08:27:06.340 +0900,,外国籍選手,ジンバブエ,ジンバブエ,player
"26912",ショーン・オマラ,Sean O'mara,"717","54",2026-02-24 14:57:28.719 +0900,2026-08-24 16:12:23.925 +0900,,外国籍選手,アメリカ合衆国,アメリカ合衆国,player
"51000530",セルジオ・エル ダーウィッチ,Sergio El Darwich,"692","9",2026-03-03 17:46:17.378 +0900,2026-03-03 17:46:17.378 +0900,,外国籍選手,レバノン,レバノン,player
"18474",ロバート・リー・ナッシュ,Robert Lee Nash,"753","",2026-05-26 16:58:54.268 +0900,2026-06-02 18:05:02.363 +0900,,,日本,,player
"51000398",サン シャオ,Siyao Sun,"712","24",2026-02-24 14:57:28.719 +0900,2026-02-24 14:57:28.719 +0900,,外国籍選手,中華人民共和国,中国,player
"51000536",ジャモルコ・ピケット,Jamorko Pickett,"717","0",2026-03-03 17:46:17.378 +0900,2026-03-03 17:46:17.378 +0900,,外国籍選手,アメリカ合衆国,アメリカ合衆国,player
"30526",渡辺 翔太,Shota Watanabe,"692","15",2026-02-24 14:57:28.719 +0900,2026-08-24 16:12:23.925 +0900,,日本人選手,日本,栃木県,player
"32995",アイザイア・マーフィー,Isaiah Murphy,"729","5",2026-02-24 14:57:28.719 +0900,2026-08-24 16:12:23.925 +0900,,日本人選手,日本,沖縄県,player
"51000130",アンソニー・ローレンス Ⅱ,Anthony Lawrence Ⅱ,"728","9",2026-03-06 08:27:06.340 +0900,2026-08-24 16:12:23.925 +0900,,外国籍選手,アメリカ合衆国,アメリカ合衆国,player
"51000502",須藤 タイレル拓,Tyrell Taku Sudo,"717","6",2026-03-03 17:46:17.378 +0900,2026-03-03 17:46:17.378 +0900,,日本人選手,日本,神奈川県,player
"51000380",神田 壮一郎,Soichiro Kanda,"717","17",2026-02-24 14:57:28.719 +0900,2026-02-24 14:57:28.719 +0900,,日本人選手,日本,山口県,player
"51000500",フランシス・ロペス,Francis Lopez,"717","20",2026-03-03 17:46:17.378 +0900,2026-03-03 17:46:17.378 +0900,,外国籍選手,フィリピン,フィリピン,player
"51000561",デイミアン・ドットソン,Damyean Dotson,"701","21",2026-03-03 17:46:17.378 +0900,2026-03-03 17:46:17.378 +0900,,外国籍選手,アメリカ合衆国,アメリカ合衆国,player
"51000264",アラン・ウィリアムズ,Alan Williams,"729","15",2026-03-03 17:46:17.378 +0900,2026-03-03 17:46:17.378 +0900,,外国籍選手,アメリカ合衆国,アメリカ合衆国,player
"51000564",深水 虎太郎,Kotaro Fukami,"704","13",2026-03-03 17:46:17.378 +0900,2026-03-03 17:46:17.378 +0900,,日本人選手,日本,愛媛県,player
"51000126",ピータージュニア・オコエ,Peter Junior Okoye,"697","22",2026-05-26 16:59:40.642 +0900,2026-06-02 18:05:00.817 +0900,,外国籍選手,ナイジェリア,ナイジェリア,player
"18846",アーサー・スティーブンソン,Arthur Stepheson,"694","33",2026-05-26 16:58:56.264 +0900,2026-06-02 18:05:01.752 +0900,,外国籍選手,外国籍,アメリカ合衆国,player
"22400",ヘンリー・ウォーカー,Henry Walker,"698","12",2026-05-26 16:59:01.787 +0900,2026-06-02 18:05:02.100 +0900,,外国籍選手,外国籍,アメリカ合衆国,player
"9419",鈴木　貴美一,"","728","",2026-05-26 16:51:46.437 +0900,2026-05-27 14:48:11.700 +0900,,日本人選手,日本,,player
"8664",ドリュー・ヴァイニー,Drew Viney,"696","33",2026-05-26 16:51:46.437 +0900,2026-06-02 18:05:02.333 +0900,,外国籍選手,アメリカ合衆国,カリフォルニア州,player
"20020",トレバー・ムバクウェ,Trevor Mbakwe,"700","21",2026-05-26 16:58:58.369 +0900,2026-06-02 18:05:02.333 +0900,,外国籍選手,アメリカ合衆国,アメリカ合衆国,player
"15834",半澤 凌太,Ryota Hanzawa,"692","23",2026-02-24 14:57:28.719 +0900,2026-08-24 16:12:23.925 +0900,,日本人選手,日本,福島県,player
"26891",ニック・パーキンズ,Nick Perkins,"2488","33",2026-03-05 22:29:27.395 +0900,2026-08-24 16:12:23.925 +0900,,外国籍選手,アメリカ合衆国,アメリカ合衆国,player
"51000191",ケルヴィン・マーティン,Kelvin Martin,"698","1",2026-03-06 08:27:06.340 +0900,2026-08-24 16:12:23.925 +0900,,外国籍選手,アメリカ合衆国,アメリカ合衆国,player
"25148",北原 秀明,Shumei Kitahara,"697","6",2026-05-26 16:59:07.135 +0900,2026-06-02 18:05:03.303 +0900,,日本人選手,日本,熊本県,player
"10824",會田 圭佑,Keisuke Aita,"699","1",2026-05-26 16:59:07.135 +0900,2026-06-02 18:05:03.797 +0900,,日本人選手,日本,茨城県,player
"51000294",ヴォーディミル・ゲルン,Volodymyr Gerun,"700","52",2026-02-24 14:57:28.719 +0900,2026-08-24 16:12:23.925 +0900,,外国籍選手,ウクライナ,ウクライナ,player
"51000304",ジャレル・ブラントリー,Jarrell Brantley,"2488","7",2026-02-24 14:57:28.719 +0900,2026-08-24 16:12:23.925 +0900,,外国籍選手,アメリカ合衆国,アメリカ合衆国,player
"51000307",市川 真人,Masato Ichikawa,"721","1",2026-02-24 14:57:28.719 +0900,2026-08-24 16:12:23.925 +0900,,日本人選手,日本,静岡県,player
"22402",秋山 皓太,Kota Akiyama,"694","22",2026-05-26 16:59:07.135 +0900,2026-06-02 18:05:04.034 +0900,,日本人選手,日本,新潟県,player
"9352",福田 真生,Mao Fukuda,"701","2",2026-05-26 16:59:07.135 +0900,2026-06-02 18:05:04.147 +0900,,日本人選手,日本,北海道,player
"25147",ブライアン・ロウサム,Brian Rowsom,"697","",2026-05-26 16:59:07.135 +0900,2026-06-02 18:05:04.260 +0900,,,日本,,player
"51000315",ロバート・ベイカー,Robert Baker,"693","8",2026-03-05 22:29:27.395 +0900,2026-08-24 16:12:23.925 +0900,,外国籍選手,アメリカ合衆国,アメリカ合衆国,player
"51000318",ダラル・ウィリス ジュニア,Darral Willis JR,"702","21",2026-03-05 22:29:27.395 +0900,2026-08-24 16:12:23.925 +0900,,外国籍選手,アメリカ合衆国,アメリカ合衆国,player
"27047",河内　修斗,"","697","",2026-05-26 16:59:09.162 +0900,2026-05-27 14:48:11.700 +0900,,日本人選手,日本,,player
"51000335",タナー・ライスナー,Paul Tanner Leissner,"693","15",2026-02-24 14:57:28.719 +0900,2026-08-24 16:12:23.925 +0900,,外国籍選手,アメリカ合衆国,アメリカ合衆国,player
"51000341",力久 嵩彪,Taiga Rikihisa,"1638","13",2026-03-05 18:16:30.233 +0900,2026-08-24 16:12:23.925 +0900,,日本人選手,日本,佐賀県,player
"18429",大崎 裕太,Yuta Osaki,"2486","16",2026-03-03 17:46:17.378 +0900,2026-03-03 17:46:17.378 +0900,,日本人選手,日本,茨城県,player
"51000349",木林 優,Yu Kibayashi,"2488","8",2026-02-24 14:57:28.719 +0900,2026-08-24 16:12:23.925 +0900,,日本人選手,日本,東京都,player
"51000350",菊地 広人,Hiroto Kikuchi,"702","6",2026-02-24 14:57:28.719 +0900,2026-08-24 16:12:23.925 +0900,,日本人選手,日本,北海道,player
"51000353",内尾 聡理,Sori Uchio,"717","18",2026-02-24 14:57:28.719 +0900,2026-08-24 16:12:23.925 +0900,,日本人選手,日本,福岡県,player
"51000391",アリゼ・ジョンソン,Alize Johnson,"727","24",2026-02-24 14:57:28.719 +0900,2026-08-24 16:12:23.925 +0900,,外国籍選手,アメリカ合衆国,アメリカ合衆国,player
"51000392",サッシャ・キリヤ・ジョーンズ,Sacha Killeya-Jones,"727","3",2026-02-24 14:57:28.719 +0900,2026-08-24 16:12:23.925 +0900,,外国籍選手,アメリカ合衆国,アメリカ合衆国,player
"51000438",オルフェミ・オルジョビ,Olufemi Olujobi,"717","0",2026-03-03 17:25:04.626 +0900,2026-08-24 16:12:23.925 +0900,,外国籍選手,アメリカ合衆国,アメリカ合衆国,player
"32997",エリック・マーフィー,Erik Murphy,"727","1",2026-03-05 22:29:27.395 +0900,2026-03-05 22:29:27.395 +0900,,外国籍選手,フィンランド,アメリカ合衆国,player
"51000440",富山 仁貴,Toshiki Tomiyama,"1638","21",2026-03-03 17:25:04.626 +0900,2026-08-24 16:12:23.925 +0900,,日本人選手,日本,兵庫県,player
"51000441",山内 ジャヘル琉人,Jaheru Ryuto Yamauchi,"727","45",2026-03-03 17:25:04.626 +0900,2026-08-24 16:12:23.925 +0900,,日本人選手,日本,沖縄県,player
"18423",天日 謙作,Kensaku Tennichi,"700","",2026-05-26 16:59:07.135 +0900,2026-05-27 14:48:11.700 +0900,,日本人選手,日本,,player
"51000443",平松 克樹,Katsuki Hiramatsu,"717","12",2026-03-03 17:25:04.626 +0900,2026-08-24 16:12:23.925 +0900,,日本人選手,日本,福岡県,player
"51000480",タナー・グローヴス,Tanner Groves,"2488","22",2026-03-03 17:46:17.378 +0900,2026-08-24 16:12:23.925 +0900,,外国籍選手,アメリカ合衆国,アメリカ合衆国,player
"55000162",大森 康瑛,Kouei Omori,"726","77",2026-02-24 14:57:28.719 +0900,2026-08-24 16:12:23.925 +0900,,日本人選手,日本,東京都,player
"55000969",小川 莞大,Kanta Ogawa,"729","4",2026-03-03 17:46:17.378 +0900,2026-08-24 16:12:23.925 +0900,,日本人選手,日本,愛知県,player
"8447",ベンドラメ 礼生,Leo Vendrame,"726","9",2026-02-24 14:57:28.719 +0900,2026-08-24 16:12:23.925 +0900,,日本人選手,日本,福岡県,player
"51000176",ジャスティン・コブス,Justin Cobbs,"706","1",2026-03-06 08:27:06.340 +0900,2026-03-06 08:27:06.340 +0900,,外国籍選手,アメリカ合衆国,アメリカ合衆国,player
"12581",オースティン・ダフォー,Austin Dufault,"695","15",2026-05-26 16:58:35.172 +0900,2026-06-02 18:04:46.112 +0900,,外国籍選手,アメリカ合衆国,アメリカ ノースダコタ州,player
"51000159",ジョナサン・ウィリアムズ,Johnathan Williams,"717","14",2026-03-03 17:25:04.626 +0900,2026-03-03 17:25:04.626 +0900,,外国籍選手,アメリカ合衆国,アメリカ合衆国,player
"5100000064",青木 龍史,Ryuji Aoki,"700","1",2026-05-26 16:59:34.571 +0900,2026-05-27 14:48:11.700 +0900,,日本人選手,日本,日本,player
"9331",セドリック・ボーズマン,Cedric Bozeman,"703","13",2026-05-26 16:58:35.172 +0900,2026-06-02 18:04:49.763 +0900,,外国籍選手,アメリカ合衆国,アメリカ,player
"22522",ペリー・エリス,Perry Ellis,"700","34",2026-05-26 16:59:34.571 +0900,2026-06-02 18:04:49.856 +0900,,外国籍選手,アメリカ合衆国,アメリカ合衆国,player
"12584",グレッグ・スミス,Greg Smith,"700","9",2026-05-26 16:58:35.172 +0900,2026-06-02 18:04:49.856 +0900,,外国籍選手,アメリカ合衆国,アメリカ合衆国,player
"9089",コナー・ラマート,Connor Lammert,"718","21",2026-05-26 16:58:35.172 +0900,2026-06-02 18:04:49.864 +0900,,外国籍選手,アメリカ合衆国,アメリカ,player
"12591",バンバ ・ジュフ,Bamba Diouf,"727","23",2026-05-26 16:58:35.172 +0900,2026-06-02 18:04:49.988 +0900,,帰化選手,日本,セネガル,player
"12508",ブランデン・ドーソン,Branden Dawson,"726","23",2026-05-26 16:58:36.644 +0900,2026-06-02 18:04:50.321 +0900,,外国籍選手,アメリカ合衆国,アメリカ合衆国,player
"8844",ジョシュ・デービス,Josh Davis,"727","00",2026-05-26 16:58:35.172 +0900,2026-06-02 18:04:50.447 +0900,,外国籍選手,アメリカ合衆国,アメリカ,player
"9372",マーカリ・サンダース・フリソン,Markhuri Sanders Frison,"726","10",2026-05-26 16:59:00.094 +0900,2026-06-02 18:05:03.115 +0900,,外国籍選手,外国籍,アメリカ,player
"18397",ミルコ・ビエリツァ,Milko Bjelica,"706","51",2026-05-26 16:58:52.170 +0900,2026-06-02 18:05:03.137 +0900,,外国籍選手,外国籍,セルビア,player
"15826",飯田 遼,Ryo Iida,"727","17",2026-02-24 14:57:28.719 +0900,2026-08-24 16:12:23.925 +0900,,日本人選手,日本,長野県,player
"25267",ハビエル・カーター,Javier Carter,"693","32",2026-02-24 14:57:28.719 +0900,2026-08-24 16:12:23.925 +0900,,外国籍選手,アメリカ合衆国,アメリカ合衆国,player
"5100000030",植松 義也,Yoshiya Uematsu,"701","8",2026-02-24 14:57:28.719 +0900,2026-08-24 16:12:23.925 +0900,,日本人選手,日本,神奈川県,player
"5100000059",マット・ジャニング,Matt Janning,"727","23",2026-03-06 08:27:06.340 +0900,2026-08-24 16:12:23.925 +0900,,外国籍選手,アメリカ合衆国,アメリカ合衆国,player
"51000164",マイケル・ヤングジュニア,Michael Young Jr,"727","2",2026-03-06 08:27:06.340 +0900,2026-08-24 16:12:23.925 +0900,,外国籍選手,アメリカ合衆国,アメリカ合衆国,player
"32954",税所 寛,Kan Saisho,"701","15",2026-05-26 16:59:16.256 +0900,2026-06-02 18:05:05.518 +0900,,日本人選手,日本,沖縄県,player
"51000165",カイル・オクイン,Kyle O'Quinn,"728","6",2026-03-06 08:27:06.340 +0900,2026-08-24 16:12:23.925 +0900,,外国籍選手,アメリカ合衆国,アメリカ合衆国,player
"51000491",伊久江 ロイ英輝,Roy Hideki Igwe,"727","2",2026-03-03 17:46:17.378 +0900,2026-03-03 17:46:17.378 +0900,,日本人選手,日本,東京都,player
"51000175",モリス・ンドゥール,Maurice Ndour,"729","5",2026-03-06 08:27:06.340 +0900,2026-08-24 16:12:23.925 +0900,,外国籍選手,セネガル,セネガル,player
"51000187",マシュー・ライト,Matthew Wright,"727","35",2026-02-24 14:57:28.719 +0900,2026-08-24 16:12:23.925 +0900,"45859",外国籍選手,フィリピン,カナダ,player
"51000374",ルーク・メイ,Luke Maye,"729","32",2026-02-24 14:57:28.719 +0900,2026-08-24 16:12:23.925 +0900,,外国籍選手,アメリカ合衆国,アメリカ合衆国,player
"8450",広瀬 健太,Kenta Hirose,"726","24",2026-05-26 16:51:46.437 +0900,2026-08-24 16:12:23.925 +0900,,日本人選手,日本,島根県,player
"30514",山本 浩太,Kota Yamamoto,"728","10",2026-05-26 16:59:14.716 +0900,2026-06-02 18:05:05.705 +0900,,日本人選手,日本,和歌山県,player
"8451",藤髙 宗一郎,Soichiro Fujitaka,"700","3",2026-05-26 16:51:46.437 +0900,2026-08-24 16:12:23.925 +0900,,日本人選手,日本,奈良県,player
"8452",アイラ・ブラウン,Ira Brown,"704","50",2026-02-24 14:57:28.719 +0900,2026-08-24 16:12:23.925 +0900,,帰化選手,日本,アメリカ合衆国,player
"30394",今村 拓夢,Takumu Imamura,"700","24",2026-05-26 16:59:10.952 +0900,2026-06-02 18:05:05.768 +0900,,日本人選手,日本,静岡県,player
"15855",神里 和,Nagomu Kamizato,"720","75",2026-05-26 16:59:07.135 +0900,2026-06-02 18:05:05.923 +0900,,日本人選手,日本,沖縄県,player
"8531",坂田 央,Ataru Sakata,"720","7",2026-05-26 16:59:07.135 +0900,2026-06-02 18:05:06.077 +0900,,日本人選手,日本,東京都,player
"8659",新城 真司,Shinji Arashiro,"701","40",2026-05-26 16:51:46.437 +0900,2026-06-02 18:05:06.156 +0900,,日本人選手,日本,沖縄県,player
"8456",小島 元基,Genki Kojima,"726","10",2026-03-03 17:25:04.626 +0900,2026-08-24 16:12:23.925 +0900,,日本人選手,日本,茨城県,player
"8467",安藤 誓哉,Seiya Ando,"720","3",2026-02-24 14:57:28.719 +0900,2026-08-24 16:12:23.925 +0900,,日本人選手,日本,東京都,player
"22496",今川 友哲,Tomonori Imagawa,"698","11",2026-05-26 16:59:07.135 +0900,2026-06-02 18:05:06.758 +0900,,日本人選手,日本,大阪府,player
"8468",田口 成浩,Shigehiro Taguchi,"693","5",2026-02-24 14:57:28.719 +0900,2026-08-24 16:12:23.925 +0900,,日本人選手,日本,秋田県,player
"22495",前田　顕蔵,"","693","",2026-05-26 16:59:07.135 +0900,2026-05-27 14:48:11.700 +0900,,日本人選手,日本,,player
"30467",福田 将吾,"","694","",2026-05-26 16:59:14.716 +0900,2026-05-27 14:48:11.700 +0900,,日本人選手,日本,,player
"51000170",ティージェー・ロール,TJ Lall,"699","8",2026-03-06 08:27:06.340 +0900,2026-03-06 08:27:06.340 +0900,,外国籍選手,カナダ,カナダ,player
"9340",チェハーレス・タプスコット,Chehales Tapscott,"699","11",2026-02-24 14:57:28.719 +0900,2026-02-24 14:57:28.719 +0900,,外国籍選手,アメリカ合衆国,アメリカ合衆国,player
"5100000060",レイトン・ハモンズ,Leyton Hammonds,"694","2",2026-05-26 16:59:34.571 +0900,2026-06-02 18:04:51.356 +0900,,外国籍選手,アメリカ合衆国,アメリカ合衆国,player
"30466",佐藤 誠人,Makoto Sato,"713","14",2026-03-03 17:46:17.378 +0900,2026-03-03 17:46:17.378 +0900,,日本人選手,日本,新潟県,player
"12578",ランデン・ルーカス,Landen Lucas,"706","9",2026-05-26 16:58:35.172 +0900,2026-06-02 18:04:51.410 +0900,,外国籍選手,アメリカ合衆国,アメリカ,player
"15847",コートニー・シムズ,Courtney Sims,"728","44",2026-05-26 16:58:46.523 +0900,2026-06-02 18:04:52.016 +0900,,外国籍選手,アメリカ合衆国,アメリカ合衆国,player
"12585",ディオール・フィッシャー,D'or Fischer,"698","40",2026-05-26 16:58:35.172 +0900,2026-06-02 18:04:52.430 +0900,,外国籍選手,アメリカ合衆国,アメリカ合衆国,player
"12523",カルティエ・マーティン,Cartier Martin,"697","20",2026-05-26 16:58:36.644 +0900,2026-06-02 18:04:52.737 +0900,,外国籍選手,アメリカ合衆国,アメリカ,player
"15809",ジャミール・マッケイ,Mckay Jameel,"720","12",2026-05-26 16:58:42.805 +0900,2026-06-02 18:04:52.737 +0900,,外国籍選手,アメリカ合衆国,アメリカ,player
"9487",ローレンス・ブラックレッジ,Lawrence Blackledge,"699","21",2026-05-26 16:58:38.675 +0900,2026-06-02 18:04:52.772 +0900,,外国籍選手,アメリカ合衆国,アメリカ合衆国,player
"26938",ラシャーン・ホロウェイ,Rashaan Holloway,"699","45",2026-05-26 16:59:07.135 +0900,2026-06-02 18:05:05.190 +0900,,外国籍選手,外国籍,アメリカ合衆国,player
"51000203",ジェイ・ワシントン,Jay Washington,"701","42",2026-03-06 08:27:06.340 +0900,2026-03-06 08:27:06.340 +0900,,外国籍選手,フィリピン,フィリピン,player
"9329",渡辺 竜之佑,Ryunosuke Watanabe,"699","16",2026-03-03 17:46:17.378 +0900,2026-03-03 17:46:17.378 +0900,,日本人選手,日本,沖縄県,player
"33039",アンガス・ブラント,Angus Brandt,"716","26",2026-03-05 22:29:27.395 +0900,2026-03-05 22:29:27.395 +0900,,外国籍選手,オーストラリア,オーストラリア,player
"12507",ジャスティン・レイノルズ,Justin Reynolds,"702","6",2026-05-26 16:58:40.640 +0900,2026-08-24 16:12:23.925 +0900,,外国籍選手,アメリカ合衆国,アメリカ,player
"51000312",ザック・オーガスト,Zach Auguste,"698","0",2026-02-24 14:57:28.719 +0900,2026-02-24 14:57:28.719 +0900,,外国籍選手,ギリシャ,アメリカ合衆国,player
"12595",マーク・トラソリーニ,Marc Trasolini,"702","15",2026-05-26 16:58:35.172 +0900,2026-08-24 16:12:23.925 +0900,,外国籍選手,カナダ,カナダ,player
"9464",貝沼　雄介,Yusuke Kainuma,"702","42",2026-05-26 16:51:50.282 +0900,2026-06-02 18:05:08.308 +0900,,日本人選手,日本,千葉県,player
"18398",ライアン・ケリー,Ryan Kelly,"726","34",2026-03-05 22:29:27.395 +0900,2026-08-24 16:12:23.925 +0900,,外国籍選手,アメリカ合衆国,アメリカ合衆国,player
"19998",盛實 海翔,Kaito Morizane,"726","44",2026-02-24 14:57:28.719 +0900,2026-08-24 16:12:23.925 +0900,,日本人選手,日本,埼玉県,player
"8515",鵜澤 潤,Jun Uzawa,"695","11",2026-05-26 16:51:46.437 +0900,2026-06-02 18:05:07.877 +0900,,日本人選手,日本,千葉県,player
"20017",ケビン・ジョーンズ,Kevin Jones,"726","21",2026-02-24 14:57:28.719 +0900,2026-08-24 16:12:23.925 +0900,,外国籍選手,アメリカ合衆国,アメリカ合衆国,player
"51000516",ダリアス・デイズ,Darius Days,"697","4",2026-03-03 17:46:17.378 +0900,2026-03-03 17:46:17.378 +0900,,外国籍選手,アメリカ合衆国,アメリカ合衆国,player
"8667",武井 弘明,Hiroaki Takei,"716","13",2026-05-26 16:59:18.958 +0900,2026-06-02 18:05:08.005 +0900,,日本人選手,日本,長野県,player
"30405",モッチ ラミン,Lamine Mbodj,"1638","15",2026-02-24 14:57:28.719 +0900,2026-08-24 16:12:23.925 +0900,,帰化選手,日本,セネガル,player
"51000153",ラショーン・トーマス,Rashawn Thomas,"692","25",2026-03-05 22:29:27.395 +0900,2026-08-24 16:12:23.925 +0900,,外国籍選手,アメリカ合衆国,アメリカ合衆国,player
"51000278",ティム・ソアレス,Tim Soares,"745","10",2026-02-24 14:57:28.719 +0900,2026-08-24 16:12:23.925 +0900,,外国籍選手,アメリカ合衆国,ブラジル,player
"8615",村上 駿斗,Shunto Murakami,"698","1",2026-05-26 16:59:18.958 +0900,2026-06-02 18:05:08.725 +0900,,日本人選手,日本,山形県,player
"9348",古野 拓巳,Takumi Furuno,"721","30",2026-05-26 16:59:18.958 +0900,2026-06-02 18:05:08.806 +0900,,日本人選手,日本,福岡県,player
"22483",佐藤　賢次,"","727","",2026-05-26 16:59:07.135 +0900,2026-05-27 14:48:11.700 +0900,,日本人選手,日本,,player
"51000317",ヨーリ・チャイルズ,Yoeli Childs,"1638","23",2026-02-24 14:57:28.719 +0900,2026-08-24 16:12:23.925 +0900,,外国籍選手,アメリカ合衆国,アメリカ合衆国,player
"51000454",根本 大,Dai Nemoto,"697","20",2026-03-03 17:46:17.378 +0900,2026-08-24 16:12:23.925 +0900,,日本人選手,日本,茨城県,player
"8470",谷口 大智,Daichi Taniguchi,"720","55",2026-02-24 14:57:28.719 +0900,2026-08-24 16:12:23.925 +0900,,日本人選手,日本,奈良県,player
"8482",藤井 祐眞,Yuma Fujii,"713","0",2026-02-24 14:57:28.719 +0900,2026-08-24 16:12:23.925 +0900,,日本人選手,日本,島根県,player
"8483",晴山 ケビン,Kevin Hareyama,"720","32",2026-02-24 14:57:28.719 +0900,2026-08-24 16:12:23.925 +0900,,日本人選手,日本,岩手県,player
"8484",篠山 竜青,Ryusei Shinoyama,"727","7",2026-02-24 14:57:28.719 +0900,2026-08-24 16:12:23.925 +0900,,日本人選手,日本,神奈川県,player
"19755",富永 啓生,Keisei Tominaga,"702","30",2026-03-03 17:46:17.378 +0900,2026-03-03 17:46:17.378 +0900,,日本人選手,日本,愛知県,player
"8486",野本 建吾,Kengo Nomoto,"713","11",2026-02-24 14:57:28.719 +0900,2026-08-24 16:12:23.925 +0900,,日本人選手,日本,兵庫県,player
"8487",辻 直人,Naoto Tsuji,"713","9",2026-02-24 14:57:28.719 +0900,2026-08-24 16:12:23.925 +0900,,日本人選手,日本,大阪府,player
"8488",谷口 光貴,Hiroki Taniguchi,"727","15",2026-03-03 17:46:17.378 +0900,2026-08-24 16:12:23.925 +0900,,日本人選手,日本,奈良県,player
"51000479",陳岡 流羽,Ru Jingaoka,"712","10",2026-03-03 17:46:17.378 +0900,2026-03-03 17:46:17.378 +0900,,日本人選手,日本,茨城県,player
"12586",オマール・サムハン,Omar Samhan,"698","50",2026-05-26 16:58:35.172 +0900,2026-06-02 18:04:52.956 +0900,,外国籍選手,アメリカ合衆国,アメリカ合衆国,player
"55000970",梶原 悠真,Yuma Kajiwara,"698","15",2026-03-03 17:46:17.378 +0900,2026-03-03 17:46:17.378 +0900,,日本人選手,日本,滋賀県,player
"55000174",松下 湊人,Minato Matsushita,"53000073","13",2026-03-05 22:32:07.128 +0900,2026-05-27 14:48:11.700 +0900,,日本人選手,日本,日本,player
"55000463",中田 直斗,Naoto Nakata,"53000073","14",2026-03-05 22:32:07.128 +0900,2026-05-27 14:48:11.700 +0900,,日本人選手,日本,日本,player
"55000826",大越 海藍,Kai Ogoshi,"53000073","15",2026-03-05 22:32:07.128 +0900,2026-05-27 14:48:11.700 +0900,,日本人選手,日本,日本,player
"55000571",松尾 和,Yamato Matsuo,"53000063","15",2026-03-05 22:32:07.128 +0900,2026-05-27 14:48:11.700 +0900,,日本人選手,日本,日本,player
"15812",ベンキー・ジョイス,Venky Jois,"698","55",2026-05-26 16:58:42.805 +0900,2026-06-02 18:04:53.220 +0900,,外国籍選手,オーストラリア,オーストラリア,player
"55000576",倉光 晴,Haru Kuramitsu,"53000062","10",2026-03-05 22:32:07.128 +0900,2026-05-27 14:48:11.700 +0900,,日本人選手,日本,日本,player
"15848",アル・ソーントン,Al Thornton,"720","12",2026-05-26 16:58:46.523 +0900,2026-06-02 18:04:53.415 +0900,,外国籍選手,アメリカ合衆国,アメリカ,player
"8547",西山 達哉,Tatsuya Nishiyama,"716","8",2026-05-26 16:59:18.958 +0900,2026-06-02 18:05:11.928 +0900,,日本人選手,日本,神奈川県,player
"9064",増子 匠,Takumi Masuko,"716","21",2026-05-26 16:59:18.958 +0900,2026-06-02 18:05:11.986 +0900,,日本人選手,日本,埼玉県,player
"26917",テレンス・キング,Terrance King,"698","23",2026-03-06 08:32:08.441 +0900,2026-03-06 08:32:08.441 +0900,,外国籍選手,外国籍,アメリカ,player
"5100000057",デビン・オリバー,Devin Oliver,"694","15",2026-03-05 22:29:27.395 +0900,2026-03-05 22:29:27.395 +0900,,外国籍選手,アメリカ合衆国,アメリカ合衆国,player
"33035",パトリック・アウダ,Patrik Auda,"694","1",2026-03-03 17:25:04.626 +0900,2026-03-03 17:25:04.626 +0900,,外国籍選手,チェコ,チェコ,player
"12577",馬場 雄大,Yudai Baba,"2488","18",2026-02-24 14:57:28.719 +0900,2026-08-24 16:12:23.925 +0900,,日本人選手,日本,富山県,player
"8758",澤地　サミュエルJr.,Sawaji Samuel Jr.,"698","54",2026-05-26 16:58:35.172 +0900,2026-06-02 18:04:53.725 +0900,,日本人選手,日本,神奈川県,player
"32978",大矢 孝太朗,Kotaro Ohya,"695","3",2026-05-26 16:59:18.958 +0900,2026-06-02 18:05:12.075 +0900,,日本人選手,日本,新潟県,player
"12596",ハーバート・ヒル,Herbert Hill,"718","5",2026-05-26 16:58:42.805 +0900,2026-08-24 16:12:23.925 +0900,,外国籍選手,アメリカ合衆国,アメリカ,player
"9030",二ノ宮 康平,Kohei Ninomiya,"698","8",2026-05-26 16:51:46.437 +0900,2026-06-02 18:04:53.774 +0900,,日本人選手,日本,埼玉県,player
"8693",浜口 炎,"","699","",2026-05-26 16:51:46.437 +0900,2026-05-27 14:48:11.700 +0900,,日本人選手,日本,,player
"51000343",江原 信太朗,Shintaro Ehara,"698","25",2026-02-24 14:57:28.719 +0900,2026-02-24 14:57:28.719 +0900,,日本人選手,日本,神奈川県,player
"15756",阿部 諒,Ryo Abe,"726","17",2026-02-24 14:57:28.719 +0900,2026-08-24 16:12:23.925 +0900,,日本人選手,日本,千葉県,player
"15849",ダシルバ　ヒサシ,Hisashi Da Silva,"697","12",2026-05-26 16:58:46.523 +0900,2026-08-24 16:12:23.925 +0900,,日本人選手,日本,静岡県,player
"18148",寺園 脩斗,Shuto Terazono,"702","4",2026-02-24 14:57:28.719 +0900,2026-08-24 16:12:23.925 +0900,,日本人選手,日本,宮崎県,player
"20018",増田 啓介,Keisuke Masuda,"727","11",2026-03-05 22:29:27.395 +0900,2026-08-24 16:12:23.925 +0900,,日本人選手,日本,静岡県,player
"20031",中野 司,Tsukasa Nakano,"702","7",2026-02-24 14:57:28.719 +0900,2026-08-24 16:12:23.925 +0900,,日本人選手,日本,兵庫県,player
"26890",ニック・メイヨ,Nick Mayo,"721","24",2026-02-24 14:57:28.719 +0900,2026-08-24 16:12:23.925 +0900,,帰化選手,日本,アメリカ合衆国,player
"9267",井上 裕介,Yusuke Inoue,"716","7",2026-05-26 16:59:18.958 +0900,2026-06-02 18:05:11.825 +0900,,日本人選手,日本,滋賀県,player
"30522",鈴木 悠介,Yusuke Suzuki,"697","21",2026-03-03 16:36:27.495 +0900,2026-03-03 16:36:27.495 +0900,,日本人選手,日本,埼玉県,player
"51000345",菅原 佳依,Kai Sugawara,"745","28",2026-03-03 17:46:17.378 +0900,2026-03-03 17:46:17.378 +0900,,日本人選手,日本,岩手県,player
"5100000072",マイケル・クレイグ,Michael Craig,"699","23",2026-05-26 16:59:38.554 +0900,2026-06-02 18:04:53.876 +0900,,外国籍選手,アメリカ合衆国,アメリカ合衆国,player
"9035",アンドリュー・ネイミック,Andrew　Naymick,"703","12",2026-05-26 16:51:46.437 +0900,2026-06-02 18:04:54.107 +0900,,外国籍選手,外国籍,アメリカ合衆国,player
"15814",キース・ベンソン,Keith Benson,"700","34",2026-05-26 16:58:42.805 +0900,2026-06-02 18:04:54.275 +0900,,外国籍選手,アメリカ合衆国,アメリカ合衆国,player
"9461",エンジェル・ガルシア,Angel Garcia,"696","41",2026-05-26 16:51:46.437 +0900,2026-06-02 18:04:54.452 +0900,,外国籍選手,アメリカ合衆国,プエルトリコ,player
"9381",ジョーダン・バチンスキー,Jordan Bachynski,"702","13",2026-05-26 16:51:46.437 +0900,2026-06-02 18:04:54.566 +0900,,外国籍選手,カナダ,カナダ,player
"5100000086",ハビエル・ゴメス デ リアニョ,Javier Gomez de Liano,"712","22",2026-05-26 16:59:36.724 +0900,2026-06-02 18:04:54.604 +0900,,外国籍選手,フィリピン,フィリピン,player
"12663",ウィリアム・マクドナルド,William Mcdonald,"694","45",2026-05-26 16:58:38.675 +0900,2026-06-02 18:04:54.854 +0900,,外国籍選手,外国籍,アメリカ合衆国,player
"5100000007",ジョーダン・グリン,Jordan Glynn,"693","7",2026-05-26 16:59:34.571 +0900,2026-06-02 18:04:59.263 +0900,,外国籍選手,アメリカ合衆国,アメリカ合衆国,player
"19995",ブランドン・コストナー,brandon Costner,"694","34",2026-05-26 16:58:56.264 +0900,2026-06-02 18:04:59.305 +0900,,外国籍選手,アメリカ合衆国,アメリカ合衆国,player
"8661",長谷川　誠,"","693","",2026-05-26 16:51:46.437 +0900,2026-06-02 18:05:13.255 +0900,,日本人選手,日本,秋田県横手市,player
"9060",藤江　建典,Tatsunori Fujie,"693","18",2026-05-26 16:51:46.437 +0900,2026-06-02 18:05:13.330 +0900,,日本人選手,日本,福岡県,player
"10821",中村 太地,Taichi Nakamura,"728","1",2026-03-03 17:46:17.378 +0900,2026-08-24 16:12:23.925 +0900,,日本人選手,日本,山口県,player
"12605",高比良 寛治,Kanji Takahira,"2488","14",2026-02-24 14:57:28.719 +0900,2026-08-24 16:12:23.925 +0900,,日本人選手,日本,長崎県,player
"12637",ハンター・コート,Hunter Cort,"694","10",2026-05-26 16:58:52.170 +0900,2026-08-24 16:12:23.925 +0900,,日本人選手,日本,東京都,player
"18473",プリンス・イベ,Prince Ibeh,"694","11",2026-05-26 16:58:54.268 +0900,2026-08-24 16:12:23.925 +0900,,外国籍選手,アメリカ合衆国,アメリカ合衆国,player
"30399",納見 悠仁,Yuto Nohmi,"720","21",2026-02-24 14:57:28.719 +0900,2026-08-24 16:12:23.925 +0900,,日本人選手,日本,神奈川県,player
"8843",ウェイン・マーシャル,Wayne Marshall,"716","50",2026-03-05 22:29:27.395 +0900,2026-03-05 22:29:27.395 +0900,,外国籍選手,アメリカ合衆国,アメリカ合衆国,player
"32992",ジェームズ・マイケル・マカドゥ,James Michael McAdoo,"720","14",2026-02-24 14:57:28.719 +0900,2026-08-24 16:12:23.925 +0900,,外国籍選手,アメリカ合衆国,アメリカ合衆国,player
"33091",カイル・コリンズワース,Kyle Collinsworth,"697","55",2026-03-06 08:27:06.340 +0900,2026-08-24 16:12:23.925 +0900,,外国籍選手,アメリカ合衆国,アメリカ合衆国,player
"51000118",宮本 一樹,Kazuki Miyamoto,"696","7",2026-03-03 17:25:04.626 +0900,2026-03-03 17:25:04.626 +0900,,日本人選手,日本,神奈川県,player
"51000132",横地 聖真,Seishin Yokochi,"720","17",2026-03-04 12:25:39.414 +0900,2026-08-24 16:12:23.925 +0900,,日本人選手,日本,愛知県,player
"18171",紺野 ニズベット 翔,Shou Nisbet,"698","10",2026-05-26 16:58:52.170 +0900,2026-06-02 18:04:59.305 +0900,,日本人選手,日本,ニュージーランド,player
"51000148",スタントン・キッド,Stanton Kidd,"692","7",2026-02-24 14:57:28.719 +0900,2026-08-24 16:12:23.925 +0900,,外国籍選手,アメリカ合衆国,アメリカ合衆国,player
"10834",アンドリュー・ランダル,Andrew Randall,"717","33",2026-03-03 17:46:17.378 +0900,2026-03-03 17:46:17.378 +0900,,外国籍選手,アメリカ合衆国,アメリカ合衆国,player
"51000157",アイゼイア・ヒックス,Isaiah Hicks,"697","4",2026-03-06 08:27:06.340 +0900,2026-08-24 16:12:23.925 +0900,,外国籍選手,アメリカ合衆国,アメリカ合衆国,player
"51000177",榎田 拓真,Takuma Enokida,"745","36",2026-02-24 14:57:28.719 +0900,2026-08-24 16:12:23.925 +0900,,日本人選手,日本,鹿児島県,player
"12658",飯田 鴻朗,Hirotoki Iida,"745","49",2026-02-24 14:57:28.719 +0900,2026-02-24 14:57:28.719 +0900,,日本人選手,日本,東京都,player
"8735",高橋　憲一,Kenichi Takahashi,"693","16",2026-05-26 16:51:46.437 +0900,2026-06-02 18:05:12.781 +0900,,日本人選手,日本,秋田県,player
"8514",石崎 巧,Takumi Ishizaki,"701","0",2026-05-26 16:51:46.437 +0900,2026-06-02 18:05:12.959 +0900,,日本人選手,日本,福井県,player
"8466",水町 亮介,Ryosuke Mizumachi,"693","2",2026-05-26 16:51:46.437 +0900,2026-06-02 18:05:13.240 +0900,,日本人選手,日本,佐賀県,player
"19997",マーカス・ブレイクリー,Marqus Blakely,"753","23",2026-05-26 16:58:56.264 +0900,2026-06-02 18:04:59.456 +0900,,外国籍選手,アメリカ合衆国,アメリカ合衆国,player
"51000458",介川 アンソニー翔,Anthony Sho Sukegawa,"720","7",2026-03-03 17:46:17.378 +0900,2026-08-24 16:12:23.925 +0900,,日本人選手,日本,東京都,player
"18444",シャキール・モリス,Shaquille Morris,"699","23",2026-05-26 16:58:52.170 +0900,2026-06-02 18:04:59.684 +0900,,外国籍選手,外国籍,アメリカ,player
"8489",鎌田 裕也,Yuya Kamata,"727","18",2026-02-24 14:57:28.719 +0900,2026-08-24 16:12:23.925 +0900,,日本人選手,日本,福島県,player
"19958",バイロン・ミュレンズ,Byron Mullens,"702","6",2026-05-26 16:58:56.264 +0900,2026-06-02 18:04:59.685 +0900,,外国籍選手,アメリカ / イギリス,アメリカ,player
"51000331",田中 力,Chikara Tanaka,"694","2",2026-03-05 22:29:27.395 +0900,2026-03-05 22:29:27.395 +0900,,日本人選手,日本,神奈川県,player
"30460",河村 勇輝,Yuki Kawamura,"694","5",2026-03-05 22:29:27.395 +0900,2026-03-05 22:29:27.395 +0900,,日本人選手,日本,山口県,player
"9081",カディーム・ジャック,Kadeem Jack,"726","2",2026-05-26 16:51:46.437 +0900,2026-06-02 18:04:59.746 +0900,,外国籍選手,アメリカ合衆国,アメリカ合衆国,player
"18452",エリック・ロバーツ,Eric Roberts,"703","25",2026-05-26 16:58:52.170 +0900,2026-06-02 18:04:59.838 +0900,,日本人選手,日本,東京都,player
"5100000061",オヴィ・ソコ,Ovie Soko,"729","16",2026-05-26 16:59:34.571 +0900,2026-06-02 18:05:00.044 +0900,,外国籍選手,イギリス,イギリス,player
"12459",カディーム・コールビー,Kadeem Coleby,"693","43",2026-05-26 16:58:52.170 +0900,2026-06-02 18:05:00.093 +0900,,外国籍選手,バハマ,バハマ,player
"40153",ダニエル・ギデンズ,Daniel Giddens,"697","41",2026-03-06 08:41:53.163 +0900,2026-03-06 08:41:53.163 +0900,,外国籍選手,アメリカ合衆国,アメリカ合衆国,player
"10894",柏倉 哲平,Teppei Kashiwagura,"727","14",2026-02-24 14:57:28.719 +0900,2026-08-24 16:12:23.925 +0900,,日本人選手,日本,山形県,player
"18442",ベンジャミン・ローソン,Benjamin Lawson,"753","17",2026-05-26 16:58:52.170 +0900,2026-08-24 16:12:23.925 +0900,,外国籍選手,イギリス,イギリス,player
"51000521",ヤニー・ウェッツェル,Yanni Wetzell,"693","10",2026-03-03 17:46:17.378 +0900,2026-03-03 17:46:17.378 +0900,,外国籍選手,ニュージーランド,ニュージーランド,player
"51000522",アリ・メザー,Ali Mezher,"693","22",2026-03-03 17:46:17.378 +0900,2026-03-03 17:46:17.378 +0900,,外国籍選手,レバノン,レバノン,player
"51000219",ウィリアム・モズリー,William Mosley,"716","42",2026-03-06 08:32:08.441 +0900,2026-03-06 08:32:08.441 +0900,,外国籍選手,アメリカ合衆国,アメリカ合衆国,player
"30403",西田 優大,Yudai Nishida,"728","19",2026-02-24 14:57:28.719 +0900,2026-08-24 16:12:23.925 +0900,,日本人選手,日本,徳島県,player
"32980",サーディ・ラベナ,Thirdy Ravena,"697","0",2026-03-05 22:29:27.395 +0900,2026-08-24 16:12:23.925 +0900,,外国籍選手,フィリピン,フィリピン,player
"12642",アンジェロ・チョル,Angelo Chol,"693","27",2026-03-05 22:29:27.395 +0900,2026-03-05 22:29:27.395 +0900,,外国籍選手,アメリカ合衆国,アメリカ合衆国,player
"5100000040",常田 耕平,Kohei Tsuneta,"698","17",2026-02-24 14:57:28.719 +0900,2026-02-24 14:57:28.719 +0900,,日本人選手,日本,愛知県,player
"32989",LJ・ピーク,L.J. PEAK,"745","5",2026-02-24 14:57:28.719 +0900,2026-08-24 16:12:23.925 +0900,,外国籍選手,外国籍,アメリカ,player
"8597",市岡 ショーン,Sean Ichioka,"698","22",2026-02-24 14:57:28.719 +0900,2026-02-24 14:57:28.719 +0900,,日本人選手,日本,アメリカ合衆国,player
"51000389",平 寿哉,Toshiya Taira,"728","9",2026-03-03 17:25:04.626 +0900,2026-03-03 17:25:04.626 +0900,,日本人選手,日本,愛知県,player
"8608",トーマス・ケネディ,Thomas Kennedy,"728","1",2026-03-03 17:46:17.378 +0900,2026-03-03 17:46:17.378 +0900,,帰化選手,日本,アメリカ合衆国,player
"45866",角田 太輝,Taiki Sumida,"3012","25",2026-05-26 17:00:12.844 +0900,2026-05-27 14:48:11.700 +0900,,日本人選手,日本,日本,player
"5100000013",高原 晟也,Seiya Takahara,"700","11",2026-05-26 16:59:25.041 +0900,2026-06-02 18:05:14.276 +0900,,日本人選手,日本,山梨県,player
"45867",湧川 颯斗,Hayato Wakugawa,"3012","34",2026-05-26 17:00:12.844 +0900,2026-05-27 14:48:11.700 +0900,,日本人選手,日本,日本,player
"5100000025",兪 龍海,Tatsumi Yu,"697","15",2026-02-24 14:57:28.719 +0900,2026-08-24 16:12:23.925 +0900,,日本人選手,日本,神奈川県,player
"5100000020",伊藤 領,Rei Ito,"695","2",2026-05-26 16:59:25.041 +0900,2026-06-02 18:05:14.370 +0900,,日本人選手,日本,新潟県,player
"5100000028",野本 大智,Daichi Nomoto,"698","16",2026-02-24 14:57:28.719 +0900,2026-08-24 16:12:23.925 +0900,,日本人選手,日本,群馬県,player
"5100000029",柳川 幹也,Tomoya Yanagawa,"721","14",2026-05-26 16:59:25.041 +0900,2026-06-02 18:05:15.545 +0900,,日本人選手,日本,広島県,player
"5100000010",藤本 巧太,Kota Fujimoto,"700","9",2026-05-26 16:59:22.808 +0900,2026-06-02 18:05:15.659 +0900,,日本人選手,日本,兵庫県,player
"20001",鈴木 空,Sora Suzuki,"697","27",2026-05-26 16:59:29.057 +0900,2026-06-02 18:05:15.802 +0900,,日本人選手,日本,愛知,player
"5100000041",王 偉嘉,Weijia Wang,"693","1",2026-03-05 22:29:27.395 +0900,2026-08-24 16:12:23.925 +0900,"45861",外国籍選手,中華人民共和国,中国,player
"51000111",角田 太輝,Taiki Sumida,"1638","25",2026-03-05 22:32:07.128 +0900,2026-08-24 16:12:23.925 +0900,"45866",日本人選手,日本,佐賀県,player
"8490",ニック・ファジーカス,Nick Fazekas,"727","22",2026-03-05 22:29:27.395 +0900,2026-08-24 16:12:23.925 +0900,,帰化選手枠,日本,アメリカ合衆国,player
"15750",木田 貴明,Takaaki Kida,"2486","0",2026-08-18 18:07:46.571 +0900,2026-08-18 18:07:46.571 +0900,,日本人選手,日本,日本,player
"8492",長谷川 技,Takumi Hasegawa,"727","33",2026-02-24 14:57:28.719 +0900,2026-08-24 16:12:23.925 +0900,,日本人選手,日本,岩手県,player
"8493",永吉 佑也,Yuya Nagayoshi,"726","43",2026-02-24 14:57:28.719 +0900,2026-08-24 16:12:23.925 +0900,,日本人選手,日本,鹿児島県,player
"45869",八村 阿蓮,Allen Hachimura,"3012","88",2026-05-26 17:00:12.844 +0900,2026-05-27 14:48:11.700 +0900,,日本人選手,日本,日本,player
"5100000047",コルトン・アイバーソン,Colton Iverson,"693","45",2026-05-26 16:59:34.571 +0900,2026-06-02 18:05:00.358 +0900,,外国籍選手,アメリカ合衆国,アメリカ合衆国,player
"8494",須田 侑太郎,Yutaro Suda,"729","11",2026-02-24 14:57:28.719 +0900,2026-08-24 16:12:23.925 +0900,,日本人選手,日本,北海道,player
"8496",橋本 晃佑,Kosuke Hashimoto,"728","21",2026-03-03 17:46:17.378 +0900,2026-08-24 16:12:23.925 +0900,,日本人選手,日本,栃木県,player
"32981",ステヴァン・イェロヴァツ,Stevan Jelovac,"697","31",2026-05-26 16:59:18.958 +0900,2026-06-02 18:05:14.328 +0900,,外国籍選手,セルビア,セルビア,player
"5100000049",渡邉 飛勇,Hugh Watanabe,"3012","9",2026-03-05 22:32:07.128 +0900,2026-03-05 22:32:07.128 +0900,"45870",日本人選手,日本,アメリカ合衆国,player
"26928",マーク・セントフォート,Mark Saint Fort,"721","23",2026-05-26 16:59:18.958 +0900,2026-06-02 18:05:15.458 +0900,,外国籍選手,外国籍,バハマ,player
"33030",ネナド・ミリェノヴィッチ,Nenad Miljenovic,"697","9",2026-05-26 16:59:18.958 +0900,2026-06-02 18:05:15.802 +0900,,外国籍選手,セルビア,セルビア,player
"32952",パブロ・アギラール,Pablo Aguilar,"727","34",2026-05-26 16:59:16.256 +0900,2026-06-02 18:05:15.880 +0900,,外国籍選手,スペイン,スペイン,player
"33037",ジョナサン・オクテウス,Jonathan Octeus,"728","0",2026-05-26 16:59:18.958 +0900,2026-06-02 18:05:16.850 +0900,,外国籍選手,アメリカ合衆国,アメリカ合衆国,player
"8498",熊谷 尚也,Naoya Kumagae,"727","27",2026-03-03 17:46:17.378 +0900,2026-08-24 16:12:23.925 +0900,,日本人選手,日本,福岡県,player
"55000973",高橋 秀成,Shusei Takahashi,"53000073","7",2026-03-03 17:46:17.378 +0900,2026-05-27 14:48:11.700 +0900,,日本人選手,日本,日本,player
"55000974",小松 亮太,Ryota Komatsu,"53000073","10",2026-03-03 17:46:17.378 +0900,2026-05-27 14:48:11.700 +0900,,日本人選手,日本,日本,player
"45871",川真田 紘也,Koya Kawamata,"3012","99",2026-05-26 17:00:12.844 +0900,2026-05-27 14:48:11.700 +0900,,日本人選手,日本,日本,player
"9383",ジャスティン・バーレル,Justin Burrell,"692","24",2026-03-06 08:27:06.340 +0900,2026-03-06 08:27:06.340 +0900,,外国籍選手,アメリカ合衆国,アメリカ合衆国,player
"51000143",ジャスティン・バルタザール,Justine Baltazar,"721","19",2026-03-06 08:27:06.340 +0900,2026-03-06 08:27:06.340 +0900,,外国籍選手,フィリピン,フィリピン,player
"8491",ジュフ 磨々道,Diouf Mamadou,"727","25",2026-05-26 16:51:46.437 +0900,2026-06-02 18:05:02.439 +0900,,帰化選手,日本,セネガル,player
"10871",小澤 智将,Tomomasa Ozawa,"699","9",2026-03-06 08:27:06.340 +0900,2026-08-24 16:12:23.925 +0900,,日本人選手,日本,福岡県,player
"10885",青木 ブレイク,Blake Aoki,"753","15",2026-03-03 17:46:17.378 +0900,2026-08-24 16:12:23.925 +0900,,日本人選手,日本,アメリカ合衆国,player
"18168",アマンゼ・エゲケゼ,Amanze Egekeze,"695","8",2026-05-26 16:58:52.170 +0900,2026-06-02 18:05:02.551 +0900,,外国籍選手,アメリカ合衆国,アメリカ,player
"8711",喜久山　貴一,Kiichi Kikuyama,"694","33",2026-05-26 16:51:46.437 +0900,2026-06-02 18:05:16.901 +0900,,日本人選手,日本,沖縄県,player
"18441",トレイ・ジョーンズ,Trey Jones,"713","4",2026-02-24 14:57:28.719 +0900,2026-08-24 16:12:23.925 +0900,,外国籍選手,アメリカ合衆国,アメリカ合衆国,player
"22401",岡田 泰希,Taiki Okada,"698","6",2026-02-24 14:57:28.719 +0900,2026-02-24 14:57:28.719 +0900,,日本人選手,日本,愛媛県,player
"8660",トーマス・ウィスマン,Thomas Wisman,"694","",2026-05-26 16:51:46.437 +0900,2026-06-02 18:05:16.923 +0900,,,アメリカ合衆国,,player
"8581",上江田 勇樹,Yuki Ueta,"713","22",2026-05-26 16:51:46.437 +0900,2026-06-02 18:05:18.725 +0900,,日本人選手,日本,沖縄県,player
"20033",セドリック・シモンズ,Cedric Simmons,"697","22",2026-03-06 08:32:08.441 +0900,2026-08-24 16:12:23.925 +0900,,外国籍選手,アメリカ合衆国,アメリカ合衆国,player
"20037",佐々木 隆成,Ryusei Sasaki,"697","24",2026-02-24 14:57:28.719 +0900,2026-08-24 16:12:23.925 +0900,,日本人選手,日本,山口県,player
"8455",蒲谷 正之,Masayuki Kabaya,"694","3",2026-05-26 16:51:46.437 +0900,2026-06-02 18:05:19.147 +0900,,日本人選手,日本,神奈川県,player
"9407",高橋　マイケル,Michael Takahashi,"728","34",2026-05-26 16:51:46.437 +0900,2026-06-02 18:05:02.558 +0900,,日本人選手,日本,福島県,player
"30349",中村 浩陸,Hiromu Nakamura,"717","13",2026-02-24 14:57:28.719 +0900,2026-08-24 16:12:23.925 +0900,,日本人選手,日本,愛知県,player
"8749",大野 篤史,Atsushi Ono,"704","",2026-05-26 16:51:46.437 +0900,2026-05-27 14:48:11.700 +0900,,日本人選手,日本,,player
"32958",村岸 航,Wataru Murakishi,"703","14",2026-02-24 14:57:28.719 +0900,2026-02-24 14:57:28.719 +0900,,日本人選手,日本,埼玉県,player
"9335",青木　勇人,Taketo aoki,"694","",2026-05-26 16:51:46.437 +0900,2026-05-27 14:48:11.700 +0900,,日本人選手,日本,,player
"51000110",井手 拓実,Takumi Ide,"700","5",2026-03-06 08:27:06.340 +0900,2026-03-06 08:27:06.340 +0900,,日本人選手,日本,福岡県,player
"51000593",月岡 熙,Hikaru Tsukioka,"717","11",2026-08-18 19:10:59.022 +0900,2026-08-18 19:10:59.022 +0900,,日本人選手,日本,日本,player
"8840",寒竹 隼人,Hayato Kantake,"692","12",2026-03-06 08:27:06.340 +0900,2026-03-06 08:27:06.340 +0900,,日本人選手,日本,福岡県,player
"8595",加藤 寿一,Toshikazu Kato,"692","31",2026-03-06 08:27:06.340 +0900,2026-03-06 08:27:06.340 +0900,,日本人選手,日本,神奈川県,player
"55000079",平良 宗龍,Shutatsu Taira,"701","12",2026-03-06 08:46:42.722 +0900,2026-03-06 08:46:42.722 +0900,,日本人選手,日本,沖縄県,player
"55000719",田中 大貴,Daiki Tanaka,"53000072","9",2026-03-04 12:25:39.414 +0900,2026-03-04 12:25:39.414 +0900,,日本人選手,日本,栃木県,player
"18436",ジェームズ・サザランド,James Southerland,"694","00",2026-05-26 16:58:52.170 +0900,2026-06-02 18:05:04.334 +0900,,外国籍選手,外国籍,アメリカ合衆国,player
"26898",ジェシー・ゴーバン,Jessie Govan,"699","1",2026-05-26 16:59:07.135 +0900,2026-06-02 18:05:04.435 +0900,,外国籍選手,外国籍,アメリカ合衆国,player
"26825",ロバート・カーター,Robert Carter,"697","4",2026-05-26 16:59:07.135 +0900,2026-06-02 18:05:04.677 +0900,,外国籍選手,アメリカ合衆国,アメリカ合衆国,player
"9393",ブライアン・フィッツパトリック,Brian　Fitzpatrick,"702","10",2026-05-26 16:51:46.437 +0900,2026-06-02 18:05:04.802 +0900,,外国籍選手,アメリカ合衆国,アメリカ合衆国,player
"26893",ジョルジー・ゴロマン,Gyorgy Galoman,"694","14",2026-05-26 16:59:07.135 +0900,2026-06-02 18:05:04.469 +0900,,外国籍選手,外国籍,ハンガリー,player
"26915",レジナルド・ベクトン,Reginald Becton,"694","7",2026-05-26 16:59:07.135 +0900,2026-06-02 18:05:04.836 +0900,,外国籍選手,アメリカ合衆国,アメリカ合衆国,player
"51000576",クエンティン・ミロラ・ブラウン,Quentin Millora-Brown,"704","42",2026-03-03 17:46:17.378 +0900,2026-03-03 17:46:17.378 +0900,,外国籍選手,フィリピン,アメリカ合衆国,player
"33038",ジョーダン・ハミルトン,Jordan Hamilton,"698","5",2026-03-06 08:41:53.163 +0900,2026-03-06 08:41:53.163 +0900,,外国籍選手,アメリカ合衆国,アメリカ合衆国,player
"20024",前田 悟,Satoru Maeta,"699","13",2026-02-24 14:57:28.719 +0900,2026-08-24 16:12:23.925 +0900,,日本人選手,日本,山形県,player
"51000185",グレゴリー・スローター,Gregory Slaughter,"53000064","20",2026-03-06 08:42:09.497 +0900,2026-08-19 14:30:25.623 +0900,"45853",外国籍選手,フィリピン,アメリカ合衆国,player
"20025",ナナー ダニエル弾,Danieldan Nnanna,"702","1",2026-02-24 14:57:28.719 +0900,2026-08-24 16:12:23.925 +0900,,日本人選手,日本,神奈川県,player
"51000211",ルーズベルト・アダムス,Roosevelt Adams,"53000064","00",2026-03-06 08:42:09.497 +0900,2026-03-06 08:42:09.497 +0900,,外国籍選手,フィリピン,アメリカ合衆国,player
"51000179",ジョーダン・ヘディング,Jordan Heading,"53000064","3",2026-03-06 08:42:09.497 +0900,2026-03-06 08:42:09.497 +0900,,外国籍選手,フィリピン,オーストラリア,player
"9370",ディオン・ライト,Dion Wright,"692","21",2026-05-26 16:51:46.437 +0900,2026-06-02 18:05:04.910 +0900,,外国籍選手,アメリカ合衆国,アメリカ合衆国,player
"51000152",チョン ギボム,Gibeom Cheon,"53000064","10",2026-03-06 08:42:09.497 +0900,2026-03-06 08:42:09.497 +0900,,外国籍選手,大韓民国,韓国,player
"26922",チャールズ・ジャクソン,Charles Jackson,"699","10",2026-02-24 14:57:28.719 +0900,2026-08-24 16:12:23.925 +0900,,外国籍選手,アメリカ合衆国,アメリカ合衆国,player
"55000203",阿部 竜大,Tatsuhiro Abe,"53000062","7",2026-03-03 17:25:04.626 +0900,2026-03-03 17:25:04.626 +0900,,日本人選手,日本,北海道,player
"30351",大倉 颯太,Sota Okura,"704","13",2026-02-24 14:57:28.719 +0900,2026-08-24 16:12:23.925 +0900,,日本人選手,日本,石川県,player
"51000406",ゲイリー・クラーク,Gary Clark,"694","8",2026-02-24 14:57:28.719 +0900,2026-02-24 14:57:28.719 +0900,,外国籍選手,アメリカ合衆国,アメリカ合衆国,player
"12597",宮崎 恭行,Yasuyuki Miyazaki,"717","1",2026-03-06 08:27:06.340 +0900,2026-03-06 08:27:06.340 +0900,,日本人選手,日本,三重県,player
"51000577",佐藤 凪,Nagi Sato,"694","11",2026-03-03 17:46:17.378 +0900,2026-03-03 17:46:17.378 +0900,,日本人選手,日本,神奈川県,player
"9264",後藤 翔平,Shohei Goto,"720","1",2026-03-06 08:27:06.340 +0900,2026-03-06 08:27:06.340 +0900,,日本人選手,日本,北海道,player
"51000566",浅井 弘士郎,Koshiro Asai,"700","51",2026-03-03 17:46:17.378 +0900,2026-03-03 17:46:17.378 +0900,,日本人選手,日本,大阪府,player
"51000100",マックス・ヒサタケ,Max Hisatake,"702","29",2026-03-05 22:29:27.395 +0900,2026-03-05 22:29:27.395 +0900,,外国籍選手,アメリカ合衆国,アメリカ合衆国,player
"51000425",石川 裕大,Yudai Ishikawa,"703","15",2026-02-24 14:57:28.719 +0900,2026-02-24 14:57:28.719 +0900,,日本人選手,日本,栃木県,player
"51000201",星野 零志,Reiji Hoshino,"700","11",2026-03-06 08:27:06.340 +0900,2026-03-06 08:27:06.340 +0900,,日本人選手,日本,大阪府,player
"30519",細川 一輝,Kazuki Hosokawa,"713","29",2026-02-24 14:57:28.719 +0900,2026-08-24 16:12:23.925 +0900,,日本人選手,日本,岩手県,player
"10818",高橋 耕陽,Koyo Takahashi,"702","8",2026-03-05 22:29:27.395 +0900,2026-03-05 22:29:27.395 +0900,,日本人選手,日本,北海道,player
"9391",アール・バロン,Earl Barron,"696","14",2026-05-26 16:51:46.437 +0900,2026-06-02 18:05:05.040 +0900,,外国籍選手,アメリカ合衆国,ミシシッピ州,player
"45870",渡邉 飛勇,Hugh Watanabe,"701","9",2026-03-05 22:31:21.966 +0900,2026-05-27 14:48:11.700 +0900,"5100000049",日本人選手,日本,日本,player
"5100000021",星川 堅信,Kenshin Hoshikawa,"745","18",2026-02-24 14:57:28.719 +0900,2026-08-24 16:12:23.925 +0900,,日本人選手,日本,栃木県,player
"55000510",木戸 龍斗,Ryuto Kido,"53000063","4",2026-03-06 08:42:09.497 +0900,2026-05-27 14:48:11.700 +0900,,日本人選手,日本,日本,player
"55000565",稲葉 耕佑,Kosuke Inaba,"53000063","5",2026-03-06 08:42:09.497 +0900,2026-05-27 14:48:11.700 +0900,,日本人選手,日本,日本,player
"5100000023",中村 拓人,Takuto Nakamura,"721","12",2026-02-24 14:57:28.719 +0900,2026-08-24 16:12:23.925 +0900,,日本人選手,日本,愛知県,player
"55000569",木山 大輔,Daisuke Kiyama,"53000063","10",2026-03-06 08:42:09.497 +0900,2026-05-27 14:48:11.700 +0900,,日本人選手,日本,日本,player
"55000424",佐藤 遼乙,Haruto Sato,"53000063","12",2026-03-06 08:42:09.497 +0900,2026-05-27 14:48:11.700 +0900,,日本人選手,日本,日本,player
"22396",ジョナサン・ホームズ,Jonathan Holmes,"694","12",2026-05-26 16:59:01.787 +0900,2026-06-02 18:05:02.705 +0900,,外国籍選手,アメリカ合衆国,アメリカ合衆国,player
"20032",アラン・ハーンドン,Alan Herndon,"696","5",2026-05-26 16:59:01.787 +0900,2026-06-02 18:05:02.736 +0900,,外国籍選手,アメリカ合衆国,アメリカ合衆国,player
"19955",ドワイト・コールビー,Dwight Coleby,"693","22",2026-05-26 16:58:56.264 +0900,2026-06-02 18:05:02.784 +0900,,外国籍選手,バハマ,バハマ,player
"26910",チャールズ・ローズ,Chales Rhodes,"698","23",2026-05-26 16:59:07.135 +0900,2026-06-02 18:05:03.115 +0900,,外国籍選手,外国籍,アメリカ合衆国,player
"51000131",デュサン・ヴィチェンティッチ,Dusan Vicentic,"699","23",2026-05-26 16:59:42.204 +0900,2026-06-02 18:05:04.538 +0900,,外国籍選手,セルビア,セルビア,player
"26892",ミッケル・グラッドネス,Mickell Gladness,"697","32",2026-05-26 16:59:07.135 +0900,2026-06-02 18:05:05.042 +0900,,外国籍選手,外国籍,アメリカ合衆国,player
"26897",デビン・イーバンクス,Devin Ebanks,"697","2",2026-05-26 16:59:07.135 +0900,2026-06-02 18:05:05.222 +0900,,外国籍選手,外国籍,アメリカ合衆国,player
"55000077",宜保 隼弥,shunya Gibo,"53000072","11",2026-03-05 22:32:07.128 +0900,2026-05-27 14:48:11.700 +0900,,日本人選手,日本,日本,player
"25149",イシュマエル・レーン,Ishmael Lane,"729","4",2026-05-26 16:59:07.135 +0900,2026-06-02 18:05:05.478 +0900,,外国籍選手,アメリカ合衆国,アメリカ合衆国,player
"40156",スティーブン・グリーン,Steven Green,"695","7",2026-03-06 08:41:53.163 +0900,2026-03-06 08:41:53.163 +0900,,外国籍選手,外国籍,アメリカ,player
"55000963",長嶺 充来,Mirai Nagamine,"53000073","12",2026-03-03 17:46:17.378 +0900,2026-05-27 14:48:11.700 +0900,,日本人選手,日本,日本,player
"15818",葛原 大智,Daichi Kuzuhara,"1638","11",2026-03-03 17:46:17.378 +0900,2026-08-24 16:12:23.925 +0900,,日本人選手,日本,愛媛県,player
"51000146",ケレム・カンター,Kerem Kanter,"693","11",2026-03-06 08:27:06.340 +0900,2026-03-06 08:27:06.340 +0900,,外国籍選手,トルコ,トルコ,player
"51000359",黒川 虎徹,Kotetsu Kurokawa,"2486","3",2026-03-03 17:46:17.378 +0900,2026-03-03 17:46:17.378 +0900,,日本人選手,日本,長崎県,player
"26911",リチャード・ヘンドリックス,Richard Hendrix,"700","7",2026-05-26 16:59:07.135 +0900,2026-08-24 16:12:23.925 +0900,,外国籍選手,アメリカ合衆国,アメリカ合衆国,player
"30404",飴谷 由毅,Yoshiki Ametani,"696","2",2026-03-06 08:27:06.340 +0900,2026-08-24 16:12:23.925 +0900,,日本人選手,日本,富山県,player
"39621",ベイリー・スティール,Baylee Steele,"692","11",2026-03-06 08:42:09.497 +0900,2026-03-06 08:42:09.497 +0900,,外国籍選手,外国籍,アメリカ,player
"39812",イホール・ボヤルキム,Ihor Boiarkin,"706","23",2026-03-06 08:42:09.497 +0900,2026-03-06 08:42:09.497 +0900,,外国籍選手,外国籍,ウクライナ,player
"51000321",デレク・パードン,Dererk Pardon,"2486","7",2026-03-03 17:46:17.378 +0900,2026-03-03 17:46:17.378 +0900,,外国籍選手,アメリカ合衆国,アメリカ合衆国,player
"5100000062",キーファー・ラベナ,Kiefer Ravena,"698","15",2026-03-05 22:32:07.128 +0900,2026-08-24 16:12:23.925 +0900,"45851",外国籍選手,フィリピン,フィリピン,player
"8520",杉本 慶,Kei Sugimoto,"2486","11",2026-03-03 17:46:17.378 +0900,2026-03-03 17:46:17.378 +0900,,日本人選手,日本,滋賀県,player
"8485",栗原 貴宏,Takahiro Kurihara,"703","24",2026-05-26 16:51:46.437 +0900,2026-06-02 18:05:20.146 +0900,,日本人選手,日本,福島県,player
"51000235",浅井 修伍,Shugo Asai,"712","7",2026-02-24 14:57:28.719 +0900,2026-02-24 14:57:28.719 +0900,,日本人選手,日本,福岡県,player
"51000532",ブーバカー・トゥーレ,Boubacar Toure,"692","21",2026-03-03 17:46:17.378 +0900,2026-03-03 17:46:17.378 +0900,,外国籍選手,セネガル,セネガル,player
"51000192",トレイ・ポーター,Trey Porter,"2486","22",2026-03-03 17:46:17.378 +0900,2026-03-03 17:46:17.378 +0900,,外国籍選手,アメリカ合衆国,アメリカ合衆国,player
"51000468",前野 幹太,Kanta Maeno,"694","10",2026-03-03 17:46:17.378 +0900,2026-03-03 17:46:17.378 +0900,,日本人選手,日本,北海道,player
"10851",森井 健太,Kenta Morii,"694","18",2026-02-24 14:57:28.719 +0900,2026-02-24 14:57:28.719 +0900,,日本人選手,日本,石川県,player
"32956",須藤 昂矢,Koya Sudo,"694","30",2026-02-24 14:57:28.719 +0900,2026-02-24 14:57:28.719 +0900,,日本人選手,日本,神奈川県,player
"18478",久岡 幸太郎,Kotaro Hisaoka,"712","14",2026-02-24 14:57:28.719 +0900,2026-02-24 14:57:28.719 +0900,,日本人選手,日本,群馬県,player
"12634",エリック・ジェイコブセン,Eric Jacobsen,"712","21",2026-02-24 14:57:28.719 +0900,2026-02-24 14:57:28.719 +0900,,外国籍選手,アメリカ合衆国,アメリカ合衆国,player
"5100000036",高島 紳司,Shinji Takashima,"703","12",2026-02-24 14:57:28.719 +0900,2026-02-24 14:57:28.719 +0900,,日本人選手,日本,大阪府,player
"26931",シャブリック・ランドルフ,Shavlik Randolph,"703","42",2026-05-26 16:59:07.135 +0900,2026-06-02 18:05:05.395 +0900,,外国籍選手,外国籍,アメリカ合衆国,player
"26909",クリス・オトゥーレ,Chris Otule,"728","42",2026-05-26 16:59:07.135 +0900,2026-06-02 18:05:05.659 +0900,,外国籍選手,アメリカ合衆国,アメリカ合衆国,player
"26826",ブライアン・クウェリ,Brian Qvale,"720","41",2026-05-26 16:59:07.135 +0900,2026-06-02 18:05:06.602 +0900,,外国籍選手,アメリカ合衆国,アメリカ合衆国,player
"30393",ヴィアチェスラフ・クラフツォフ,Viacheslav Kravtsov,"697","55",2026-05-26 16:59:10.952 +0900,2026-06-02 18:05:06.290 +0900,,外国籍選手,外国籍,ウクライナ,player
"18173",ドゥワン・サマーズ,Dajuan Summers,"720","35",2026-05-26 16:59:10.952 +0900,2026-06-02 18:05:06.568 +0900,,外国籍選手,外国籍,アメリカ合衆国,player
"27051",ユージーン・フェルプス,Eugene Phelps,"701","41",2026-05-26 16:59:09.162 +0900,2026-06-02 18:05:06.824 +0900,,外国籍選手,外国籍,アメリカ,player
"26916",ミラン・マチュワン,Milan Macvan,"706","12",2026-05-26 16:59:07.135 +0900,2026-06-02 18:05:07.155 +0900,,外国籍選手,外国籍,セルビア共和国,player
"30435",クリス・ジョンソン,Chris Johnson,"728","21",2026-05-26 16:59:12.947 +0900,2026-06-02 18:05:07.155 +0900,,外国籍選手,外国籍,アメリカ合衆国,player
"51000578",マリアル・シャヨク,Marial Shayok,"2486","1",2026-03-03 17:46:17.378 +0900,2026-03-03 17:46:17.378 +0900,,外国籍選手,カナダ,カナダ,player
"26875",マティアス・カルファニ,Mathias Calfani,"727","21",2026-05-26 16:59:07.135 +0900,2026-06-02 18:05:07.167 +0900,,外国籍選手,ウルグアイ,ウルグアイ,player
"9379",カイル・バローン,Kyle Barone,"713","33",2026-05-26 16:59:07.135 +0900,2026-06-02 18:05:07.220 +0900,,外国籍選手,アメリカ合衆国,アメリカ合衆国,player
"9460",ジョーダン・ヴァンデンバーグ,Jordan Vandenberg,"718","14",2026-05-26 16:58:35.172 +0900,2026-06-02 18:04:50.490 +0900,,外国籍選手,オーストラリア,オーストラリア,player
"12640",ハシーム・サビート・マンカ,Hasheem Thabeet Manka,"694","34",2026-05-26 16:58:35.172 +0900,2026-06-02 18:04:54.246 +0900,,外国籍選手,タンザニア連合共和国,タンザニア,player
"9316",ジョシュ・ペッパーズ,Josh Peppers,"696","22",2026-05-26 16:59:07.135 +0900,2026-06-02 18:05:06.585 +0900,,外国籍選手,外国籍,アメリカ合衆国,player
"55000811",西田 瑛久,Eku Nishida,"53000072","13",2026-03-05 22:32:07.128 +0900,2026-05-27 14:48:11.700 +0900,,日本人選手,日本,日本,player
"51000323",小玉 大智,Taichi Kodama,"716","4",2026-03-05 22:29:27.395 +0900,2026-03-05 22:29:27.395 +0900,,日本人選手,日本,東京都,player
"8471",佐藤 優樹,Yuki Sato,"695","5",2026-05-26 16:51:46.437 +0900,2026-06-02 18:05:20.467 +0900,,日本人選手,日本,新潟県,player
"10848",中山 拓哉,Takuya Nakayama,"693","17",2026-02-24 14:57:28.719 +0900,2026-08-24 16:12:23.925 +0900,,日本人選手,日本,神奈川県,player
"9421",水野 宏太,"","702","",2026-05-26 16:51:46.437 +0900,2026-05-27 14:48:11.700 +0900,,日本人選手,日本,,player
"8475",佐藤 公威,Kimitake Sato,"695","23",2026-05-26 16:51:46.437 +0900,2026-06-02 18:05:20.885 +0900,,日本人選手,日本,新潟県,player
"9332",ナイジェル・スパイクス,Nigel Spikes,"696","11",2026-03-06 08:42:32.377 +0900,2026-03-06 08:42:32.377 +0900,,外国籍選手,アメリカ合衆国,アメリカ合衆国,player
"14301",齋藤 拓実,Takumi Saito,"729","2",2026-02-24 14:57:28.719 +0900,2026-08-24 16:12:23.925 +0900,,日本人選手,日本,神奈川県,player
"8724",熊谷 宜之,Takayuki Kumagai,"720","9",2026-05-26 16:51:46.437 +0900,2026-06-02 18:05:21.022 +0900,,日本人選手,日本,神奈川県,player
"8473",本間 遼太郎,Ryotaro Honma,"695","16",2026-05-26 16:51:46.437 +0900,2026-06-02 18:05:23.835 +0900,,日本人選手,日本,新潟県,player
"30458",荒川 颯,Hayate Arakawa,"701","10",2026-02-24 14:57:28.719 +0900,2026-08-24 16:12:23.925 +0900,,日本人選手,日本,愛知県,player
"5100000077",マイルズ・ヘソン,Myles Hesson,"696","22",2026-03-05 22:29:27.395 +0900,2026-03-05 22:29:27.395 +0900,,外国籍選手,イギリス,イギリス,player
"30513",大浦 颯太,Sota Oura,"697","5",2026-02-24 14:57:28.719 +0900,2026-08-24 16:12:23.925 +0900,,日本人選手,日本,広島県,player
"5100000046",スコット・エサトン,Scott Eatherton,"729","43",2026-02-24 14:57:28.719 +0900,2026-08-24 16:12:23.925 +0900,,外国籍選手,アメリカ合衆国,アメリカ合衆国,player
"8477",志村 雄彦,Takehiko Shimura,"692","4",2026-05-26 16:51:46.437 +0900,2026-06-02 18:05:21.691 +0900,,日本人選手,日本,宮城県,player
"5100000079",チェイス・フィーラー,Chase Fieler,"1638","60",2026-03-03 16:36:27.495 +0900,2026-08-24 16:12:23.925 +0900,,外国籍選手,アメリカ合衆国,アメリカ合衆国,player
"15752",岡田 雄三,Yuzo Okada,"696","3",2026-03-03 17:46:17.378 +0900,2026-03-03 17:46:17.378 +0900,,日本人選手,日本,静岡県,player
"8725",楯　昌宗,Masamune Tate,"692","33",2026-05-26 16:51:46.437 +0900,2026-06-02 18:05:23.222 +0900,,日本人選手,日本,岐阜県,player
"8481",片岡 大晴,Masaharu Kataoka,"692","91",2026-02-24 14:57:28.719 +0900,2026-08-24 16:12:23.925 +0900,,日本人選手,日本,宮城県,player
"9429",レジー・ゲーリー,"","729","",2026-05-26 16:51:46.437 +0900,2026-06-02 18:05:24.192 +0900,,,日本,,player
"8480",佐藤 文哉,Fumiya Satoh,"692","14",2026-05-26 16:51:46.437 +0900,2026-06-02 18:05:23.686 +0900,,日本人選手,日本,宮城県,player
"8472",八幡 圭祐,Keisuke Yahata,"695","8",2026-05-26 16:51:46.437 +0900,2026-06-02 18:05:23.686 +0900,,日本人選手,日本,神奈川県,player
"8511",青島 心,Xin Aoshima,"702","21",2026-05-26 16:51:46.437 +0900,2026-06-02 18:05:24.322 +0900,,日本人選手,日本,中国（日本帰化）,player
"8478",柳川 龍之介,Ryunosuke Yanagawa,"697","9",2026-05-26 16:51:46.437 +0900,2026-06-02 18:05:24.722 +0900,,日本人選手,日本,宮城県,player
"9028",ディアンテ・ギャレット,Diante Garrett,"706","2",2026-05-26 16:51:46.437 +0900,2026-06-02 18:04:54.509 +0900,,外国籍選手,アメリカ合衆国,アメリカ,player
"8746",庄司　和広,Kazuhiro Shoji,"695","",2026-05-26 16:51:46.437 +0900,2026-05-27 14:48:11.700 +0900,,日本人選手,日本,,player
"51000334",ジョニー・オブライアント,Johnny O'Bryant,"712","84",2026-03-05 22:31:21.966 +0900,2026-03-05 22:31:21.966 +0900,,外国籍選手,アメリカ合衆国,アメリカ合衆国,player
"25136",エリック・ニッセン,Erik Nissen,"693","8",2026-05-26 16:59:18.958 +0900,2026-06-02 18:05:08.028 +0900,,外国籍選手,外国籍,カナダ,player
"18432",グレゴリー・エチェニケ,Gregory Echenique,"721","8",2026-05-26 16:59:18.958 +0900,2026-06-02 18:05:08.300 +0900,,外国籍選手,ベネズエラ・ボリバル共和国,ベネズエラ,player
"8745",間橋　健生,Takeo Mabashi,"692","",2026-05-26 16:51:46.437 +0900,2026-05-27 14:48:11.700 +0900,,日本人選手,日本,,player
"32994",ジョーダン・テイラー,Jordan Taylor,"706","2",2026-05-26 16:59:18.958 +0900,2026-06-02 18:05:08.725 +0900,,外国籍選手,アメリカ合衆国,アメリカ合衆国,player
"8691",北 卓也,"","727","",2026-05-26 16:51:46.437 +0900,2026-05-27 14:48:11.700 +0900,,日本人選手,日本,,player
"9071",ウィル・クリークモア,Will Creekmore,"698","2",2026-05-26 16:59:18.958 +0900,2026-06-02 18:05:09.703 +0900,,帰化選手,帰化,アメリカ,player
"8748",遠山　向人,Kohto Tohyama,"698","",2026-05-26 16:51:46.437 +0900,2026-05-27 14:48:11.700 +0900,,日本人選手,日本,,player
"51000523",キアヌ・ピンダー,Keanu Pinder,"693","25",2026-03-03 17:46:17.378 +0900,2026-03-03 17:46:17.378 +0900,,外国籍選手,オーストラリア,オーストラリア,player
"8728",日下　光,Hikaru Kusaka,"699","17",2026-05-26 16:51:46.437 +0900,2026-06-02 18:05:27.801 +0900,,日本人選手,日本,宮城県,player
"10256",ドゥレイロン・バーンズ,Draelon Burns,"718","2",2026-03-06 08:42:09.497 +0900,2026-08-24 16:12:23.925 +0900,,外国籍選手,アメリカ合衆国,アメリカ合衆国,player
"33029",カイル・ハント,Kyle Hunt,"700","24",2026-03-06 08:27:06.340 +0900,2026-03-06 08:27:06.340 +0900,,外国籍選手,外国籍,アメリカ,player
"9036",田村　大輔,Daisuke Tamura,"706","22",2026-05-26 16:51:46.437 +0900,2026-06-02 18:05:27.859 +0900,,日本人選手,日本,大阪府,player
"9061",劉 瑾,Jin Liu,"700","23",2026-05-26 16:51:46.437 +0900,2026-06-02 18:05:28.167 +0900,,日本人選手,日本,中国,player
"8459",内海 慎吾,Shingo Utsumi,"699","33",2026-05-26 16:51:46.437 +0900,2026-06-02 18:05:28.314 +0900,,日本人選手,日本,北海道,player
"8460",籔内 幸樹,Kouki Yabuuchi,"699","34",2026-05-26 16:51:46.437 +0900,2026-06-02 18:05:28.465 +0900,,日本人選手,日本,大阪府,player
"26926",ホール 百音 アレックス,Mone Alex Hall,"699","39",2026-03-03 17:46:17.378 +0900,2026-03-03 17:46:17.378 +0900,,日本人選手,日本,埼玉県,player
"8457",村上 直,Sunao Murakami,"699","8",2026-05-26 16:51:46.437 +0900,2026-06-02 18:05:28.609 +0900,,日本人選手,日本,大阪府,player
"8729",岡田 優介,Yusuke Okada,"699","12",2026-05-26 16:51:46.437 +0900,2026-06-02 18:05:28.609 +0900,,日本人選手,日本,東京都,player
"8458",佐藤 託矢,Takuya Sato,"716","15",2026-05-26 16:51:46.437 +0900,2026-06-02 18:05:28.621 +0900,,日本人選手,日本,大阪府,player
"51000245",クインシー・ミラー,Quincy Miller,"728","30",2026-03-05 22:31:21.966 +0900,2026-03-05 22:31:21.966 +0900,,外国籍選手,アメリカ合衆国,アメリカ合衆国,player
"10262",頓宮 裕人,Yuto Tongu,"698","45",2026-05-26 16:52:22.398 +0900,2026-06-02 18:05:28.637 +0900,,日本人選手,日本,滋賀県,player
"10258",土屋 アリスター時生,Alistair Tokio Tsuchiya,"693","77",2026-02-24 14:57:28.719 +0900,2026-08-24 16:12:23.925 +0900,,日本人選手,日本,兵庫県,player
"5100000033",小川 麻斗,Asato Ogawa,"704","3",2026-02-24 14:57:28.719 +0900,2026-08-24 16:12:23.925 +0900,,日本人選手,日本,福岡県,player
"51000119",加藤 嵩都,Taketo Kato,"729","3",2026-02-24 14:57:28.719 +0900,2026-08-24 16:12:23.925 +0900,,日本人選手,日本,宮城県,player
"51000169",シェック・ディアロ,Cheick Diallo,"699","31",2026-03-05 22:31:21.966 +0900,2026-08-24 16:12:23.925 +0900,,外国籍選手,マリ,マリ,player
"9417",伊藤　拓摩,"","706","",2026-05-26 16:51:46.437 +0900,2026-05-27 14:48:11.700 +0900,,日本人選手,日本,,player
"51000178",ディクソンジュニア タリキ,Tariki Dickson JR.,"692","13",2026-02-24 14:57:28.719 +0900,2026-08-24 16:12:23.925 +0900,,日本人選手,日本,愛知県,player
"51000233",益子 拓己,Takumi Masuko,"727","42",2026-02-24 14:57:28.719 +0900,2026-08-24 16:12:23.925 +0900,,日本人選手,日本,福岡県,player
"9448",アンドレ・マレー,Murray Andre,"697","33",2026-05-26 16:59:18.958 +0900,2026-06-02 18:05:09.703 +0900,,外国籍選手,外国籍,アメリカ,player
"51000605",佐藤 瑠一シャンドレイ,Louieseandrey Sato,"698","11",2026-08-18 19:10:59.022 +0900,2026-08-18 19:10:59.022 +0900,,日本人選手,日本,日本,player
"51000354",髙木 拓海,Takumi Takagi,"700","3",2026-02-24 14:57:28.719 +0900,2026-08-24 16:12:23.925 +0900,,日本人選手,日本,福島県,player
"8463",狩野 祐介,Yusuke Karino,"1638","30",2026-02-24 14:57:28.719 +0900,2026-08-24 16:12:23.925 +0900,,日本人選手,日本,福岡県,player
"8499",渡邉 裕規,Hironori Watanabe,"703","13",2026-02-24 14:57:28.719 +0900,2026-08-24 16:12:23.925 +0900,,日本人選手,日本,神奈川県,player
"12648",ジョーダン・フェイゾン,Jordan Faison,"699","40",2026-05-26 16:59:18.958 +0900,2026-06-02 18:05:09.721 +0900,,外国籍選手,外国籍,アメリカ,player
"12660",ジージオ・ベイン,Gjio Bain,"697","50",2026-05-26 16:59:18.958 +0900,2026-06-02 18:05:09.754 +0900,,外国籍選手,外国籍,バハマ,player
"8449",大塚 裕土,Yuto Otsuka,"2486","24",2026-03-03 17:46:17.378 +0900,2026-03-03 17:46:17.378 +0900,,日本人選手,日本,北海道,player
"8722",石川 海斗,Kaito Ishikawa,"717","11",2026-03-05 22:29:27.395 +0900,2026-03-05 22:29:27.395 +0900,,日本人選手,日本,東京都,player
"22486",鎌田 真,Makoto Kamata,"729","21",2026-03-03 17:46:17.378 +0900,2026-03-03 17:46:17.378 +0900,,日本人選手,日本,アメリカ,player
"22404",ダニエル・ジョンソン,Daniel Johnson,"728","5",2026-05-26 16:59:16.256 +0900,2026-06-02 18:05:09.800 +0900,,外国籍選手,外国籍,オーストラリア,player
"33085",D.J・ニュービル,D.J. Newbill,"703","25",2026-02-24 14:57:28.719 +0900,2026-02-24 14:57:28.719 +0900,,外国籍選手,アメリカ合衆国,アメリカ合衆国,player
"51000552",児玉 ジュニア,Junior Kodama,"697","33",2026-03-03 17:46:17.378 +0900,2026-03-03 17:46:17.378 +0900,,日本人選手,日本,大阪府,player
"51000498",小澤 飛悠,Hiyuu Ozawa,"729","4",2026-03-03 17:46:17.378 +0900,2026-03-03 17:46:17.378 +0900,,日本人選手,日本,山梨県,player
"9490",レイショーン・テリー,Reyshawn Terry,"701","7",2026-05-26 16:51:50.282 +0900,2026-06-02 18:05:09.821 +0900,,外国籍選手,アメリカ合衆国,米国・ノースカロライナ州出身,player
"51000362",西田 公陽,Koyo Nishida,"728","16",2026-02-24 14:57:28.719 +0900,2026-02-24 14:57:28.719 +0900,,日本人選手,日本,徳島県,player
"9384",ラモント・ハミルトン,Lamont Hamilton,"695","34",2026-05-26 16:51:46.437 +0900,2026-06-02 18:05:10.490 +0900,,外国籍選手,外国籍,アメリカ合衆国,player
"15852",ジャマリ・トレイラー,Jamari Traylor,"721","0",2026-05-26 16:59:18.958 +0900,2026-06-02 18:05:10.504 +0900,,外国籍選手,アメリカ合衆国,アメリカ合衆国,player
"9488",ジャマール・ソープ,Jahmar Thorpe,"706","22",2026-05-26 16:51:50.282 +0900,2026-06-02 18:05:10.906 +0900,,外国籍選手,外国籍,アメリカ合衆国,player
"10265",デクスター・ピットマン,Dexter Pittman,"753","34",2026-05-26 16:51:52.101 +0900,2026-08-24 16:12:23.925 +0900,,外国籍選手,アメリカ合衆国,アメリカ合衆国,player
"10850",関野 剛平,Kohei Sekino,"702","81",2026-02-24 14:57:28.719 +0900,2026-08-24 16:12:23.925 +0900,,日本人選手,日本,北海道,player
"26886",マット・ボンズ,Matt Bonds,"700","5",2026-02-24 14:57:28.719 +0900,2026-08-24 16:12:23.925 +0900,,外国籍選手,アメリカ合衆国,アメリカ合衆国,player
"26913",デモン・ブルックス,De'mon Brooks,"702","24",2026-03-05 22:29:27.395 +0900,2026-08-24 16:12:23.925 +0900,,外国籍選手,アメリカ合衆国,アメリカ合衆国,player
"33040",ロバーツ ケイン,Kaine Roberts,"721","4",2026-02-24 14:57:28.719 +0900,2026-08-24 16:12:23.925 +0900,,日本人選手,日本,神奈川県,player
"33094",ペリン・ビュフォード,Perrin Buford,"720","2",2026-03-05 22:29:27.395 +0900,2026-08-24 16:12:23.925 +0900,,外国籍選手,アメリカ合衆国,アメリカ合衆国,player
"10267",Kim Seung Ki,Kim Seung Ki,"786","",2026-05-26 16:52:22.398 +0900,2026-05-26 16:52:22.398 +0900,,,,,player
"33095",リード・トラビス,Reid Travis,"726","22",2026-02-24 14:57:28.719 +0900,2026-08-24 16:12:23.925 +0900,,外国籍選手,アメリカ合衆国,アメリカ合衆国,player
"5100000039",上澤 俊喜,Toshiki Kamisawa,"721","10",2026-02-24 14:57:28.719 +0900,2026-08-24 16:12:23.925 +0900,,日本人選手,日本,富山県,player
"51000260",カール・タマヨ,Carl Tamayo,"3013","33",2026-03-05 22:32:07.128 +0900,2026-03-05 22:32:07.128 +0900,"45855",外国籍選手,フィリピン,フィリピン,player
"5100000069",レイ・パークスジュニア,Ray Parks Jr.,"700","1",2026-02-24 14:57:28.719 +0900,2026-08-24 16:12:23.925 +0900,"45848",外国籍選手,フィリピン,フィリピン,player
"36416",ノヴァー・ガドソン,Novar Gadson,"696","23",2026-03-05 22:29:27.395 +0900,2026-03-05 22:29:27.395 +0900,,外国籍選手,アメリカ合衆国,アメリカ合衆国,player
"8505",田中 健介,Kensuke Tanaka,"696","12",2026-05-26 16:51:46.437 +0900,2026-06-02 18:05:30.614 +0900,,日本人選手,日本,静岡県,player
"9477",KIM JONG KEUN,KIM JONG KEUN,"786","7",2026-05-26 16:52:22.398 +0900,2026-05-26 16:52:22.398 +0900,,外国籍選手,韓国,韓国,player
"5100000003",デション・トーマス,Deshaun Thomas,"706","0",2026-05-26 16:59:21.018 +0900,2026-06-02 18:05:12.047 +0900,,外国籍選手,アメリカ合衆国,アメリカ合衆国,player
"51000446",市場 脩斗,Shuto Ichiba,"702","12",2026-03-03 17:25:04.626 +0900,2026-03-03 17:25:04.626 +0900,,日本人選手,日本,千葉県,player
"9478",KIM MIN WOOK,KIM MIN WOOK,"786","9",2026-05-26 16:52:22.398 +0900,2026-05-26 16:52:22.398 +0900,,外国籍選手,韓国,韓国,player
"51000604",武富 楓太,Futa Takedomi,"1638","11",2026-08-18 19:10:59.022 +0900,2026-08-18 19:10:59.022 +0900,,日本人選手,日本,日本,player
"33098",リチャード・ソロモン,Richard Solomon,"696","0",2026-05-26 16:59:18.958 +0900,2026-06-02 18:05:09.919 +0900,,外国籍選手,アメリカ合衆国,アメリカ合衆国,player
"33045",アレックス・デイビス,Alex Davis,"693","9",2026-05-26 16:59:18.958 +0900,2026-06-02 18:05:10.921 +0900,,外国籍選手,外国籍,アメリカ合衆国,player
"9404",チャド・ポスチュマス,Chad　Posthumus,"726","22",2026-05-26 16:51:50.282 +0900,2026-06-02 18:05:11.117 +0900,,外国籍選手,カナダ,カナダ,player
"32990",シャノン・ショーター,Shannon Shorter,"704","12",2026-05-26 16:59:18.958 +0900,2026-06-02 18:05:11.335 +0900,,外国籍選手,アメリカ合衆国,アメリカ合衆国,player
"51000511",セクー・ドゥムブヤ,Sekou Doumbouya,"745","45",2026-08-18 18:07:46.571 +0900,2026-08-18 18:07:46.571 +0900,,外国籍選手,フランス,ギニア,player
"33096",キム・ティリ,Kim Tillie,"701","41",2026-05-26 16:59:18.958 +0900,2026-06-02 18:05:13.434 +0900,,外国籍選手,フランス,フランス,player
"8760",ディショーン・スティーブンス,Deshawn Stephens,"693","23",2026-05-26 16:51:46.437 +0900,2026-06-02 18:05:13.800 +0900,,外国籍選手,アメリカ合衆国,アメリカ,player
"9059",ケビン・パルマー,Kevin Palmer,"693","15",2026-05-26 16:51:46.437 +0900,2026-06-02 18:05:13.801 +0900,,外国籍選手,アメリカ合衆国,アメリカ,player
"9484",MOON SEONG GON,MOON SEONG GON,"786","10",2026-05-26 16:52:22.398 +0900,2026-05-26 16:52:22.398 +0900,,外国籍選手,韓国,韓国,player
"8692",ボブ・ナッシュ,"","696","",2026-05-26 16:51:46.437 +0900,2026-06-02 18:05:32.529 +0900,,,日本,,player
"10844",満田 丈太郎,Jotaro Mitsuda,"699","21",2026-03-06 08:27:06.340 +0900,2026-08-24 16:12:23.925 +0900,,日本人選手,日本,神奈川県,player
"51000379",イ ヒョンジュン,Hyunjung Lee,"2488","5",2026-03-03 17:46:17.378 +0900,2026-03-03 17:46:17.378 +0900,,外国籍選手,大韓民国,韓国,player
"10893",松本 健児リオン,Kenji leon Matsumoto,"2488","1",2026-02-24 14:57:28.719 +0900,2026-08-24 16:12:23.925 +0900,,日本人選手,日本,神奈川県,player
"30398",牧 隼利,Hayato Maki,"700","88",2026-02-24 14:57:28.719 +0900,2026-08-24 16:12:23.925 +0900,,日本人選手,日本,埼玉県,player
"10898",谷里　京哉,Tanisato keiya,"692","21",2026-05-26 16:52:25.867 +0900,2026-06-02 18:05:34.290 +0900,,日本人選手,日本,北海道,player
"33097",ドウェイン・エバンス,Dwayne Evans II,"721","13",2026-03-03 17:25:04.626 +0900,2026-08-24 16:12:23.925 +0900,,外国籍選手,アメリカ合衆国,アメリカ合衆国,player
"9054",嶋田　基志,Motoshi Shimada,"696","42",2026-05-26 16:51:46.437 +0900,2026-06-02 18:05:33.426 +0900,,日本人選手,日本,愛知県,player
"5100000027",坂本 聖芽,Seiga Sakamoto,"729","60",2026-02-24 14:57:28.719 +0900,2026-08-24 16:12:23.925 +0900,,日本人選手,日本,群馬県,player
"51000270",イアン・ハマー,Ian Hummer,"700","34",2026-03-05 22:29:27.395 +0900,2026-08-24 16:12:23.925 +0900,,外国籍選手,アメリカ合衆国,アメリカ合衆国,player
"51000274",大橋 大空,Hirotaka Ohashi,"720","10",2026-03-05 22:29:27.395 +0900,2026-08-24 16:12:23.925 +0900,,日本人選手,日本,大阪府,player
"51000284",ベン・ベンティル,Ben Bentil,"713","50",2026-03-05 22:29:27.395 +0900,2026-08-24 16:12:23.925 +0900,,外国籍選手,ガーナ,ガーナ,player
"8566",川満　寿史,Toshifumi Kawamitsu,"697","9",2026-05-26 16:51:46.437 +0900,2026-06-02 18:05:33.942 +0900,,日本人選手,日本,沖縄県,player
"51000428",渡邊 雄太,Yuta Watanabe,"704","1",2026-02-24 14:57:28.719 +0900,2026-08-24 16:12:23.925 +0900,,日本人選手,日本,香川県,player
"8469",菅澤 紀行,Noriyuki Sugasawa,"696","10",2026-05-26 16:51:46.437 +0900,2026-08-24 16:12:23.925 +0900,,日本人選手,日本,日本,player
"8500",古川 孝敏,Takatoshi Furukawa,"699","51",2026-02-24 14:57:28.719 +0900,2026-08-24 16:12:23.925 +0900,,日本人選手,日本,兵庫県,player
"8503",宇都 直輝,Naoki Uto,"696","11",2026-03-03 17:46:17.378 +0900,2026-08-24 16:12:23.925 +0900,,日本人選手,日本,愛知県,player
"51000216",コフィ・コーバーン,Kofi Cockburn,"721","23",2026-03-03 17:46:17.378 +0900,2026-03-03 17:46:17.378 +0900,,外国籍選手,ジャマイカ,ジャマイカ,player
"8564",大口 真洋,Masahiro Ohguchi,"697","3",2026-05-26 16:51:46.437 +0900,2026-06-02 18:05:34.683 +0900,,日本人選手,日本,大阪府,player
"8504",山崎 稜,Ryo Yamazaki,"721","30",2026-02-24 14:57:28.719 +0900,2026-08-24 16:12:23.925 +0900,,日本人選手,日本,埼玉県,player
"10822",生原 秀将,Shusuke Ikuhara,"716","46",2026-03-05 22:32:07.128 +0900,2026-03-05 22:32:07.128 +0900,,日本人選手,日本,徳島県,player
"8506",牧 全,Zen Maki,"702","3",2026-05-26 16:51:46.437 +0900,2026-08-24 16:12:23.925 +0900,,日本人選手,日本,愛知県,player
"8682",久保田　遼,Ryo Kubota,"700","8",2026-05-26 16:51:46.437 +0900,2026-06-02 18:05:35.113 +0900,,日本人選手,日本,大分県,player
"30468",西野 曜,Yo Nishino,"726","12",2026-03-05 22:29:27.395 +0900,2026-03-05 22:29:27.395 +0900,,日本人選手,日本,大阪府,player
"8596",桜木 ジェイアール,JR Sakuragi,"728","32",2026-05-26 16:51:46.437 +0900,2026-06-02 18:05:13.858 +0900,,日本人選手,日本,日本,player
"10874",佐野　太一,Taichi Sano,"698","9",2026-05-26 16:52:24.114 +0900,2026-06-02 18:05:35.486 +0900,,日本人選手,日本,滋賀県,player
"8663",宮永 雄太,Yuta Miyanaga,"696","7",2026-05-26 16:51:46.437 +0900,2026-06-02 18:05:35.832 +0900,,日本人選手,日本,北海道,player
"32983",駒水 大雅ジャック,Taiga Jack Komamizu,"700","10",2026-05-26 16:59:18.958 +0900,2026-06-02 18:05:14.034 +0900,,日本人選手,日本,奈良県,player
"33031",レイヴォンテ・ライス,Rayvonte Rice,"699","23",2026-05-26 16:59:18.958 +0900,2026-06-02 18:05:12.429 +0900,,外国籍選手,アメリカ合衆国,アメリカ合衆国,player
"9423",比留木 謙司,Kenji Hilke,"696","13",2026-05-26 16:51:46.437 +0900,2026-06-02 18:05:36.903 +0900,,日本人選手,日本,東京都,player
"8684",橋本 尚明,Naoaki Hashimoto,"720","2",2026-05-26 16:51:46.437 +0900,2026-06-02 18:05:37.132 +0900,,日本人選手,日本,愛媛県,player
"33093",シェーン・ウィティングトン,Shayne Whittington,"729","21",2026-05-26 16:59:18.958 +0900,2026-06-02 18:05:12.702 +0900,,外国籍選手,アメリカ合衆国,アメリカ合衆国,player
"55000978",福地 勇太,Yudai Fukuchi,"53000072","8",2026-03-03 17:46:17.378 +0900,2026-05-27 14:48:11.700 +0900,,日本人選手,日本,日本,player
"8694",桶谷 大,"","700","",2026-05-26 16:51:46.437 +0900,2026-05-27 14:48:11.700 +0900,,日本人選手,日本,,player
"9422",BT　テーブス,"","726","",2026-05-26 16:51:46.437 +0900,2026-06-02 18:05:36.457 +0900,,,日本,,player
"33026",森田 雄次,Yuji Morita,"2488","6",2026-03-03 17:46:17.378 +0900,2026-03-03 17:46:17.378 +0900,,日本人選手,日本,大阪府,player
"8710",堀川　竜一,Ryuichi Horikawa,"694","7",2026-05-26 16:51:46.437 +0900,2026-06-02 18:05:37.462 +0900,,日本人選手,日本,富山県,player
"10895",田口　凜,Taguchi Rin,"695","22",2026-05-26 16:52:28.061 +0900,2026-06-02 18:05:37.899 +0900,,日本人選手,日本,北海道,player
"8570",並里　祐,Tasuku Namizato,"697","47",2026-05-26 16:51:46.437 +0900,2026-06-02 18:05:38.613 +0900,,日本人選手,日本,沖縄県,player
"51000308",ロン･ジェイ･アバリエントス,Rhon Jhay Abarrientos,"3013","77",2026-03-05 22:32:07.128 +0900,2026-03-05 22:32:07.128 +0900,"45860",外国籍選手,フィリピン,フィリピン,player
"8454",山田 謙治,Kenji Yamada,"694","13",2026-05-26 16:51:46.437 +0900,2026-06-02 18:05:39.225 +0900,,日本人選手,日本,神奈川県,player
"10877",門馬 圭二郎,Keijiro Monma,"703","31",2026-05-26 16:52:25.867 +0900,2026-06-02 18:05:39.774 +0900,,日本人選手,日本,北海道,player
"10880",川邉 亮平,Ryohei Kawabe,"702","17",2026-05-26 16:52:25.867 +0900,2026-08-24 16:12:23.925 +0900,,日本人選手,日本,富山県,player
"45873",ジョン・パトリック,John Patrick,"3012",,2026-03-05 22:32:07.128 +0900,2026-03-05 22:32:07.128 +0900,,外国籍選手,,,player
"55000979",川邉 蒼侑,Ayuki Kawabe,"53000072","12",2026-03-03 17:46:17.378 +0900,2026-05-27 14:48:11.700 +0900,,日本人選手,日本,日本,player
"55000980",中川 恵太,Keita Nakagawa,"53000072","13",2026-03-03 17:46:17.378 +0900,2026-05-27 14:48:11.700 +0900,,日本人選手,日本,日本,player
"45847",ルーズベルト・アダムス,Roosevelt Adams,"3013","0",2026-03-05 22:32:07.128 +0900,2026-03-05 22:32:07.128 +0900,,外国籍選手,アジア特別枠,PHILIPPINES,player
"51000529",スタンリー・ジョンソン,Stanley Johnson,"2488","14",2026-03-03 17:46:17.378 +0900,2026-03-03 17:46:17.378 +0900,,外国籍選手,アメリカ合衆国,アメリカ合衆国,player
"51000277",ロバート・フランクス,Robert Franks,"712","0",2026-02-24 14:57:28.719 +0900,2026-02-24 14:57:28.719 +0900,,外国籍選手,アメリカ合衆国,アメリカ合衆国,player
"51000189",ブランドン・アシュリー,Brandon Ashley,"2486","21",2026-08-18 18:07:46.571 +0900,2026-08-18 18:07:46.571 +0900,,外国籍選手,アメリカ合衆国,アメリカ合衆国,player
"10896",岩田 涼太,Ryota Iwata,"697","6",2026-05-26 16:52:28.061 +0900,2026-08-24 16:12:23.925 +0900,,日本人選手,日本,神奈川県,player
"51000302",デオン・トンプソン,Deon Thompson,"716","21",2026-03-05 22:29:27.395 +0900,2026-03-05 22:29:27.395 +0900,,外国籍選手,アメリカ合衆国,アメリカ合衆国,player
"15829",長谷川 暢,Noboru Hasegawa,"693","21",2026-02-24 14:57:28.719 +0900,2026-08-24 16:12:23.925 +0900,,日本人選手,日本,埼玉県,player
"5100000032",駒沢 颯,Hayate Komasawa,"712","7",2026-02-24 14:57:28.719 +0900,2026-02-24 14:57:28.719 +0900,,日本人選手,日本,青森県,player
"8747",藤田 弘輝,Hiroki fujita,"701","",2026-05-26 16:51:46.437 +0900,2026-05-27 14:48:11.700 +0900,,日本人選手,日本,,player
"51000316",ジェフリー・クロケット,Jeffrey Crockett,"693","30",2026-03-05 22:29:27.395 +0900,2026-03-05 22:29:27.395 +0900,,外国籍選手,アメリカ合衆国,アメリカ合衆国,player
"8695",伊佐 勉,"","726","",2026-05-26 16:51:46.437 +0900,2026-05-27 14:48:11.700 +0900,,日本人選手,日本,,player
"55000975",三上 寛太,Kanta Mikami,"53000073","13",2026-03-03 17:46:17.378 +0900,2026-05-27 14:48:11.700 +0900,,日本人選手,日本,日本,player
"51000533",デイボン・リード,Davon Reed,"1638","9",2026-03-03 17:46:17.378 +0900,2026-03-03 17:46:17.378 +0900,,外国籍選手,アメリカ合衆国,アメリカ合衆国,player
"51000218",アンドリュー・ファーガソン,Andrew Ferguson,"720","34",2026-03-06 08:32:08.441 +0900,2026-03-06 08:32:08.441 +0900,,外国籍選手,オーストラリア,オーストラリア,player
"9403",ジェイソン・ウォッシュバーン,Jason Washburn,"695","42",2026-05-26 16:51:46.437 +0900,2026-06-02 18:05:16.915 +0900,,外国籍選手,アメリカ合衆国,アメリカ合衆国,player
"9057",タイラー・ストーン,Tyler Stone,"720","33",2026-05-26 16:51:46.437 +0900,2026-06-02 18:05:19.027 +0900,,外国籍選手,アメリカ合衆国,アメリカ,player
"18845",中村 功平,Kohei Nakamura,"712","13",2026-02-24 14:57:28.719 +0900,2026-02-24 14:57:28.719 +0900,,日本人選手,日本,山口県,player
"12282",尺野　将太,"","694","",2026-05-26 16:52:28.061 +0900,2026-05-27 14:48:11.700 +0900,,日本人選手,日本,,player
"9400",ファイ パプ月瑠,PapeMour Faye,"702","10",2026-05-26 16:51:46.437 +0900,2026-06-02 18:05:40.315 +0900,,帰化選手,帰化,セネガル,player
"51000603",新井 翔太,Shota Arai,"720","5",2026-08-18 19:10:59.022 +0900,2026-08-18 19:10:59.022 +0900,,日本人選手,日本,日本,player
"8834",トミー・ブレントン,Tommy Brenton,"703","24",2026-05-26 16:51:46.437 +0900,2026-06-02 18:05:19.089 +0900,,外国籍選手,アメリカ合衆国,アメリカ合衆国,player
"51000114",寺澤 大夢,Hiromu Terasawa,"692","10",2026-03-06 08:27:06.340 +0900,2026-03-06 08:27:06.340 +0900,,日本人選手,日本,日本,player
"55000015",山田 悠斗,Yuto Yamada,"53000072","5",2026-03-05 22:32:07.128 +0900,2026-05-27 14:48:11.700 +0900,,日本人選手,日本,日本,player
"55000423",中西 真那斗,Manato Nakanishi,"53000072","6",2026-03-05 22:32:07.128 +0900,2026-05-27 14:48:11.700 +0900,,日本人選手,日本,日本,player
"51000489",タイラー・クック,Tyler Cook,"712","8",2026-03-03 17:46:17.378 +0900,2026-03-03 17:46:17.378 +0900,,外国籍選手,アメリカ合衆国,アメリカ合衆国,player
"51000226",エペ・ウドゥ,Ekpe Udoh,"699","77",2026-03-06 08:41:53.163 +0900,2026-03-06 08:41:53.163 +0900,,外国籍選手,アメリカ合衆国,アメリカ合衆国,player
"49518",伊藤 治輝,Haruki Ito,"717","7",2026-03-03 17:46:17.378 +0900,2026-03-03 17:46:17.378 +0900,,日本人選手,日本,神奈川県,player
"51000241",シズ・オルストン,Shizz Alston,"728","10",2026-03-06 08:42:09.497 +0900,2026-03-06 08:42:09.497 +0900,,外国籍選手,アメリカ合衆国,アメリカ合衆国,player
"51000510",エマニュエル・テリー,Emanuel Terry,"727","5",2026-03-03 17:46:17.378 +0900,2026-03-03 17:46:17.378 +0900,,外国籍選手,アメリカ合衆国,アメリカ合衆国,player
"51000286",ジャスティン・マッツ,Justyn Mutts,"716","25",2026-03-05 22:29:27.395 +0900,2026-03-05 22:29:27.395 +0900,,外国籍選手,アメリカ合衆国,アメリカ合衆国,player
"51000494",ドゥシャン・リスティッチ,Dušan Ristić,"727","14",2026-03-03 17:46:17.378 +0900,2026-03-03 17:46:17.378 +0900,,外国籍選手,セルビア,セルビア,player
"51000314",イ デソン,Daesung Lee,"728","43",2026-03-05 22:29:27.395 +0900,2026-08-19 14:30:25.623 +0900,"45857",外国籍選手,大韓民国,韓国,player
"55000076",須藤 春輝,Haruki Sudo,"701","0",2026-03-05 22:32:07.128 +0900,2026-03-05 22:32:07.128 +0900,,日本人選手,日本,日本,player
"42616",狩野 富成,Toyoshige Kano,"726","14",2026-03-03 17:46:17.378 +0900,2026-03-03 17:46:17.378 +0900,,日本人選手,日本,東京都,player
"55000960",原田 ジョルジオ,Giorgio Harada,"53000072","12",2026-03-05 22:32:07.128 +0900,2026-03-05 22:32:07.128 +0900,,日本人選手,日本,日本,player
"51000525",ジェイミー・マロンゾ,Jamie Malonzo,"699","9",2026-08-18 18:07:46.571 +0900,2026-08-18 18:07:46.571 +0900,,外国籍選手,フィリピン,アメリカ合衆国,player
"51000426",ミッチェル・ライトフット,Mitchell Lightfoot,"2488","44",2026-08-18 19:10:59.022 +0900,2026-08-18 19:10:59.022 +0900,,外国籍選手,アメリカ合衆国,アメリカ合衆国,player
"51000279",ステイシー・デイヴィス,Stacy Davis,"699","4",2026-03-05 22:29:27.395 +0900,2026-03-05 22:29:27.395 +0900,,外国籍選手,アメリカ合衆国,アメリカ合衆国,player
"55000752",服部 怜恩,Reon Hattori,"53000073","5",2026-03-05 22:32:07.128 +0900,2026-05-27 14:48:11.700 +0900,,日本人選手,日本,日本,player
"51000229",キャメロン・クラットウィグ,Cameron Krutwig,"712","15",2026-03-06 08:41:53.163 +0900,2026-03-06 08:41:53.163 +0900,,外国籍選手,アメリカ合衆国,アメリカ合衆国,player
"55000961",栗原 琉空,Riku Kurihara,"53000073","9",2026-03-05 22:32:07.128 +0900,2026-05-27 14:48:11.700 +0900,,日本人選手,日本,日本,player
"9334",ライアン・スパングラー,Ryan Spangler,"727","12",2026-05-26 16:51:46.437 +0900,2026-06-02 18:05:19.876 +0900,,外国籍選手,アメリカ合衆国,アメリカ,player
"9041",クリント・チャップマン,Clint Chapman,"696","13",2026-05-26 16:51:46.437 +0900,2026-06-02 18:05:20.676 +0900,,外国籍選手,アメリカ合衆国,アメリカ,player
"51000599",堀田 尚秀,Naohide Hotta,"693","7",2026-08-18 19:10:59.022 +0900,2026-08-18 19:10:59.022 +0900,,日本人選手,日本,日本,player
"9056",ヒルトン・アームストロング,Hilton Armstrong,"729","20",2026-05-26 16:51:46.437 +0900,2026-06-02 18:05:22.891 +0900,,外国籍選手,外国籍,アメリカ合衆国,player
"10852",水野 幹太,Kanta Mizuno,"699","3",2026-03-03 17:25:04.626 +0900,2026-08-24 16:12:23.925 +0900,,日本人選手,日本,福島県,player
"9042",スティーブン・バン・トリース,Stephan Van Treese,"695","44",2026-05-26 16:51:46.437 +0900,2026-06-02 18:05:24.722 +0900,,外国籍選手,アメリカ合衆国,アメリカ インディアナ州,player
"8723",坂本　ジェイ,Dieye Sakamoto,"692","7",2026-05-26 16:51:46.437 +0900,2026-06-02 18:05:24.775 +0900,,帰化選手,帰化,セネガル,player
"33042",デクアン・ジョーンズ,DeQuan Jones,"698","18",2026-03-06 08:42:32.377 +0900,2026-03-06 08:42:32.377 +0900,,外国籍選手,アメリカ合衆国,アメリカ合衆国,player
"9038",トロイ・ギレンウォーター,Troy Gillenwater,"706","33",2026-05-26 16:51:46.437 +0900,2026-06-02 18:05:28.945 +0900,,外国籍選手,アメリカ合衆国,アメリカ,player
"9360",マーカス・ダブ,Marcus Dove,"699","5",2026-05-26 16:51:46.437 +0900,2026-06-02 18:05:29.236 +0900,,外国籍選手,外国籍,アメリカ,player
"9359",ローレンス・ヒル,Lawrence Hill,"699","24",2026-05-26 16:51:46.437 +0900,2026-06-02 18:05:29.469 +0900,,外国籍選手,アメリカ合衆国,アメリカ合衆国,player
"9026",デイビット・ウィーバー,David Weaver,"729","23",2026-05-26 16:51:46.437 +0900,2026-06-02 18:05:29.514 +0900,,外国籍選手,外国籍,アメリカ合衆国,player
"27048",ダマ ムッサ,Muusa Dama,"720","25",2026-03-03 17:46:17.378 +0900,2026-03-03 17:46:17.378 +0900,,帰化選手,日本,ベニン,player
"30402",前田 怜緒,Reo Maeda,"2486","5",2026-03-03 17:46:17.378 +0900,2026-03-03 17:46:17.378 +0900,,日本人選手,日本,宮城県,player
"51000581",稲田 貫大,Kanta Inada,"745","23",2026-03-03 17:46:17.378 +0900,2026-03-03 17:46:17.378 +0900,,日本人選手,日本,埼玉県,player
"10819",ロバート・サクレ,Robert Sacre,"726","6",2026-05-26 16:52:22.398 +0900,2026-08-24 16:12:23.925 +0900,,外国籍選手,外国籍,カナダ/アメリカ合衆国,player
"18475",岡田 侑大,Yuta Okada,"699","77",2026-02-24 14:57:28.719 +0900,2026-08-24 16:12:23.925 +0900,,日本人選手,日本,京都府,player
"26874",ジョーダン・ヒース,Jordan Heath,"699","35",2026-02-24 14:57:28.719 +0900,2026-08-24 16:12:23.925 +0900,,外国籍選手,アメリカ合衆国,アメリカ合衆国,player
"33100",レイナルド・ガルシア,Reynaldo Garcia,"1638","2",2026-02-24 14:57:28.719 +0900,2026-08-24 16:12:23.925 +0900,,外国籍選手,キューバ,キューバ,player
"51000188",高橋 快成,Kaisei Takahashi,"697","5",2026-03-03 17:46:17.378 +0900,2026-08-24 16:12:23.925 +0900,,日本人選手,日本,神奈川県,player
"51000306",チャン ミンクク,Min kug Chang,"2488","3",2026-03-05 22:32:07.128 +0900,2026-08-24 16:12:23.925 +0900,"45854",外国籍選手,大韓民国,韓国,player
"51000342",阿部 真冴橙,Masato Abe,"692","96",2026-03-03 17:46:17.378 +0900,2026-08-24 16:12:23.925 +0900,,日本人選手,日本,宮城県,player
"51000397",ヨハネス・ティーマン,Johannes Thiemann,"713","32",2026-02-24 14:57:28.719 +0900,2026-08-24 16:12:23.925 +0900,,外国籍選手,ドイツ,ドイツ,player
"8508",折茂 武彦,Takehiko Orimo,"702","9",2026-05-26 16:51:46.437 +0900,2026-08-24 16:12:23.925 +0900,,日本人選手,日本,埼玉県,player
"45872",アンソニー・マクヘンリー,Anthony Mchenry,"3013","",2026-05-26 17:00:12.844 +0900,2026-05-26 17:00:12.844 +0900,,,,,player
"51000395",アキル・ミッチェル,Akil Mitchell,"2488","25",2026-03-03 17:46:17.378 +0900,2026-03-03 17:46:17.378 +0900,,外国籍選手,アメリカ合衆国,アメリカ合衆国,player
"51000592",針間 大知,Daichi Harima,"717","5",2026-08-18 22:14:19.855 +0900,2026-08-18 22:14:19.855 +0900,,日本人選手,日本,日本,player
"49996",シリル・ニースミス,Cyril Nesmith II,"700","23",2026-03-03 17:46:17.378 +0900,2026-03-03 17:46:17.378 +0900,,外国籍選手,アメリカ合衆国,アメリカ合衆国,player
"51000369",橋谷 真季,Manaki Hashiya,"712","23",2026-03-06 08:18:01.487 +0900,2026-03-06 08:18:01.487 +0900,,日本人選手,日本,日本,player
"51000352",渡邉 伶音,Leon Watanabe,"2486","42",2026-03-03 17:46:17.378 +0900,2026-03-03 17:46:17.378 +0900,,日本人選手,日本,千葉県,player
"10297",田原 隆徳,Takanori Tahara,"698","21",2026-02-24 14:57:28.719 +0900,2026-02-24 14:57:28.719 +0900,,日本人選手,日本,北海道,player
"51000311",大庭 圭太郎,Keitaro Ohba,"726","18",2026-02-24 14:57:28.719 +0900,2026-02-24 14:57:28.719 +0900,,日本人選手,日本,福岡県,player
"51000296",ジョン・ハーラー,John Harrar,"702","21",2026-03-03 17:46:17.378 +0900,2026-03-03 17:46:17.378 +0900,,外国籍選手,アメリカ合衆国,アメリカ合衆国,player
"8762",ケビン・コッツァー,Kevin Kotzur,"699","42",2026-05-26 16:51:46.437 +0900,2026-06-02 18:05:29.609 +0900,,外国籍選手,外国籍,アメリカ合衆国,player
"51000378",ジェレミー・エヴァンス,Jeremy Evans,"2488","40",2026-03-06 08:18:01.487 +0900,2026-03-06 08:18:01.487 +0900,,外国籍選手,アメリカ合衆国,アメリカ合衆国,player
"55000453",小倉 貴志,Takashi Ogura,"53000073","11",2026-03-05 22:32:07.128 +0900,2026-05-27 14:48:11.700 +0900,,日本人選手,日本,日本,player
"51000360",ブライアン・コンクリン,Brian Conklin,"712","8",2026-03-05 22:32:07.128 +0900,2026-03-05 22:32:07.128 +0900,,外国籍選手,アメリカ合衆国,アメリカ合衆国,player
"55000009",根本 晃,Ko Nemoto,"53000073","12",2026-03-05 22:32:07.128 +0900,2026-05-27 14:48:11.700 +0900,,日本人選手,日本,日本,player
"51000340",井手 歩由夢,Ayumu Ide,"1638","12",2026-03-05 22:31:21.966 +0900,2026-03-05 22:31:21.966 +0900,,日本人選手,日本,日本,player
"51000499",ジェイク幸輝・ホルツ,Jake koki Holtz,"729","23",2026-03-03 17:46:17.378 +0900,2026-03-03 17:46:17.378 +0900,,日本人選手,日本,アメリカ合衆国,player
"9474",PARK JAE HAN,PARK JAE HAN,"786","0",2026-05-26 16:52:22.398 +0900,2026-05-26 16:52:22.398 +0900,,外国籍選手,韓国,韓国,player
"9483",LEE JUNG HYUN,LEE JUNG HYUN,"786","3",2026-05-26 16:52:22.398 +0900,2026-05-26 16:52:22.398 +0900,,外国籍選手,韓国,韓国,player
"9476",HAN HUI WON,HAN HUI WON,"786","4",2026-05-26 16:52:22.398 +0900,2026-05-26 16:52:22.398 +0900,,外国籍選手,韓国,韓国,player
"9485",YANG HEE JONG,YANG HEE JONG,"786","11",2026-05-26 16:52:22.398 +0900,2026-05-26 16:52:22.398 +0900,,外国籍選手,韓国,韓国,player
"9479",JEON SEONG HYEN,JEON SEONG HYEN,"786","23",2026-05-26 16:52:22.398 +0900,2026-05-26 16:52:22.398 +0900,,外国籍選手,韓国,韓国,player
"9480",KEIFER J SYKES,KEIFER J SYKES,"786","28",2026-05-26 16:52:22.398 +0900,2026-05-26 16:52:22.398 +0900,,外国籍選手,韓国,韓国,player
"9481",KIM CHEOL UK,KIM CHEOL UK,"786","32",2026-05-26 16:52:22.398 +0900,2026-05-26 16:52:22.398 +0900,,外国籍選手,韓国,韓国,player
"9486",OH SE KEUN,OH SE KEUN,"786","41",2026-05-26 16:52:22.398 +0900,2026-05-26 16:52:22.398 +0900,,外国籍選手,韓国,韓国,player
"9482",DAVID JOSEPH SIMON,DAVID JOSEPH SIMON,"786","55",2026-05-26 16:52:22.398 +0900,2026-05-26 16:52:22.398 +0900,,外国籍選手,韓国,韓国,player
"51000155",鎌田 隼,Hayato Kamata,"696","21",2026-03-03 17:46:17.378 +0900,2026-03-03 17:46:17.378 +0900,,日本人選手,日本,アメリカ合衆国,player
"9082",アールティー・グイン,R.T. Guinn,"726","34",2026-05-26 16:51:46.437 +0900,2026-06-02 18:05:31.670 +0900,,外国籍選手,アメリカ合衆国,アメリカ合衆国,player
"55000589",西村 優真,Yuma Nishimura,"702","40",2026-03-03 17:46:17.378 +0900,2026-03-03 17:46:17.378 +0900,,日本人選手,日本,北海道,player
"10823",イバン・ラベネル,Evan Ravenel,"693","30",2026-05-26 16:52:22.398 +0900,2026-06-02 18:05:31.998 +0900,,外国籍選手,外国籍,アメリカ,player
"10817",クレイグ・ブラッキンズ,Craig Brackins,"698","33",2026-05-26 16:52:22.398 +0900,2026-06-02 18:05:32.732 +0900,,外国籍選手,アメリカ合衆国,アメリカ合衆国,player
"8502",サム・ウィラード,Sam Willard,"696","34",2026-05-26 16:51:46.437 +0900,2026-06-02 18:05:32.529 +0900,,外国籍選手,アメリカ合衆国,オハイオ州,player
"55000868",梅原 咲弥,Sakuya Umehara,"712","39",2026-03-06 08:18:01.487 +0900,2026-03-06 08:18:01.487 +0900,,日本人選手,日本,日本,player
"51000101",ライアン・クリーナー,Ryan Kriener,"698","4",2026-02-24 14:57:28.719 +0900,2026-02-24 14:57:28.719 +0900,,外国籍選手,アメリカ合衆国,アメリカ合衆国,player
"51000382",游 艾喆,Ai-Che Yu,"698","7",2026-02-24 14:57:28.719 +0900,2026-02-24 14:57:28.719 +0900,,外国籍選手,チャイニーズタイペイ,チャイニーズタイペイ,player
"10820",杉浦 佑成,Yusei Sugiura,"698","9",2026-02-24 14:57:28.719 +0900,2026-08-24 16:12:23.925 +0900,,日本人選手,日本,東京都,player
"10897",レオ・ライオンズ,Leo Lyons,"696","0",2026-05-26 16:52:25.867 +0900,2026-08-24 16:12:23.925 +0900,,外国籍選手,アメリカ合衆国,アメリカ合衆国,player
"10886",ジェフ・エアーズ,Jeff Ayres,"695","4",2026-05-26 16:52:24.114 +0900,2026-06-02 18:05:33.078 +0900,,外国籍選手,アメリカ合衆国,アメリカ合衆国,player
"51000262",サムソン・フローリング,Samson Froling,"702","13",2026-03-06 08:46:42.722 +0900,2026-03-06 08:46:42.722 +0900,,外国籍選手,オーストラリア,オーストラリア,player
"51000490",ブランドン・デイヴィス,Brandon Davies,"706","0",2026-08-18 18:07:46.571 +0900,2026-08-18 18:07:46.571 +0900,,外国籍選手,アメリカ合衆国,アメリカ合衆国,player
"52433",ジョーダン・ナタイ,Jordan Ngatai,"745","20",2026-03-03 17:46:17.378 +0900,2026-03-03 17:46:17.378 +0900,,外国籍選手,ニュージーランド,ニュージーランド,player
"51000518",加藤 ダニエル,Daniel Kato,"704","44",2026-03-03 17:46:17.378 +0900,2026-03-03 17:46:17.378 +0900,,日本人選手,日本,京都府,player
"51000384",ガディアガ モハマド アルバシール,Mohammad Al Bachir Gadiaga,"693","0",2026-02-24 14:57:28.719 +0900,2026-08-24 16:12:23.925 +0900,,外国籍選手,チャイニーズタイペイ,チャイニーズタイペイ,player
"51000385",クリスチャン・メコウル,Christian Mekowulu,"693","21",2026-02-24 14:57:28.719 +0900,2026-08-24 16:12:23.925 +0900,,外国籍選手,ナイジェリア,ナイジェリア,player
"51000390",ヤニス・モラン,Yannis Morin,"693","24",2026-02-24 14:57:28.719 +0900,2026-08-24 16:12:23.925 +0900,,外国籍選手,フランス,フランス,player
"51000396",ライアン・ルーサー,Ryan Luther,"700","11",2026-02-24 14:57:28.719 +0900,2026-08-24 16:12:23.925 +0900,,外国籍選手,アメリカ合衆国,アメリカ合衆国,player
"51000261",パク ジェヒョン,Jaehyun Park,"695","11",2026-03-06 08:46:42.722 +0900,2026-03-06 08:46:42.722 +0900,,外国籍選手,大韓民国,大韓民国,player
"9355",オルー・アシャオル,Olu Ashaolu,"697","5",2026-05-26 16:51:46.437 +0900,2026-06-02 18:05:33.536 +0900,,外国籍選手,カナダ,ナイジェリア,player
"33032",ジャスティン・ハーパー,Justin Harper,"703","32",2026-02-24 14:57:28.719 +0900,2026-02-24 14:57:28.719 +0900,,外国籍選手,アメリカ合衆国,アメリカ合衆国,player
"10875",グレッグ・マンガーノ,Greg Mangano,"692","44",2026-05-26 16:52:24.114 +0900,2026-06-02 18:05:34.419 +0900,,外国籍選手,アメリカ合衆国,アメリカ合衆国,player
"9356",リチャード・ロビー,Richard Roby,"700","25",2026-05-26 16:51:46.437 +0900,2026-06-02 18:05:35.113 +0900,,外国籍選手,アメリカ合衆国,アメリカ,player
"8689",木下 博之,Hiroyuki Kinoshita,"700","17",2026-05-26 16:51:46.437 +0900,2026-05-27 14:48:11.700 +0900,,日本人選手,日本,日本,player
"10887",トレント・プレイステッド,Trent Plaisted,"706","44",2026-05-26 16:52:24.114 +0900,2026-06-02 18:05:35.497 +0900,,外国籍選手,アメリカ合衆国,アメリカ合衆国,player
"51000413",ジェハイヴ・フロイド,Jehyve Floyd,"712","20",2026-02-24 14:57:28.719 +0900,2026-02-24 14:57:28.719 +0900,,外国籍選手,アメリカ合衆国,アメリカ合衆国,player
"51000399",ザイラン・チータム,Zylan Cheatham,"729","45",2026-02-24 14:57:28.719 +0900,2026-08-24 16:12:23.925 +0900,,外国籍選手,アメリカ合衆国,アメリカ合衆国,player
"51000408",曾 祥鈞,Hsiang-chun Tseng,"717","88",2026-02-24 14:57:28.719 +0900,2026-08-24 16:12:23.925 +0900,,外国籍選手,チャイニーズタイペイ,チャイニーズタイペイ,player
"51000412",ダミアン・イングリス,Damien Inglis,"694","4",2026-02-24 14:57:28.719 +0900,2026-02-24 14:57:28.719 +0900,,外国籍選手,フランス,フランス,player
"51000409",クリスティアーノ・フェリシオ,Cristiano Felicio,"692","6",2026-02-24 14:57:28.719 +0900,2026-08-24 16:12:23.925 +0900,,外国籍選手,ブラジル,ブラジル,player
"51000319",キャメロン・ジャクソン,Cameron Jackson,"697","7",2026-03-03 17:46:17.378 +0900,2026-03-03 17:46:17.378 +0900,,外国籍選手,アメリカ合衆国,アメリカ合衆国,player
"51000410",マーク・スミス,Mark Smith,"2488","13",2026-02-24 14:57:28.719 +0900,2026-08-24 16:12:23.925 +0900,,外国籍選手,アメリカ合衆国,アメリカ合衆国,player
"55000818",井伊 拓海,Takuni Ii,"53000072","10",2026-03-05 18:16:30.233 +0900,2026-03-05 18:16:30.233 +0900,,日本人選手,日本,日本,player
"9062",エグゼビア・ギブソン,Xavier Gibson,"695","0",2026-05-26 16:51:46.437 +0900,2026-06-02 18:05:36.829 +0900,,外国籍選手,外国籍,アメリカ合衆国,player
"45868",佐土原 遼,Ryo Sadohara,"3012","8",2026-05-26 17:00:12.844 +0900,2026-05-27 14:48:11.700 +0900,,日本人選手,日本,日本,player
"51000393",テリー・アレン,Terry Allen,"702","25",2026-03-03 16:36:27.495 +0900,2026-03-03 16:36:27.495 +0900,,外国籍選手,アメリカ合衆国,アメリカ合衆国,player
"5100000054",ジョン・ムーニー,John Mooney,"704","33",2026-02-24 14:57:28.719 +0900,2026-08-24 16:12:23.925 +0900,,外国籍選手,アメリカ合衆国,アメリカ合衆国,player
"51000267",金近 廉,Ren Kanechika,"704","12",2026-02-24 14:57:28.719 +0900,2026-08-24 16:12:23.925 +0900,,日本人選手,日本,大阪府,player
"51000429",マイケル・オウ,Michael Ou,"704","7",2026-02-24 14:57:28.719 +0900,2026-08-24 16:12:23.925 +0900,,外国籍選手,中華人民共和国,中国,player
"51000517",ナシール・リトル,Nassir Little,"704","8",2026-03-03 17:46:17.378 +0900,2026-03-03 17:46:17.378 +0900,,外国籍選手,アメリカ合衆国,アメリカ合衆国,player
"55000965",前田 豹吾,Hyogo Maeda,"53000073","6",2026-05-26 17:00:29.406 +0900,2026-06-02 18:05:41.282 +0900,,日本人選手,日本,富山県,player
"46920",ジュリアン・デュクリー,Julien Ducree,"698","54",2026-03-04 12:25:39.414 +0900,2026-03-04 12:25:39.414 +0900,,外国籍選手,アメリカ合衆国,アメリカ合衆国,player
"51000430",ディー・ジェイ・ホグ,D.J. Hogg,"704","10",2026-02-24 14:57:28.719 +0900,2026-08-24 16:12:23.925 +0900,,外国籍選手,アメリカ合衆国,アメリカ合衆国,player
"51000439",塚本 智裕,Tomohiro Tsukamoto,"701","2",2026-03-03 17:25:04.626 +0900,2026-08-24 16:12:23.925 +0900,,日本人選手,日本,千葉県,player
"51000467",瀬川 琉久,Riku Segawa,"704","5",2026-03-03 17:46:17.378 +0900,2026-08-24 16:12:23.925 +0900,,日本人選手,日本,兵庫県,player
"51000451",内藤 晴樹,Haruki Naito,"693","11",2026-03-03 17:25:04.626 +0900,2026-03-03 17:25:04.626 +0900,,日本人選手,日本,秋田県,player
"8509",桜井 良太,Ryota Sakurai,"702","11",2026-03-05 22:29:27.395 +0900,2026-08-24 16:12:23.925 +0900,,日本人選手,日本,三重県,player
"8510",西川 貴之,Takanobu Nishikawa,"700","7",2026-03-05 22:29:27.395 +0900,2026-08-24 16:12:23.925 +0900,,日本人選手,日本,北海道,player
"8513",松島 良豪,Yoshitake Matsushima,"702","32",2026-05-26 16:51:46.437 +0900,2026-08-24 16:12:23.925 +0900,,日本人選手,日本,沖縄県,player
"8516",中東 泰斗,Taito Nakahigashi,"729","12",2026-02-24 14:57:28.719 +0900,2026-08-24 16:12:23.925 +0900,,日本人選手,日本,奈良県,player
"8517",笹山 貴哉,Takaya Sasayama,"717","21",2026-03-03 16:36:27.495 +0900,2026-08-24 16:12:23.925 +0900,,日本人選手,日本,三重県,player
"8529",鵤 誠司,Seiji Ikaruga,"703","18",2026-02-24 14:57:28.719 +0900,2026-08-24 16:12:23.925 +0900,,日本人選手,日本,福岡県,player
"55000123",小川 瑛次郎,Eijiro Ogawa,"693","13",2026-03-03 17:46:17.378 +0900,2026-03-03 17:46:17.378 +0900,,日本人選手,日本,秋田県,player
"51000457",轟 琉維,Rui Todoroki,"1638","8",2026-03-03 17:46:17.378 +0900,2026-03-03 17:46:17.378 +0900,,日本人選手,日本,佐賀県,player
"51000394",マイク・コッツァー,Maik Kotsar,"694","21",2026-02-24 14:57:28.719 +0900,2026-02-24 14:57:28.719 +0900,,外国籍選手,エストニア,エストニア,player
"51000562",松本 秦,Shin Matsumoto,"703","21",2026-03-03 17:46:17.378 +0900,2026-03-03 17:46:17.378 +0900,,日本人選手,日本,兵庫県,player
"8532",北川 弘,Hiromu Kitagawa,"720","6",2026-02-24 14:57:28.719 +0900,2026-08-24 16:12:23.925 +0900,,日本人選手,日本,滋賀県,player
"8535",松崎 賢人,Kento Matsuzaki,"718","3",2026-05-26 16:58:35.172 +0900,2026-08-24 16:12:23.925 +0900,,日本人選手,日本,兵庫県,player
"51000470",西田 陽成,Yosei Nishida,"698","14",2026-03-03 17:46:17.378 +0900,2026-03-03 17:46:17.378 +0900,,日本人選手,日本,徳島県,player
"51000452",長谷川 比源,Higen Hasegawa,"698","34",2026-03-03 17:25:04.626 +0900,2026-03-03 17:25:04.626 +0900,,日本人選手,日本,神奈川県,player
"8537",坂井 レオ,Reo Sakai,"718","10",2026-03-03 17:46:17.378 +0900,2026-08-24 16:12:23.925 +0900,,日本人選手,日本,大阪府,player
"8538",道原 紀晃,Noriaki Dohara,"718","13",2026-05-26 16:58:35.172 +0900,2026-08-24 16:12:23.925 +0900,,日本人選手,日本,兵庫県,player
"51000445",新沼 康生,Kosei Niinuma,"692","24",2026-03-03 17:46:17.378 +0900,2026-03-03 17:46:17.378 +0900,,日本人選手,日本,東京都,player
"55000964",石原 蔵之助,Kuranosuke Ishihara,"53000073","14",2026-05-26 17:00:29.406 +0900,2026-05-27 14:48:11.700 +0900,,日本人選手,日本,日本,player
"51000427",タイラー・ラム,Tyler Lamb,"53000064","8",2026-05-26 17:00:29.406 +0900,2026-06-02 18:05:41.566 +0900,,外国籍選手,タイ,タイ,player
"43470",加賀谷 ジェームス 洸太朗,Kotaro James kagaya,"53000073","10",2026-05-26 17:00:29.406 +0900,2026-05-26 17:00:29.406 +0900,"55000967",日本人選手,ユース育成特別枠,鹿児島県,player
"55000845",林 空翔,Takato Hayashi,"53000072","6",2026-03-03 17:46:17.378 +0900,2026-05-27 14:48:11.700 +0900,,日本人選手,日本,日本,player
"55000977",宮里 俊佑,Syunsuke Miyazato,"53000072","7",2026-03-03 17:46:17.378 +0900,2026-05-27 14:48:11.700 +0900,,日本人選手,日本,日本,player
"8539",梁川 禎浩,Tadahiro Yanagawa,"718","19",2026-05-26 16:58:35.172 +0900,2026-08-24 16:12:23.925 +0900,,日本人選手,日本,大阪府,player
"51000447",佐藤 涼成,Ryosei Sato,"721","88",2026-03-04 12:25:39.414 +0900,2026-03-04 12:25:39.414 +0900,,日本人選手,日本,岩手県,player
"8552",渡邊 翔太,Shota Watanabe,"697","7",2026-05-26 16:58:35.172 +0900,2026-08-24 16:12:23.925 +0900,,日本人選手,日本,兵庫県,player
"8554",秋葉 真司,Shinji Akiba,"726","2",2026-05-26 16:58:52.170 +0900,2026-08-24 16:12:23.925 +0900,,日本人選手,日本,山形県,player
"8557",村越 圭佑,Keisuke Murakoshi,"726","92",2026-02-24 14:57:28.719 +0900,2026-08-24 16:12:23.925 +0900,,日本人選手,日本,静岡県,player
"8563",大石 慎之介,Shinnosuke Ohishi,"697","1",2026-05-26 16:51:46.437 +0900,2026-08-24 16:12:23.925 +0900,,日本人選手,日本,静岡県,player
"8567",岡田 慎吾,Shingo Okada,"697","11",2026-05-26 16:51:46.437 +0900,2026-08-24 16:12:23.925 +0900,,日本人選手,日本,群馬県,player
"8568",鈴木 達也,Tatsuya Suzuki,"700","35",2026-02-24 14:57:28.719 +0900,2026-08-24 16:12:23.925 +0900,,日本人選手,日本,東京都,player
"8569",鹿野 洵生,Junki Kano,"697","45",2026-05-26 16:51:46.437 +0900,2026-08-24 16:12:23.925 +0900,,日本人選手,日本,埼玉県,player
"15841",東 宏輝,Hiroki Higashi,"696","71",2026-03-05 22:29:27.395 +0900,2026-03-05 22:29:27.395 +0900,,日本人選手,日本,埼玉県,player
"51000112",二上 耀,Hikaru Futagami,"704","9",2026-03-03 17:46:17.378 +0900,2026-03-03 17:46:17.378 +0900,,日本人選手,日本,福井県,player
"51000482",十返 翔里,Shori Togaeri,"713","12",2026-03-03 17:46:17.378 +0900,2026-03-03 17:46:17.378 +0900,,日本人選手,日本,埼玉県,player
"10263",澤邉 圭太,Keita Sawabe,"692","7",2026-03-05 22:29:27.395 +0900,2026-08-24 16:12:23.925 +0900,,日本人選手,日本,熊本県,player
"33083",ストックマンJr.　ケドリック,Kedrick Stockman Jr.,"717","2",2026-03-06 08:27:06.340 +0900,2026-03-06 08:27:06.340 +0900,,日本人選手,日本,神奈川県,player
"10849",伊藤 達哉,Tatsuya Ito,"701","3",2026-02-24 14:57:28.719 +0900,2026-08-24 16:12:23.925 +0900,,日本人選手,日本,千葉県,player
"15811",佐藤 卓磨,Takuma Sato,"729","14",2026-02-24 14:57:28.719 +0900,2026-08-24 16:12:23.925 +0900,,日本人選手,日本,北海道,player
"51000276",森口 弥,Hisashi Moriguchi,"697","11",2026-03-05 22:29:27.395 +0900,2026-03-05 22:29:27.395 +0900,,日本人選手,日本,大阪府,player
"55000966",安藤 煌太朗,Kotaro Ando,"702","19",2026-03-03 17:46:17.378 +0900,2026-03-03 17:46:17.378 +0900,,日本人選手,日本,北海道,player
"55000981",プラット 聖也,Sena Platt,"53000072","14",2026-03-03 17:46:17.378 +0900,2026-03-03 17:46:17.378 +0900,,日本人選手,日本,日本,player
"55000976",エルマスリ アダム,Adam Elmasri,"53000073","14",2026-03-03 17:46:17.378 +0900,2026-03-03 17:46:17.378 +0900,,日本人選手,日本,日本,player
"5100000090",マーク・バートン,Mark Burton,"717","1",2026-08-18 18:19:47.688 +0900,2026-08-18 18:19:47.688 +0900,,日本人選手,日本,日本,player
"18461",岸田 篤生,Atsuki Kishida,"1638","20",2026-02-24 14:57:28.719 +0900,2026-08-24 16:12:23.925 +0900,,日本人選手,日本,鳥取県,player
"18167",笠井 康平,Kohei Kasai,"703","3",2026-03-06 08:27:06.340 +0900,2026-03-06 08:27:06.340 +0900,,日本人選手,日本,香川県,player
"26876",青木 龍史,Ryuji Aoki,"699","13",2026-03-05 22:29:27.395 +0900,2026-08-24 16:12:23.925 +0900,,日本人選手,日本,埼玉県,player
"26888",井上 諒汰,Ryota Inoue,"1638","34",2026-02-24 14:57:28.719 +0900,2026-08-24 16:12:23.925 +0900,,日本人選手,日本,神奈川県,player
"5100000012",荒谷 裕秀,Hirohide Araya,"2488","11",2026-02-24 14:57:28.719 +0900,2026-08-24 16:12:23.925 +0900,"45862",日本人選手,日本,宮城県,player
"51000174",サイモン 拓海,Takumi Simon,"716","30",2026-03-05 22:29:27.395 +0900,2026-03-05 22:29:27.395 +0900,,日本人選手,日本,兵庫県,player
"5100000017",土家 大輝,Daiki Tsuchiya,"700","12",2026-02-24 14:57:28.719 +0900,2026-08-24 16:12:23.925 +0900,,日本人選手,日本,岡山県,player
"51000117",小西 聖也,Seiya Konishi,"699","5",2026-02-24 14:57:28.719 +0900,2026-08-24 16:12:23.925 +0900,,日本人選手,日本,大阪府,player
"51000138",松本 礼太,Reita Matsumoto,"745","12",2026-03-03 17:25:04.626 +0900,2026-08-24 16:12:23.925 +0900,,日本人選手,日本,宮城県,player
"51000204",浦野 泰斗,Taito Urano,"696","15",2026-03-06 08:27:06.340 +0900,2026-08-24 16:12:23.925 +0900,,日本人選手,日本,大阪府,player
"51000252",小針 幸也,Koya Kobari,"727","2",2026-02-24 14:57:28.719 +0900,2026-08-24 16:12:23.925 +0900,,日本人選手,日本,神奈川県,player
"51000275",ワイリー 光希スカイ,Kokisky Wiley,"720","20",2026-02-24 14:57:28.719 +0900,2026-08-24 16:12:23.925 +0900,,日本人選手,日本,千葉県,player
"8512",野口 大介,Daisuke Noguchi,"2488","23",2026-03-05 22:29:27.395 +0900,2026-08-24 16:12:23.925 +0900,,日本人選手,日本,北海道,player
"8571",田渡 修人,Shuto Tawatari,"697","73",2026-03-06 08:27:06.340 +0900,2026-08-24 16:12:23.925 +0900,,日本人選手,日本,東京都,player
"51000243",喜志永 修斗,Shuto Kishinaga,"696","10",2026-03-05 22:29:27.395 +0900,2026-03-05 22:29:27.395 +0900,,日本人選手,日本,山口県,player
"8577",長谷川 智伸,Tomonobu Hasegawa,"697","6",2026-05-26 16:51:46.437 +0900,2026-08-24 16:12:23.925 +0900,,日本人選手,日本,島根県,player
"8578",阿部 友和,Tomokazu Abe,"696","7",2026-05-26 16:51:46.437 +0900,2026-08-24 16:12:23.925 +0900,,日本人選手,日本,福岡県,player
"8579",マイケル・パーカー,Michael Parker,"713","3",2026-02-24 14:57:28.719 +0900,2026-08-24 16:12:23.925 +0900,,帰化選手,日本,アメリカ合衆国,player
"8580",西村 文男,Fumio Nishimura,"704","11",2026-02-24 14:57:28.719 +0900,2026-08-24 16:12:23.925 +0900,,日本人選手,日本,三重県,player
"8582",荒尾 岳,Gaku Arao,"704","25",2026-02-24 14:57:28.719 +0900,2026-08-24 16:12:23.925 +0900,,日本人選手,日本,富山県,player
"8584",原 修太,Shuta Hara,"704","31",2026-02-24 14:57:28.719 +0900,2026-08-24 16:12:23.925 +0900,,日本人選手,日本,千葉県,player
"8585",小野 龍猛,Ryumo Ono,"699","0",2026-02-24 14:57:28.719 +0900,2026-08-24 16:12:23.925 +0900,,日本人選手,日本,東京都,player
"8586",伊藤 俊亮,Shunsuke Ito,"704","44",2026-05-26 16:51:46.437 +0900,2026-08-24 16:12:23.925 +0900,,日本人選手,日本,神奈川県,player
"8587",橋本 竜馬,Ryoma Hashimoto,"745","0",2026-02-24 14:57:28.719 +0900,2026-08-24 16:12:23.925 +0900,,日本人選手,日本,福岡県,player
"8588",柏木 真介,Shinsuke Kashiwagi,"728","3",2026-03-03 17:25:04.626 +0900,2026-08-24 16:12:23.925 +0900,,日本人選手,日本,北海道,player
"8590",狩俣 昌也,Masaya Karimata,"2488","4",2026-02-24 14:57:28.719 +0900,2026-08-24 16:12:23.925 +0900,,日本人選手,日本,沖縄県,player
"8591",アイザック・バッツ,Isaac Butts,"729","15",2026-02-24 14:57:28.719 +0900,2026-08-24 16:12:23.925 +0900,,外国籍選手,アメリカ合衆国,アメリカ合衆国,player
"8593",ギャビン・エドワーズ,Gavin Edwards,"704","21",2026-02-24 14:57:28.719 +0900,2026-08-24 16:12:23.925 +0900,,帰化選手,日本,アメリカ合衆国,player
"9220",田村 晋,Susumu Tamura,"745","17",2026-03-03 17:25:04.626 +0900,2026-03-03 17:25:04.626 +0900,,日本人選手,日本,愛知県,player
"51000524",トレイ・ケル,Trey Kell,"696","8",2026-03-03 17:46:17.378 +0900,2026-03-03 17:46:17.378 +0900,,外国籍選手,アメリカ合衆国,アメリカ合衆国,player
"51000431",菅野 ブルース,Bruce Kanno,"704","6",2026-03-03 17:25:04.626 +0900,2026-03-03 17:25:04.626 +0900,,日本人選手,日本,岩手県,player
"20004",林 瑛司,Eiji Hayashi,"717","6",2026-03-06 08:27:06.340 +0900,2026-03-06 08:27:06.340 +0900,,日本人選手,日本,長野県,player
"5100000006",池田 祐一,Yuichi Ikeda,"745","12",2026-03-03 17:46:17.378 +0900,2026-03-03 17:46:17.378 +0900,,日本人選手,日本,沖縄県,player
"30401",大庭 岳輝,Takeru Oba,"745","14",2026-02-24 14:57:28.719 +0900,2026-02-24 14:57:28.719 +0900,,日本人選手,日本,大阪府,player
"51000550",松村 竜吾,Ryugo Matsumura,"721","5",2026-08-18 18:07:46.571 +0900,2026-08-18 18:07:46.571 +0900,,日本人選手,日本,日本,player
"20023",松山 駿,Shun Matsuyama,"745","7",2026-02-24 14:57:28.719 +0900,2026-08-24 16:12:23.925 +0900,,日本人選手,日本,福井県,player
"22491",森山 修斗,Naoto Moriyama,"698","77",2026-02-24 14:57:28.719 +0900,2026-08-24 16:12:23.925 +0900,,日本人選手,日本,滋賀県,player
"55000971",丹野 路和,Rowa Tanno,"692","77",2026-03-03 17:46:17.378 +0900,2026-03-03 17:46:17.378 +0900,,日本人選手,日本,宮城県,player
"30347",笹倉 怜寿,Reiju Sasakura,"706","33",2026-03-03 17:25:04.626 +0900,2026-08-24 16:12:23.925 +0900,,日本人選手,日本,富山県,player
"30469",久保田 義章,Yoshiaki Kubota,"699","11",2026-02-24 14:57:28.719 +0900,2026-08-24 16:12:23.925 +0900,,日本人選手,日本,福岡県,player
"30521",ラシード ファラーズ,Faraz Rashid,"699","24",2026-02-24 14:57:28.719 +0900,2026-08-24 16:12:23.925 +0900,,日本人選手,日本,埼玉県,player
"42539",小栗 瑛哉,Akitoshi Oguri,"693","20",2026-02-24 14:57:28.719 +0900,2026-08-24 16:12:23.925 +0900,,日本人選手,日本,岡山県,player
"51000116",脇 真大,Masahiro Waki,"701","18",2026-02-24 14:57:28.719 +0900,2026-08-24 16:12:23.925 +0900,,日本人選手,日本,熊本県,player
"51000280",アンソニー・クレモンズ,Anthony Clemmons,"726","5",2026-02-24 14:57:28.719 +0900,2026-08-24 16:12:23.925 +0900,,外国籍選手,アメリカ合衆国,アメリカ合衆国,player
"51000285",四家 魁人,Kaito Shike,"745","2",2026-02-24 14:57:28.719 +0900,2026-08-24 16:12:23.925 +0900,,日本人選手,日本,福島県,player
"8448",アキ・チェンバース,Aki Chambers,"726","16",2026-03-05 22:29:27.395 +0900,2026-08-24 16:12:23.925 +0900,,日本人選手,日本,東京都,player
"8479",菊池 真人,Manato Kikuchi,"729","6",2026-02-24 14:57:28.719 +0900,2026-08-24 16:12:23.925 +0900,,日本人選手,日本,福島県,player
"8507",多嶋 朝飛,Asahi Tajima,"692","8",2026-02-24 14:57:28.719 +0900,2026-08-24 16:12:23.925 +0900,,日本人選手,日本,北海道,player
"8594",長谷川 智也,Tomoya Hasegawa,"700","8",2026-03-03 17:46:17.378 +0900,2026-08-24 16:12:23.925 +0900,,日本人選手,日本,新潟県,player
"8641",山口 祐希,Yuki Yamaguchi,"696","1",2026-05-26 16:58:52.170 +0900,2026-08-24 16:12:23.925 +0900,,日本人選手,日本,東京都,player
"8642",遥 天翼,Tenyoku You,"753","0",2026-05-26 16:51:46.437 +0900,2026-08-24 16:12:23.925 +0900,,日本人選手,日本,中国,player
"51000190",山崎 凜,Rin Yamazaki,"717","90",2026-02-24 14:57:28.719 +0900,2026-02-24 14:57:28.719 +0900,,日本人選手,日本,愛知県,player
"8643",畠山 俊樹,Shunki Hatakeyama,"700","32",2026-05-26 16:51:46.437 +0900,2026-08-24 16:12:23.925 +0900,,日本人選手,日本,宮城県,player
"8645",五十嵐 圭,Kei Igarashi,"713","7",2026-03-05 22:29:27.395 +0900,2026-08-24 16:12:23.925 +0900,,日本人選手,日本,新潟県,player
"8653",大宮 宏正,Hiromasa Omiya,"697","44",2026-03-06 08:32:08.441 +0900,2026-03-06 08:32:08.441 +0900,,日本人選手,日本,栃木県,player
"8649",ライアン・ロシター,Ryan Rossiter,"706","22",2026-02-24 14:57:28.719 +0900,2026-08-24 16:12:23.925 +0900,,帰化選手,日本,アメリカ合衆国,player
"8650",田臥 勇太,Yuta Tabuse,"703","0",2026-03-03 16:36:27.495 +0900,2026-08-24 16:12:23.925 +0900,,日本人選手,日本,神奈川県,player
"51000473",福永 健太,Kenta Fukunaga,"1638","6",2026-03-05 18:16:30.233 +0900,2026-03-05 18:16:30.233 +0900,,日本人選手,日本,佐賀県,player
"8654",津山 尚大,Shota Tsuyama,"720","13",2026-02-24 14:57:28.719 +0900,2026-08-24 16:12:23.925 +0900,,日本人選手,日本,沖縄県,player
"32988",ケニー・ローソン・ジュニア,Kenny Lawson Jr.,"713","25",2026-03-03 17:25:04.626 +0900,2026-03-03 17:25:04.626 +0900,,外国籍選手,アメリカ合衆国,アメリカ合衆国,player
"8655",岸本 隆一,Ryuichi Kishimoto,"701","14",2026-02-24 14:57:28.719 +0900,2026-08-24 16:12:23.925 +0900,,日本人選手,日本,沖縄県,player
"8656",田代 直希,Naoki Tashiro,"704","4",2026-02-24 14:57:28.719 +0900,2026-08-24 16:12:23.925 +0900,,日本人選手,日本,千葉県,player
"8657",喜多川 修平,Shuhei Kitagawa,"745","31",2026-02-24 14:57:28.719 +0900,2026-08-24 16:12:23.925 +0900,,日本人選手,日本,神奈川県,player
"8658",山内 盛久,Morihisa Yamauchi,"697","32",2026-02-24 14:57:28.719 +0900,2026-08-24 16:12:23.925 +0900,,日本人選手,日本,沖縄県,player
"8662",満原 優樹,Yuki Mitsuhara,"1638","32",2026-02-24 14:57:28.719 +0900,2026-08-24 16:12:23.925 +0900,,日本人選手,日本,神奈川県,player
"8677",菅野 翔太,Shota Kanno,"697","21",2026-05-26 16:58:52.170 +0900,2026-08-24 16:12:23.925 +0900,,日本人選手,日本,福島県,player
"8680",今野 翔太,Shota Konno,"700","1",2026-05-26 16:51:46.437 +0900,2026-08-24 16:12:23.925 +0900,,日本人選手,日本,大阪府,player
"8681",綿貫 瞬,Shun Watanuki,"695","17",2026-03-05 22:29:27.395 +0900,2026-08-24 16:12:23.925 +0900,,日本人選手,日本,神奈川県,player
"8683",相馬 卓弥,Takuya Soma,"717","18",2026-03-03 16:36:27.495 +0900,2026-08-24 16:12:23.925 +0900,,日本人選手,日本,宮崎県,player
"51000585",西部 秀馬,Shuma Nishibe,"699","7",2026-03-03 17:46:17.378 +0900,2026-03-03 17:46:17.378 +0900,,日本人選手,日本,愛知県,player
"51000591",新井 楽人,Gakuto Arai,"694","6",2026-03-03 17:46:17.378 +0900,2026-03-03 17:46:17.378 +0900,,日本人選手,日本,愛知県,player
"51000388",岡部 雅大,Masahiro Okabe,"699","11",2026-03-03 17:25:04.626 +0900,2026-03-03 17:25:04.626 +0900,,日本人選手,日本,茨城県,player
"5100000026",笹山 陸,Riku Sasayama,"694","2",2026-03-03 17:25:04.626 +0900,2026-03-03 17:25:04.626 +0900,,日本人選手,日本,三重県,player
"9214",横塚 蛍,Hotaru Yokotsuka,"745","3",2026-03-05 18:16:30.233 +0900,2026-03-05 18:16:30.233 +0900,,日本人選手,日本,栃木県,player
"51000589",佐古 竜誠,Ryusei Sako,"721","14",2026-03-03 17:46:17.378 +0900,2026-03-03 17:46:17.378 +0900,,日本人選手,日本,広島県,player
"51000464",泉 登翔,Towa Izumi,"696","14",2026-03-03 17:46:17.378 +0900,2026-03-03 17:46:17.378 +0900,,日本人選手,日本,広島県,player
"51000583",赤間 賢人,Kento Akama,"712","12",2026-03-03 17:46:17.378 +0900,2026-03-03 17:46:17.378 +0900,,日本人選手,日本,福岡県,player
"51000313",ジェイク・レイマン,Jake Layman,"728","10",2026-02-24 14:57:28.719 +0900,2026-02-24 14:57:28.719 +0900,,外国籍選手,アメリカ合衆国,アメリカ合衆国,player
"30511",金久保 翔,Kakeru Kanakubo,"693","33",2026-03-05 18:16:30.233 +0900,2026-03-05 18:16:30.233 +0900,,日本人選手,日本,埼玉県,player
"51000590",田中 流嘉州,Lucas Tanaka,"2488","32",2026-03-03 17:46:17.378 +0900,2026-03-03 17:46:17.378 +0900,,日本人選手,日本,三重県,player
"51000297",アーロン・ホワイト,Aaron White,"728","30",2026-03-03 17:46:17.378 +0900,2026-03-03 17:46:17.378 +0900,,外国籍選手,アメリカ合衆国,アメリカ合衆国,player
"30457",多田 武史,Takeshi Tada,"693","22",2026-03-06 08:27:06.340 +0900,2026-03-06 08:27:06.340 +0900,,日本人選手,日本,新潟県,player
"51000560",フランク・カミンスキー,FRANK KAMINSKY,"706","44",2026-08-18 18:36:48.583 +0900,2026-08-18 18:36:48.583 +0900,,外国籍選手,アメリカ合衆国,アメリカ合衆国,player
"19956",シェーファー アヴィ幸樹,Avi Koki Schafer,"728","32",2026-02-24 14:57:28.719 +0900,2026-08-24 16:12:23.925 +0900,,日本人選手,日本,兵庫県,player
"5100000022",米須 玲音,Reoto Yonesu,"727","11",2026-03-03 17:25:04.626 +0900,2026-08-24 16:12:23.925 +0900,,日本人選手,日本,長崎県,player
"15835",卜部 兼慎,Kenshin Urabe,"728","24",2026-03-05 22:29:27.395 +0900,2026-03-05 22:29:27.395 +0900,,日本人選手,日本,兵庫県,player
"51000213",荻沼 隼佑,Shunsuke Oginuma,"712","10",2026-03-06 08:27:06.340 +0900,2026-03-06 08:27:06.340 +0900,,日本人選手,日本,茨城県,player
"51000212",山口 哲平,Teppei Yamaguchi,"712","23",2026-03-06 08:27:06.340 +0900,2026-03-06 08:27:06.340 +0900,,日本人選手,日本,茨城県,player
"51000123",松下 裕汰,Yuta Matsushita,"702","66",2026-02-24 14:57:28.719 +0900,2026-08-24 16:12:23.925 +0900,,日本人選手,日本,静岡県,player
"51000344",永野 威旺,Io Nagano,"2488","10",2026-03-05 18:16:30.233 +0900,2026-08-24 16:12:23.925 +0900,,日本人選手,日本,長崎県,player
"8534",朝山 正悟,Shogo Asayama,"721","2",2026-03-05 22:29:27.395 +0900,2026-08-24 16:12:23.925 +0900,,日本人選手,日本,神奈川県,player
"8565",太田 敦也,Atsuya Ota,"697","8",2026-02-24 14:57:28.719 +0900,2026-08-24 16:12:23.925 +0900,,日本人選手,日本,愛知県,player
"8583",石井 講祐,Kosuke Ishii,"704","27",2026-02-24 14:57:28.719 +0900,2026-08-24 16:12:23.925 +0900,,日本人選手,日本,千葉県,player
"8688",根來 新之助,Shinnosuke Negoro,"717","6",2026-03-05 22:29:27.395 +0900,2026-08-24 16:12:23.925 +0900,,日本人選手,日本,大阪府,player
"8690",合田 怜,Rei Goda,"700","20",2026-02-24 14:57:28.719 +0900,2026-08-24 16:12:23.925 +0900,,日本人選手,日本,大阪府,player
"8701",橋本 拓哉,Takuya Hashimoto,"700","14",2026-03-03 17:25:04.626 +0900,2026-08-24 16:12:23.925 +0900,,日本人選手,日本,大阪府,player
"51000586",岩下 准平,Junpei Iwashita,"698","2",2026-03-03 17:46:17.378 +0900,2026-03-03 17:46:17.378 +0900,,日本人選手,日本,福岡県,player
"8712",細谷 将司,Masashi Hosoya,"728","4",2026-03-06 08:27:06.340 +0900,2026-08-24 16:12:23.925 +0900,,日本人選手,日本,神奈川県,player
"51000588",堀 陽稀,Haruki Hori,"745","13",2026-03-03 17:46:17.378 +0900,2026-03-03 17:46:17.378 +0900,,日本人選手,日本,大阪府,player
"8713",湊谷 安玲久司朱,Alexis Minatoya,"694","5",2026-05-26 16:51:46.437 +0900,2026-08-24 16:12:23.925 +0900,,日本人選手,日本,青森県,player
"51000283",高橋 幸,Ko Takahashi,"702","37",2026-03-05 22:29:27.395 +0900,2026-03-05 22:29:27.395 +0900,,日本人選手,日本,神奈川県,player
"8719",高島 一貴,Kazutaka Takashima,"694","2",2026-05-26 16:51:46.437 +0900,2026-08-24 16:12:23.925 +0900,,日本人選手,日本,茨城県,player
"8720",竹田 謙,Ken Takeda,"694","25",2026-05-26 16:51:46.437 +0900,2026-08-24 16:12:23.925 +0900,,日本人選手,日本,神奈川県,player
"8721",川村 卓也,Takuya Kawamura,"694","1",2026-03-06 08:46:42.722 +0900,2026-08-24 16:12:23.925 +0900,,日本人選手,日本,岩手県,player
"8727",川嶋 勇人,Hayato Kawashima,"699","15",2026-02-24 14:57:28.719 +0900,2026-08-24 16:12:23.925 +0900,,日本人選手,日本,京都府,player
"8730",清水 太志郎,Taishiro Shimizu,"726","1",2026-05-26 16:51:46.437 +0900,2026-08-24 16:12:23.925 +0900,,日本人選手,日本,宮崎県,player
"51000584",金山 颯,Hayate Kanayama,"720","2",2026-03-03 17:46:17.378 +0900,2026-03-03 17:46:17.378 +0900,,日本人選手,日本,島根県,player
"8731",城宝 匡史,Masashi Joho,"753","31",2026-05-26 16:51:46.437 +0900,2026-08-24 16:12:23.925 +0900,,日本人選手,日本,北海道,player
"8732",岡田 優,Yu Okada,"718","30",2026-05-26 16:51:46.437 +0900,2026-08-24 16:12:23.925 +0900,,日本人選手,日本,滋賀県,player
"8734",白濱 僚祐,Ryosuke Shirahama,"720","15",2026-02-24 14:57:28.719 +0900,2026-08-24 16:12:23.925 +0900,,日本人選手,日本,佐賀県,player
"8736",藤永 佳昭,Yoshiaki Fujinaga,"693","2",2026-03-03 17:46:17.378 +0900,2026-08-24 16:12:23.925 +0900,,日本人選手,日本,兵庫県,player
"8737",船生 誠也,Seiya Funyu,"726","7",2026-02-24 14:57:28.719 +0900,2026-08-24 16:12:23.925 +0900,,日本人選手,日本,福島県,player
"8738",張本 天傑,Tenketsu Harimoto,"729","8",2026-02-24 14:57:28.719 +0900,2026-08-24 16:12:23.925 +0900,,日本人選手,日本,愛知県,player
"8756",小野寺 祥太,Shota Onodera,"701","34",2026-02-24 14:57:28.719 +0900,2026-08-24 16:12:23.925 +0900,,日本人選手,日本,岩手県,player
"8768",山田 大治,Daiji Yamada,"696","8",2026-05-26 16:58:52.170 +0900,2026-08-24 16:12:23.925 +0900,,日本人選手,日本,大阪府,player
"8784",ファイ サンバ,Samba Faye,"696","1",2026-03-06 08:27:06.340 +0900,2026-08-24 16:12:23.925 +0900,,外国籍選手,帰化,セネガル,player
"8835",ジェフ・ギブス,Jeff Gibbs,"745","4",2026-02-24 14:57:28.719 +0900,2026-08-24 16:12:23.925 +0900,,帰化選手,アメリカ合衆国,アメリカ合衆国,player
"8839",岡本 飛竜,Hiryu Okamoto,"706","1",2026-03-03 16:36:27.495 +0900,2026-08-24 16:12:23.925 +0900,,日本人選手,日本,鳥取県,player
"55000578",関谷 間,Aima Sekiya,"704","00",2026-03-03 17:25:04.626 +0900,2026-03-03 17:25:04.626 +0900,,日本人選手,日本,東京都,player
"51000158",ブロック・モータム,Brock Motum,"696","12",2026-02-24 14:57:28.719 +0900,2026-02-24 14:57:28.719 +0900,,外国籍選手,オーストラリア,オーストラリア,player
"18428",栗原 ルイス,Louis Kurihara,"716","12",2026-03-05 22:29:27.395 +0900,2026-03-05 22:29:27.395 +0900,,日本人選手,日本,アメリカ合衆国,player
"51000167",鍵冨 太雅,Taiga Kagitomi,"712","24",2026-03-05 22:29:27.395 +0900,2026-03-05 22:29:27.395 +0900,,日本人選手,日本,東京都,player
"51000228",小川 敦也,Atsuya Ogawa,"703","7",2026-02-24 14:57:28.719 +0900,2026-02-24 14:57:28.719 +0900,,日本人選手,日本,新潟県,player
"8462",小林 遥太,Ryota Kobayashi,"692","0",2026-03-05 22:29:27.395 +0900,2026-03-05 22:29:27.395 +0900,,日本人選手,日本,新潟県,player
"51000150",モサク オルワダミロラ 雄太 ジョセフ,Oluwadamilola Yuta Joseph Mosaku,"695","2",2026-02-24 14:57:28.719 +0900,2026-02-24 14:57:28.719 +0900,,日本人選手,日本,埼玉県,player
"5100000081",アイザック・フォトゥ,Isaac Fotu,"703","42",2026-02-24 14:57:28.719 +0900,2026-02-24 14:57:28.719 +0900,,外国籍選手,ニュージーランド,ニュージーランド,player
"55000566",藤原 拓海,Takumi Fujiwara,"53000063","6",2026-03-06 08:42:09.497 +0900,2026-03-06 08:42:09.497 +0900,,日本人選手,日本,日本,player
"15816",林 翔太郎,Shotaro Hayashi,"727","3",2026-03-06 08:27:06.340 +0900,2026-08-24 16:12:23.925 +0900,,日本人選手,日本,北海道,player
"20003",玉木 祥護,Shogo Tamaki,"695","65",2026-03-06 08:27:06.340 +0900,2026-08-24 16:12:23.925 +0900,,日本人選手,日本,北海道,player
"26889",中西 佑介,Yusuke Nakanishi,"1638","66",2026-03-03 17:25:04.626 +0900,2026-08-24 16:12:23.925 +0900,,日本人選手,日本,京都府,player
"30436",星野 曹樹,Tomoki Hoshino,"692","2",2026-02-24 14:57:28.719 +0900,2026-08-24 16:12:23.925 +0900,,日本人選手,日本,新潟県,player
"5100000044",遠藤 善,Zen Endo,"695","34",2026-02-24 14:57:28.719 +0900,2026-08-24 16:12:23.925 +0900,,日本人選手,日本,新潟県,player
"5100000066",木村 圭吾,Keigo Kimura,"713","12",2026-03-05 22:29:27.395 +0900,2026-08-24 16:12:23.925 +0900,,日本人選手,日本,東京都,player
"51000136",野﨑 由之,Yoshiyuki Nozaki,"696","3",2026-03-05 22:29:27.395 +0900,2026-08-24 16:12:23.925 +0900,,日本人選手,日本,千葉県,player
"12599",冨岡 大地,Daichi Tomioka,"695","5",2026-03-06 08:27:06.340 +0900,2026-03-06 08:27:06.340 +0900,,日本人選手,日本,広島県,player
"51000322",山本 楓己,Fuki Yamamoto,"716","5",2026-03-05 22:29:27.395 +0900,2026-03-05 22:29:27.395 +0900,,日本人選手,日本,愛知県,player
"51000230",武内 理貴,Riki Takeuchi,"721","17",2026-02-24 14:57:28.719 +0900,2026-08-24 16:12:23.925 +0900,,日本人選手,日本,愛媛県,player
"8446",伊藤 駿,Takashi Ito,"726","7",2026-03-05 22:29:27.395 +0900,2026-08-24 16:12:23.925 +0900,,日本人選手,日本,宮城県,player
"51000231",高橋 克実,Katsumi Takahashi,"704","7",2026-03-06 08:41:53.163 +0900,2026-03-06 08:41:53.163 +0900,,日本人選手,日本,大阪府,player
"8476",池田 雄一,Yuichi Ikeda,"695","32",2026-03-06 08:27:06.340 +0900,2026-08-24 16:12:23.925 +0900,,日本人選手,日本,新潟県,player
"51000376",大石 空汰,Sorata Oishi,"1638","17",2026-03-06 08:18:01.487 +0900,2026-03-06 08:18:01.487 +0900,,日本人選手,日本,佐賀県,player
"8497",遠藤 祐亮,Yusuke Endo,"703","9",2026-02-24 14:57:28.719 +0900,2026-08-24 16:12:23.925 +0900,,日本人選手,日本,千葉県,player
"8501",水戸 健史,Takeshi Mito,"696","9",2026-03-03 17:46:17.378 +0900,2026-08-24 16:12:23.925 +0900,,日本人選手,日本,富山県,player
"8589",比江島 慎,Makoto Hiejima,"703","6",2026-02-24 14:57:28.719 +0900,2026-08-24 16:12:23.925 +0900,,日本人選手,日本,福岡県,player
"32984",エリエット・ドンリー,Eliet Donley,"700","3",2026-03-05 22:29:27.395 +0900,2026-03-05 22:29:27.395 +0900,,日本人選手,日本,神奈川県,player
"8726",竹内 公輔,Kosuke Takeuchi,"703","10",2026-02-24 14:57:28.719 +0900,2026-08-24 16:12:23.925 +0900,,日本人選手,日本,大阪府,player
"8739",中務 敏宏,Toshihiro Nakatsuka,"729","18",2026-02-24 14:57:28.719 +0900,2026-08-24 16:12:23.925 +0900,,日本人選手,日本,大阪府,player
"9027",セオン・エディ,Seaun Eddy,"718","1",2026-05-26 16:51:50.282 +0900,2026-08-24 16:12:23.925 +0900,,日本人選手,日本,東京都,player
"9031",ザック・バランスキー,Zack Baranski,"706","10",2026-02-24 14:57:28.719 +0900,2026-08-24 16:12:23.925 +0900,,日本人選手,日本,アメリカ合衆国,player
"9032",菊地 祥平,Shohei Kikuchi,"706","13",2026-02-24 14:57:28.719 +0900,2026-08-24 16:12:23.925 +0900,,日本人選手,日本,山形県,player
"9033",竹内 譲次,Joji Takeuchi,"700","15",2026-02-24 14:57:28.719 +0900,2026-08-24 16:12:23.925 +0900,,日本人選手,日本,大阪府,player
"9034",松井 啓十郎,Keijuro Matsui,"696","16",2026-03-06 08:27:06.340 +0900,2026-08-24 16:12:23.925 +0900,,日本人選手,日本,東京都,player
"9037",田中 大貴,Daiki Tanaka,"726","13",2026-02-24 14:57:28.719 +0900,2026-08-24 16:12:23.925 +0900,,日本人選手,日本,長崎県,player
"9039",伊藤 大司,Taishi Ito,"702","35",2026-05-26 16:51:46.437 +0900,2026-08-24 16:12:23.925 +0900,,日本人選手,日本,三重県,player
"9040",ダバンテ・ガードナー,Davante Gardner,"728","54",2026-02-24 14:57:28.719 +0900,2026-08-24 16:12:23.925 +0900,,外国籍選手,アメリカ合衆国,アメリカ合衆国,player
"9044",福澤 晃平,Kohei Fukuzawa,"706","25",2026-02-24 14:57:28.719 +0900,2026-08-24 16:12:23.925 +0900,,日本人選手,日本,長野県,player
"9055",富樫 勇樹,Yuki Togashi,"704","2",2026-02-24 14:57:28.719 +0900,2026-08-24 16:12:23.925 +0900,,日本人選手,日本,新潟県,player
"9058",スコット・モリソン,Scott Morrison,"697","44",2026-05-26 16:51:46.437 +0900,2026-08-24 16:12:23.925 +0900,,外国籍選手,カナダ,カナダ,player
"9063",ジョシュ・ハレルソン,Josh Harrellson,"1638","55",2026-02-24 14:57:28.719 +0900,2026-08-24 16:12:23.925 +0900,,帰化選手,日本,アメリカ合衆国,player
"9068",谷口 淳,Jun Taniguchi,"718","15",2026-05-26 16:58:35.172 +0900,2026-08-24 16:12:23.925 +0900,,日本人選手,日本,大阪府,player
"8528",田中 成也,Seiya Tanaka,"692","30",2026-03-06 08:32:08.441 +0900,2026-03-06 08:32:08.441 +0900,,日本人選手,日本,新潟県,player
"51000481",浅井 英矢,Hideya Asai,"697","11",2026-03-03 17:46:17.378 +0900,2026-03-03 17:46:17.378 +0900,,日本人選手,日本,福岡県,player
"55000575",村岡 遥斗,Haruto Muraoka,"53000062","15",2026-03-06 08:42:09.497 +0900,2026-03-06 08:42:09.497 +0900,,日本人選手,日本,山形県,player
"51000221",金本 一真,Kazuma Kanemoto,"698","51",2026-03-06 08:41:53.163 +0900,2026-03-06 08:41:53.163 +0900,,日本人選手,日本,滋賀県,player
"51000251",米山 ジャバ 偉生,Eo Java Yoneyama,"704","44",2026-03-05 22:29:27.395 +0900,2026-03-05 22:29:27.395 +0900,,日本人選手,日本,山梨県,player
"32951",小池 文哉,Fumiya Koike,"695","77",2026-03-06 08:42:09.497 +0900,2026-03-06 08:42:09.497 +0900,,日本人選手,日本,新潟県,player
"999999999",???,???,"3013",,2026-03-05 22:32:07.128 +0900,2026-03-05 22:32:07.128 +0900,,日本人選手,,,player
"51000240",武藤 俊太朗,Shuntaro Buto,"727","60",2026-03-03 17:46:17.378 +0900,2026-03-03 17:46:17.378 +0900,,日本人選手,日本,新潟県,player
"51000320",ニモ 正義,Masayoshi Nimmo,"728","5",2026-03-05 22:29:27.395 +0900,2026-03-05 22:29:27.395 +0900,,日本人選手,日本,アメリカ合衆国,player
"10832",澁田 怜音,Reon Shibuta,"699","34",2026-02-24 14:57:28.719 +0900,2026-08-24 16:12:23.925 +0900,,日本人選手,日本,岩手県,player
"15817",青木 保憲,Yasunori Aoki,"692","14",2026-02-24 14:57:28.719 +0900,2026-08-24 16:12:23.925 +0900,,日本人選手,日本,静岡県,player
"5100000011",津屋 一球,Kazuma Tsuya,"697","28",2026-02-24 14:57:28.719 +0900,2026-08-24 16:12:23.925 +0900,,日本人選手,日本,青森県,player
"5100000048",コティ・クラーク,Coty Clarke,"720","1",2026-02-24 14:57:28.719 +0900,2026-08-24 16:12:23.925 +0900,,外国籍選手,アメリカ合衆国,アメリカ合衆国,player
"5100000087",トビン マーカス海舟,Marcus Kaishu Tobin,"704","22",2026-03-03 16:36:27.495 +0900,2026-08-24 16:12:23.925 +0900,,日本人選手,日本,アメリカ合衆国,player
"5100000088",ニック・ケイ,Nick Kay,"720","4",2026-02-24 14:57:28.719 +0900,2026-08-24 16:12:23.925 +0900,,外国籍選手,オーストラリア,オーストラリア,player
"51000416",デイビッド・ヌワバ,David Nwaba,"697","2",2026-02-24 14:57:28.719 +0900,2026-08-24 16:12:23.925 +0900,,外国籍選手,アメリカ合衆国,アメリカ合衆国,player
"51000124",宇都宮 陸,Riku Utsunomiya,"717","9",2026-03-05 18:16:30.233 +0900,2026-03-05 18:16:30.233 +0900,,日本人選手,日本,愛媛県,player
"55000574",山﨑 成隆,Naritaka Yamazaki,"53000062","6",2026-03-06 08:42:09.497 +0900,2026-03-06 08:42:09.497 +0900,,日本人選手,日本,日本,player
"51000225",平岡 勇人,Yuto Hiraoka,"694","31",2026-03-06 08:41:53.163 +0900,2026-03-06 08:41:53.163 +0900,,日本人選手,日本,日本,player
"55000067",五明 一真,Kazuma Gomyo,"53000063","13",2026-03-06 08:42:09.497 +0900,2026-05-27 14:48:11.700 +0900,,日本人選手,日本,日本,player
"55000570",山本 奨,Masashi Yamamoto,"53000063","14",2026-03-06 08:42:09.497 +0900,2026-05-27 14:48:11.700 +0900,,日本人選手,日本,日本,player
"55000572",藤井 大,Yamato Fujii,"53000062","4",2026-03-06 08:42:09.497 +0900,2026-05-27 14:48:11.700 +0900,,日本人選手,日本,日本,player
"8592",金丸 晃輔,Kosuke Kanamaru,"1638","14",2026-02-24 14:57:28.719 +0900,2026-08-24 16:12:23.925 +0900,,日本人選手,日本,福岡県,player
"9090",キャメロン・リドリー,Cameron Ridley,"718","55",2026-05-26 16:58:42.805 +0900,2026-08-24 16:12:23.925 +0900,,外国籍選手,アメリカ合衆国,アメリカ,player
"9259",エドワード・モリス,Edward Morris,"694","32",2026-02-24 14:57:28.719 +0900,2026-08-24 16:12:23.925 +0900,,外国籍選手,帰化,アメリカ,player
"9283",小阪 彰久,Akihisa Kosaka,"700","22",2026-05-26 16:58:35.172 +0900,2026-08-24 16:12:23.925 +0900,,日本人選手,日本,大阪府,player
"9310",山下 泰弘,Yasuhiro Yamashita,"1638","5",2026-02-24 14:57:28.719 +0900,2026-08-24 16:12:23.925 +0900,,日本人選手,日本,福岡県,player
"9311",小林 大祐,Daisuke Kobayashi,"753","6",2026-05-26 16:58:52.170 +0900,2026-08-24 16:12:23.925 +0900,,日本人選手,日本,福岡県,player
"9317",石谷 聡,Satoshi Ishitani,"753","24",2026-05-26 16:58:52.170 +0900,2026-08-24 16:12:23.925 +0900,,日本人選手,日本,福岡県,player
"55000363",李 子浩,Kohiro Lee,"53000062","9",2026-03-06 08:42:09.497 +0900,2026-05-27 14:48:11.700 +0900,,日本人選手,日本,日本,player
"55000450",藤井 暖,Non Fujii,"53000062","12",2026-03-06 08:42:09.497 +0900,2026-05-27 14:48:11.700 +0900,,日本人選手,日本,日本,player
"55000219",南 拓摩,Takuma Minami,"53000062","13",2026-03-06 08:42:09.497 +0900,2026-05-27 14:48:11.700 +0900,,日本人選手,日本,日本,player
"55000308",菅野　楓太,Futa Sugano,"53000062","14",2026-03-06 08:42:09.497 +0900,2026-05-27 14:48:11.700 +0900,,日本人選手,日本,日本,player
"9319",加納 誠也,Seiya Kanou,"753","41",2026-05-26 16:58:52.170 +0900,2026-08-24 16:12:23.925 +0900,,日本人選手,日本,愛知県,player
"9328",波多野 和也,Kazuya Hatano,"753","10",2026-05-26 16:51:46.437 +0900,2026-08-24 16:12:23.925 +0900,,日本人選手,日本,ブラジル,player
"9345",ウィリアムス ニカ,Nyika Williams,"697","12",2026-02-24 14:57:28.719 +0900,2026-08-24 16:12:23.925 +0900,,帰化選手,日本,セントビンセントおよびグレナディーン諸島,player
"9354",ロバート・ドジャー,Robert Dozier,"697","2",2026-05-26 16:51:46.437 +0900,2026-08-24 16:12:23.925 +0900,,外国籍選手,外国籍,アメリカ合衆国,player
"9369",河田 チリジ,Tshilidzi Kawata,"721","15",2026-03-03 17:25:04.626 +0900,2026-08-24 16:12:23.925 +0900,,帰化選手,日本,南アフリカ,player
"9382",ジェロウム・ティルマン,Jerome Tillman,"693","33",2026-03-05 22:31:15.258 +0900,2026-08-24 16:12:23.925 +0900,,外国籍選手,アメリカ合衆国,アメリカ合衆国,player
"9392",ダニエル・ミラー,Daniel　Miller,"702","5",2026-05-26 16:51:46.437 +0900,2026-08-24 16:12:23.925 +0900,,外国籍選手,アメリカ合衆国,アメリカ合衆国,player
"9405",森川 正明,Masaaki Morikawa,"2488","9",2026-02-24 14:57:28.719 +0900,2026-08-24 16:12:23.925 +0900,,日本人選手,日本,福井県,player
"9418",エヴァンス ルーク,Luke Evans,"720","33",2026-02-24 14:57:28.719 +0900,2026-08-24 16:12:23.925 +0900,,帰化選手,日本,アメリカ合衆国,player
"9431",ジョシュア・クロフォード,Joshua Crawford,"695","22",2026-03-05 22:33:17.039 +0900,2026-08-24 16:12:23.925 +0900,,外国籍選手,アメリカ合衆国,アメリカ合衆国,player
"9456",小寺 ハミルトンゲイリー,Hamiltongary Kotera,"701","2",2026-03-03 17:46:17.378 +0900,2026-08-24 16:12:23.925 +0900,,帰化選手,日本,アメリカ合衆国,player
"9489",並里 成,Narito Namizato,"717","3",2026-02-24 14:57:28.719 +0900,2026-08-24 16:12:23.925 +0900,,日本人選手,日本,沖縄県,player
"51000553",江原 行佐,Isa Ehara,"694","77",2026-03-03 17:46:17.378 +0900,2026-03-03 17:46:17.378 +0900,,日本人選手,日本,神奈川県,player
"30443",ウィタカ ケンタ,Kenta Whitaker,"701","27",2026-03-03 17:46:17.378 +0900,2026-03-03 17:46:17.378 +0900,,日本人選手,日本,東京都,player
"42537",元澤 誠,Sei Motozawa,"728","5",2026-03-03 17:25:04.626 +0900,2026-03-03 17:25:04.626 +0900,,日本人選手,日本,兵庫県,player
"51000520",ジョーダン・ダラス,Jordan Dallas,"726","21",2026-03-03 17:46:17.378 +0900,2026-03-03 17:46:17.378 +0900,,外国籍選手,アメリカ合衆国,アメリカ合衆国,player
"12633",ジョシュア・スミス,Joshua Smith,"729","34",2026-03-03 17:46:17.378 +0900,2026-08-24 16:12:23.925 +0900,,外国籍選手,アメリカ合衆国,アメリカ合衆国,player
"20021",吉井 裕鷹,Hirotaka Yoshii,"697","10",2026-02-24 14:57:28.719 +0900,2026-08-24 16:12:23.925 +0900,,日本人選手,日本,大阪府,player
"30400",寺嶋 良,Ryo Terashima,"721","0",2026-03-03 17:46:17.378 +0900,2026-08-24 16:12:23.925 +0900,,日本人選手,日本,東京都,player
"30459",平良 彰吾,Shogo Taira,"701","47",2026-03-03 17:25:04.626 +0900,2026-08-24 16:12:23.925 +0900,,日本人選手,日本,千葉県,player
"55000968",春田 結斗,Yuito Haruta,"729","27",2026-03-03 17:46:17.378 +0900,2026-03-03 17:46:17.378 +0900,,日本人選手,日本,岐阜県,player
"51000269",アンジェロ・カロイアロ,Angelo Caloiaro,"699","32",2026-02-24 14:57:28.719 +0900,2026-08-24 16:12:23.925 +0900,,外国籍選手,アメリカ合衆国,アメリカ合衆国,player
"51000301",エージェー・エドゥ,A.J. Edu,"2488","15",2026-02-24 14:57:28.719 +0900,2026-08-24 16:12:23.925 +0900,,外国籍選手,フィリピン,キプロス,player
"51000305",若野 瑛太,Eita Wakano,"729","17",2026-02-24 14:57:28.719 +0900,2026-08-24 16:12:23.925 +0900,,日本人選手,日本,愛知県,player
"9398",ジェフリー・パーマー,Jeffrey Parmer,"745","21",2026-03-03 17:46:17.378 +0900,2026-03-03 17:46:17.378 +0900,,外国籍選手,外国籍,アメリカ,player
"55000567",佐取 龍之介,Ryunosuke Satori,"701","77",2026-03-03 17:25:04.626 +0900,2026-08-24 16:12:23.925 +0900,,日本人選手,日本,栃木県,player
"9494",ウェンデル・ホワイト,Wendell White,"697","32",2026-05-26 16:51:50.282 +0900,2026-08-24 16:12:23.925 +0900,,外国籍選手,アメリカ合衆国,アメリカ合衆国,player
"9495",ジョシュ・チルドレス,Josh Childress,"697","1",2026-05-26 16:51:50.282 +0900,2026-08-24 16:12:23.925 +0900,,外国籍選手,アメリカ合衆国,アメリカ,player
"51000501",マイロ・マーフィー,Mylo Murphy,"717","15",2026-03-03 17:46:17.378 +0900,2026-03-03 17:46:17.378 +0900,,日本人選手,日本,アメリカ合衆国,player
"51000513",オマール・ジャマレディン,Omar Jamaleddine,"727","1",2026-03-03 17:46:17.378 +0900,2026-03-03 17:46:17.378 +0900,,外国籍選手,レバノン,アメリカ合衆国,player
"10842",三ツ井 利也,Kazuya Mitsui,"745","10",2026-03-03 17:46:17.378 +0900,2026-03-03 17:46:17.378 +0900,,日本人選手,日本,長野県,player
