"affiliation_id","player_id","team_id","jersey_number","valid_from","valid_to","first_schedule_key","last_schedule_key","detected_from","created_at"
973,"8615","698","1",2020-10-03 17:05:00.000 +0900,,5868,6451,player_game_stats_insert,2026-05-26 16:59:19.085 +0900
977,"10262","698","45",2020-10-03 17:05:00.000 +0900,,5868,6451,player_game_stats_transfer,2026-05-26 16:59:19.085 +0900
2409,"51000512","745","1",2025-10-04 15:05:00.000 +0900,,504730,505253,player_game_stats_insert,2026-08-18 18:07:46.869 +0900
2473,"22486","729","21",2025-10-04 16:05:00.000 +0900,,504744,505172,player_game_stats_insert,2026-08-18 18:07:46.869 +0900
1983,"51000446","745","13",2024-12-21 15:05:00.000 +0900,2025-10-04 16:05:00.000 +0900,502982,504744,player_game_stats_insert,2026-05-26 17:00:27.868 +0900
1025,"33093","728","21",2020-10-17 14:05:00.000 +0900,2021-10-16 18:05:00.000 +0900,5910,7476,player_game_stats_insert,2026-05-26 16:59:19.085 +0900
1015,"32989","703","5",2020-10-10 15:05:00.000 +0900,2022-10-01 15:05:00.000 +0900,5874,500003,player_game_stats_insert,2026-05-26 16:59:19.085 +0900
2074,"5100000051","706","5",2025-02-01 16:05:00.000 +0900,2025-03-05 19:05:00.000 +0900,503114,503187,player_game_stats_transfer,2026-05-26 17:00:31.559 +0900
2552,"51000438","720","0",2025-11-01 15:05:00.000 +0900,2025-12-06 14:05:00.000 +0900,504880,504980,player_game_stats_transfer,2026-08-18 18:19:47.904 +0900
1018,"12641","700","41",2020-10-10 18:05:00.000 +0900,2022-10-22 15:35:00.000 +0900,5878,500095,player_game_stats_transfer,2026-05-26 16:59:19.085 +0900
1012,"8731","696","31",2020-10-03 18:05:00.000 +0900,,5870,6946,player_game_stats_transfer,2026-05-26 16:59:19.085 +0900
1085,"5100000044","700","34",2021-03-17 19:05:00.000 +0900,2021-10-02 14:05:00.000 +0900,6230,7428,player_game_stats_insert,2026-05-26 16:59:29.182 +0900
1034,"33038","698","5",2020-10-17 18:05:00.000 +0900,,5904,500380,player_game_stats_insert,2026-05-26 16:59:19.476 +0900
1017,"33039","698","12",2020-10-10 17:05:00.000 +0900,2023-10-07 16:35:00.000 +0900,5884,501299,player_game_stats_insert,2026-05-26 16:59:19.085 +0900
927,"8835","703","4",2020-10-03 15:05:00.000 +0900,2023-10-21 17:05:00.000 +0900,5854,501345,player_game_stats_transfer,2026-05-26 16:59:19.085 +0900
903,"30434","696","14",2020-03-14 17:05:00.000 +0900,2021-10-02 17:05:00.000 +0900,4564,7432,player_game_stats_insert,2026-05-26 16:59:16.393 +0900
969,"10818","728","8",2020-10-03 17:05:00.000 +0900,2021-10-02 18:05:00.000 +0900,5858,7424,player_game_stats_transfer,2026-05-26 16:59:19.085 +0900
779,"20024","696","13",2019-10-05 18:05:00.000 +0900,2021-10-02 18:05:00.000 +0900,4161,7426,player_game_stats_transfer,2026-05-26 16:59:07.291 +0900
2116,"10297","703","11",2019-10-16 19:05:00.000 +0900,2020-02-12 19:05:00.000 +0900,4188,4402,backfill,2026-05-26 18:08:34.945 +0900
2117,"10297","700","11",2020-02-12 19:05:00.000 +0900,2020-02-15 15:05:00.000 +0900,4185,4185,backfill,2026-05-26 18:08:34.945 +0900
2118,"15815","726","75",2021-01-24 19:05:00.000 +0900,2023-01-13 19:00:00.000 +0900,7732,500705,backfill,2026-05-26 18:08:34.945 +0900
2120,"20017","706","5",2019-10-20 15:05:00.000 +0900,2021-03-14 19:05:00.000 +0900,4171,6439,backfill,2026-05-26 18:08:34.945 +0900
2121,"20017","726","5",2021-03-14 19:05:00.000 +0900,2023-10-07 16:05:00.000 +0900,7841,500706,backfill,2026-05-26 18:08:34.945 +0900
2122,"26898","697","7",2019-10-13 14:05:00.000 +0900,2019-12-11 19:35:00.000 +0900,4179,4282,backfill,2026-05-26 18:08:34.945 +0900
2123,"26913","701","4",2019-10-19 19:05:00.000 +0900,2020-10-03 17:05:00.000 +0900,4185,4563,backfill,2026-05-26 18:08:34.945 +0900
2124,"30349","700","13",2019-12-21 15:05:00.000 +0900,2022-10-01 15:05:00.000 +0900,4185,8077,backfill,2026-05-26 18:08:34.945 +0900
2126,"30398","701","88",2019-12-29 19:05:00.000 +0900,2024-10-05 14:05:00.000 +0900,4185,502540,backfill,2026-05-26 18:08:34.945 +0900
2128,"30465","694","6",2020-02-01 15:05:00.000 +0900,2020-10-03 18:05:00.000 +0900,4174,4567,backfill,2026-05-26 18:08:34.945 +0900
2130,"30513","693","3",2020-02-09 15:05:00.000 +0900,2023-10-07 18:05:00.000 +0900,4174,500700,backfill,2026-05-26 18:08:34.945 +0900
2132,"36414","698","7",2021-03-14 19:35:00.000 +0900,2021-10-02 14:05:00.000 +0900,7766,8073,backfill,2026-05-26 18:08:34.945 +0900
2133,"5100000016","713","8",2021-01-04 15:05:00.000 +0900,2021-01-24 14:05:00.000 +0900,7710,500698,backfill,2026-05-26 18:08:34.945 +0900
2134,"5100000017","720","12",2021-01-27 13:35:00.000 +0900,2024-10-05 14:05:00.000 +0900,7748,7846,backfill,2026-05-26 18:08:34.945 +0900
2135,"5100000041","693","1",2021-01-02 18:05:00.000 +0900,2023-01-13 19:00:00.000 +0900,6225,500700,backfill,2026-05-26 18:08:34.945 +0900
2137,"51000100","726","22",2021-01-04 17:05:00.000 +0900,2021-01-27 13:35:00.000 +0900,7712,7754,backfill,2026-05-26 18:08:34.945 +0900
2138,"51000100","726","22",2021-01-27 13:35:00.000 +0900,2021-03-14 19:05:00.000 +0900,7781,7825,backfill,2026-05-26 18:08:34.945 +0900
2139,"51000100","697","22",2021-03-14 19:05:00.000 +0900,2021-03-28 19:05:00.000 +0900,7855,8069,backfill,2026-05-26 18:08:34.945 +0900
2140,"51000100","697","22",2021-03-28 19:05:00.000 +0900,2022-05-04 14:05:00.000 +0900,7757,7757,backfill,2026-05-26 18:08:34.945 +0900
2141,"51000100","697","22",2022-05-04 14:05:00.000 +0900,2023-10-07 16:35:00.000 +0900,7707,7707,backfill,2026-05-26 18:08:34.945 +0900
2142,"51000117","699","5",2021-01-24 19:05:00.000 +0900,2025-01-18 16:00:00.000 +0900,7709,503423,backfill,2026-05-26 18:08:34.945 +0900
2146,"51000138","701","11",2021-03-05 17:05:00.000 +0900,2023-10-07 16:35:00.000 +0900,7727,500720,backfill,2026-05-26 18:08:34.945 +0900
2148,"55000076","701","0",2023-01-18 19:35:00.000 +0900,2024-01-14 11:45:00.000 +0900,500360,500600,backfill,2026-05-26 18:08:34.945 +0900
2149,"55000162","726","77",2024-03-06 19:05:00.000 +0900,2024-10-04 19:05:00.000 +0900,501787,501972,backfill,2026-05-26 18:08:34.945 +0900
2155,"8446","726","7",2016-09-24 18:00:00.000 +0900,2019-10-05 14:05:00.000 +0900,5,3513,backfill,2026-05-26 18:08:34.945 +0900
2156,"8447","726","9",2016-09-24 18:00:00.000 +0900,2019-01-19 19:10:00.000 +0900,5,3513,backfill,2026-05-26 18:08:34.945 +0900
2157,"8448","726","10",2016-09-24 18:00:00.000 +0900,2017-09-30 18:05:00.000 +0900,5,1317,backfill,2026-05-26 18:08:34.945 +0900
2158,"8449","726","14",2016-09-24 18:00:00.000 +0900,2017-09-30 15:05:00.000 +0900,5,1317,backfill,2026-05-26 18:08:34.945 +0900
2160,"8451","726","39",2016-09-24 18:00:00.000 +0900,2017-09-30 17:05:00.000 +0900,5,1317,backfill,2026-05-26 18:08:34.945 +0900
2161,"8452","726","33",2016-09-24 18:00:00.000 +0900,2017-09-29 19:35:00.000 +0900,5,1317,backfill,2026-05-26 18:08:34.945 +0900
2164,"8456","699","1",2016-09-24 14:00:00.000 +0900,2017-09-30 17:05:00.000 +0900,8,537,backfill,2026-05-26 18:08:34.945 +0900
2165,"8457","699","8",2016-09-24 14:00:00.000 +0900,2017-09-29 19:05:00.000 +0900,8,537,backfill,2026-05-26 18:08:34.945 +0900
2166,"8458","699","15",2016-09-24 14:00:00.000 +0900,2017-09-29 19:05:00.000 +0900,8,537,backfill,2026-05-26 18:08:34.945 +0900
2170,"8462","698","0",2016-09-24 13:10:00.000 +0900,2018-10-06 16:05:00.000 +0900,9,2110,backfill,2026-05-26 18:08:34.945 +0900
2171,"8463","698","34",2016-09-24 13:10:00.000 +0900,2018-10-06 14:05:00.000 +0900,9,2110,backfill,2026-05-26 18:08:34.945 +0900
2175,"8467","693","3",2016-09-24 14:00:00.000 +0900,2017-01-15 18:05:00.000 +0900,3,534,backfill,2026-05-26 18:08:34.945 +0900
2176,"8468","693","5",2016-09-24 14:00:00.000 +0900,2017-01-15 18:05:00.000 +0900,3,534,backfill,2026-05-26 18:08:34.945 +0900
2177,"8469","693","11",2016-09-24 14:00:00.000 +0900,2019-10-05 18:05:00.000 +0900,3,534,backfill,2026-05-26 18:08:34.945 +0900
2178,"8470","693","55",2016-09-24 14:00:00.000 +0900,2020-10-03 15:05:00.000 +0900,3,3509,backfill,2026-05-26 18:08:34.945 +0900
2182,"8475","695","23",2016-09-24 18:00:00.000 +0900,2017-09-30 14:35:00.000 +0900,6,535,backfill,2026-05-26 18:08:34.945 +0900
2185,"8478","692","5",2016-09-24 16:00:00.000 +0900,2019-10-05 18:05:00.000 +0900,4,533,backfill,2026-05-26 18:08:34.945 +0900
2186,"8479","692","6",2016-09-24 16:00:00.000 +0900,2017-09-29 19:35:00.000 +0900,4,533,backfill,2026-05-26 18:08:34.945 +0900
2188,"8481","692","91",2016-09-24 16:00:00.000 +0900,2017-09-30 18:05:00.000 +0900,4,533,backfill,2026-05-26 18:08:34.945 +0900
2189,"8482","727","0",2016-09-24 18:00:00.000 +0900,2020-01-18 19:10:00.000 +0900,7,4561,backfill,2026-05-26 18:08:34.945 +0900
2190,"8483","727","3",2016-09-24 18:00:00.000 +0900,2017-09-30 18:05:00.000 +0900,7,1303,backfill,2026-05-26 18:08:34.945 +0900
2191,"8484","727","7",2016-09-24 18:00:00.000 +0900,2018-01-14 15:05:00.000 +0900,7,2072,backfill,2026-05-26 18:08:34.945 +0900
2192,"8485","727","9",2016-09-24 18:00:00.000 +0900,2018-10-06 18:05:00.000 +0900,7,2690,backfill,2026-05-26 18:08:34.945 +0900
2193,"8486","727","11",2016-09-24 18:00:00.000 +0900,2018-10-06 14:05:00.000 +0900,7,2690,backfill,2026-05-26 18:08:34.945 +0900
2194,"8487","727","14",2016-09-30 19:00:00.000 +0900,2021-01-01 13:35:00.000 +0900,19,6948,backfill,2026-05-26 18:08:34.945 +0900
2195,"8488","727","15",2016-09-24 18:00:00.000 +0900,2019-10-05 17:05:00.000 +0900,7,4136,backfill,2026-05-26 18:08:34.945 +0900
2197,"8490","727","22",2016-09-24 18:00:00.000 +0900,2017-01-14 18:05:00.000 +0900,7,527,backfill,2026-05-26 18:08:34.945 +0900
2198,"8490","727","22",2017-01-14 18:05:00.000 +0900,2017-01-15 18:05:00.000 +0900,1303,2106,backfill,2026-05-26 18:08:34.945 +0900
2199,"8490","835","22",2017-01-15 18:05:00.000 +0900,2018-01-14 15:05:00.000 +0900,1302,1302,backfill,2026-05-26 18:08:34.945 +0900
2202,"8493","727","43",2016-09-24 18:00:00.000 +0900,2017-09-30 18:05:00.000 +0900,7,1337,backfill,2026-05-26 18:08:34.945 +0900
2203,"8494","703","11",2016-09-24 14:00:00.000 +0900,2017-09-29 19:35:00.000 +0900,3,1337,backfill,2026-05-26 18:08:34.945 +0900
2205,"8496","703","21",2016-09-24 14:00:00.000 +0900,2020-10-03 18:05:00.000 +0900,3,4556,backfill,2026-05-26 18:08:34.945 +0900
2206,"8497","703","9",2016-09-24 14:00:00.000 +0900,2025-01-19 15:00:00.000 +0900,3,503411,backfill,2026-05-26 18:08:34.945 +0900
2207,"8498","703","27",2016-09-24 14:00:00.000 +0900,2017-01-15 18:05:00.000 +0900,3,533,backfill,2026-05-26 18:08:34.945 +0900
2208,"8499","703","13",2016-09-24 14:00:00.000 +0900,2017-12-02 15:05:00.000 +0900,3,1337,backfill,2026-05-26 18:08:34.945 +0900
2209,"8500","703","25",2016-09-24 14:00:00.000 +0900,2017-09-29 19:35:00.000 +0900,3,1337,backfill,2026-05-26 18:08:34.945 +0900
2210,"8501","696","9",2016-09-24 18:00:00.000 +0900,2019-01-19 19:10:00.000 +0900,6,3517,backfill,2026-05-26 18:08:34.945 +0900
2212,"8503","696","11",2016-09-24 18:00:00.000 +0900,2017-01-15 18:05:00.000 +0900,6,536,backfill,2026-05-26 18:08:34.945 +0900
2213,"8504","696","30",2016-09-24 18:00:00.000 +0900,2017-09-29 19:05:00.000 +0900,6,536,backfill,2026-05-26 18:08:34.945 +0900
2215,"8506","702","3",2016-09-24 17:00:00.000 +0900,2019-10-06 15:05:00.000 +0900,10,3511,backfill,2026-05-26 18:08:34.945 +0900
2216,"8507","702","8",2016-09-24 17:00:00.000 +0900,2020-01-18 19:10:00.000 +0900,10,4561,backfill,2026-05-26 18:08:34.945 +0900
2217,"8508","702","9",2016-09-24 17:00:00.000 +0900,2020-01-18 19:10:00.000 +0900,10,4561,backfill,2026-05-26 18:08:34.945 +0900
2218,"8509","702","11",2016-09-24 17:00:00.000 +0900,2017-01-15 18:05:00.000 +0900,10,532,backfill,2026-05-26 18:08:34.945 +0900
2219,"8510","702","12",2016-09-24 17:00:00.000 +0900,2017-09-29 19:05:00.000 +0900,10,532,backfill,2026-05-26 18:08:34.945 +0900
2221,"8512","702","23",2016-09-24 17:00:00.000 +0900,2019-10-05 16:05:00.000 +0900,10,3511,backfill,2026-05-26 18:08:34.945 +0900
2223,"8514","729","0",2016-09-24 14:00:00.000 +0900,2017-09-29 19:35:00.000 +0900,8,537,backfill,2026-05-26 18:08:34.945 +0900
2224,"8515","729","11",2016-09-24 14:00:00.000 +0900,2017-09-30 14:35:00.000 +0900,8,537,backfill,2026-05-26 18:08:34.945 +0900
2226,"8517","729","21",2016-09-24 14:00:00.000 +0900,2022-10-01 15:05:00.000 +0900,8,6449,backfill,2026-05-26 18:08:34.945 +0900
2232,"8568","697","15",2016-09-24 18:00:00.000 +0900,2017-01-15 18:05:00.000 +0900,7,536,backfill,2026-05-26 18:08:34.945 +0900
2233,"8569","697","45",2016-09-24 18:00:00.000 +0900,2018-10-06 14:05:00.000 +0900,7,2104,backfill,2026-05-26 18:08:34.945 +0900
2235,"8571","697","73",2016-09-24 18:00:00.000 +0900,2019-10-05 16:05:00.000 +0900,7,3517,backfill,2026-05-26 18:08:34.945 +0900
2236,"8577","698","6",2016-09-24 13:10:00.000 +0900,2018-10-06 14:05:00.000 +0900,9,2110,backfill,2026-05-26 18:08:34.945 +0900
2237,"8578","704","1",2016-09-24 16:00:00.000 +0900,2018-10-06 18:05:00.000 +0900,4,2700,backfill,2026-05-26 18:08:34.945 +0900
2238,"8579","704","3",2016-09-24 16:00:00.000 +0900,2021-01-01 15:05:00.000 +0900,4,4556,backfill,2026-05-26 18:08:34.945 +0900
2240,"8581","704","22",2016-09-24 16:00:00.000 +0900,2017-09-30 15:05:00.000 +0900,4,1323,backfill,2026-05-26 18:08:34.945 +0900
2241,"8582","704","25",2016-09-24 16:00:00.000 +0900,2018-10-06 14:05:00.000 +0900,4,2700,backfill,2026-05-26 18:08:34.945 +0900
2242,"8583","704","27",2016-09-24 16:00:00.000 +0900,2019-10-05 16:05:00.000 +0900,4,4150,backfill,2026-05-26 18:08:34.945 +0900
2243,"8584","704","31",2016-09-24 16:00:00.000 +0900,2025-01-19 15:00:00.000 +0900,4,503413,backfill,2026-05-26 18:08:34.945 +0900
2244,"8585","704","34",2016-09-24 16:00:00.000 +0900,2018-01-14 15:05:00.000 +0900,4,2098,backfill,2026-05-26 18:08:34.945 +0900
2246,"8587","728","0",2016-09-24 13:10:00.000 +0900,2018-10-06 14:05:00.000 +0900,9,2695,backfill,2026-05-26 18:08:34.945 +0900
2247,"8588","728","3",2016-09-24 13:10:00.000 +0900,2017-09-29 19:05:00.000 +0900,9,1333,backfill,2026-05-26 18:08:34.945 +0900
2248,"8589","728","6",2016-09-24 13:10:00.000 +0900,2017-01-15 18:05:00.000 +0900,9,540,backfill,2026-05-26 18:08:34.945 +0900
2249,"8590","728","4",2016-09-24 13:10:00.000 +0900,2019-10-05 17:05:00.000 +0900,9,3500,backfill,2026-05-26 18:08:34.945 +0900
2250,"8591","728","5",2016-09-24 13:10:00.000 +0900,2020-01-22 19:05:00.000 +0900,9,3519,backfill,2026-05-26 18:08:34.945 +0900
2251,"8592","728","14",2016-09-24 13:10:00.000 +0900,2017-01-15 18:05:00.000 +0900,9,540,backfill,2026-05-26 18:08:34.945 +0900
2252,"8593","728","21",2016-09-24 13:10:00.000 +0900,2017-09-30 18:05:00.000 +0900,9,1333,backfill,2026-05-26 18:08:34.945 +0900
2253,"8594","728","22",2016-09-24 13:10:00.000 +0900,2017-09-29 19:35:00.000 +0900,9,1333,backfill,2026-05-26 18:08:34.945 +0900
2254,"8595","728","24",2016-09-24 13:10:00.000 +0900,2021-01-02 14:05:00.000 +0900,9,6942,backfill,2026-05-26 18:08:34.945 +0900
2256,"8597","728","33",2016-09-24 13:10:00.000 +0900,2018-10-06 15:05:00.000 +0900,9,539,backfill,2026-05-26 18:08:34.945 +0900
2257,"8614","706","30",2019-11-01 19:25:00.000 +0900,2020-10-03 18:05:00.000 +0900,4171,4382,backfill,2026-05-26 18:08:34.945 +0900
2258,"8642","695","0",2016-09-24 18:00:00.000 +0900,2018-10-06 18:05:00.000 +0900,6,2096,backfill,2026-05-26 18:08:34.945 +0900
2259,"8643","695","3",2016-09-24 18:00:00.000 +0900,2018-10-06 15:05:00.000 +0900,6,2077,backfill,2026-05-26 18:08:34.945 +0900
2260,"8645","695","7",2016-09-24 18:00:00.000 +0900,2017-01-15 18:05:00.000 +0900,6,535,backfill,2026-05-26 18:08:34.945 +0900
2262,"8649","703","32",2016-09-24 14:00:00.000 +0900,2017-01-15 18:05:00.000 +0900,3,525,backfill,2026-05-26 18:08:34.945 +0900
2263,"8650","703","0",2016-09-24 14:00:00.000 +0900,2017-01-15 18:05:00.000 +0900,3,533,backfill,2026-05-26 18:08:34.945 +0900
2264,"8651","701","5",2016-09-22 18:55:00.000 +0900,2017-01-15 18:05:00.000 +0900,1,538,backfill,2026-05-26 18:08:34.945 +0900
2266,"8653","701","8",2016-09-22 18:55:00.000 +0900,2017-09-29 19:05:00.000 +0900,1,1326,backfill,2026-05-26 18:08:34.945 +0900
2267,"8654","701","13",2016-09-22 18:55:00.000 +0900,2018-10-06 18:05:00.000 +0900,1,2698,backfill,2026-05-26 18:08:34.945 +0900
2268,"8655","701","14",2016-09-22 18:55:00.000 +0900,2017-01-15 18:05:00.000 +0900,1,538,backfill,2026-05-26 18:08:34.945 +0900
895,"30402","698","77",2020-02-08 14:05:00.000 +0900,2021-10-02 18:05:00.000 +0900,4474,7430,player_game_stats_insert,2026-05-26 16:59:14.840 +0900
2269,"8656","701","24",2016-09-22 18:55:00.000 +0900,2020-01-18 19:10:00.000 +0900,1,4447,backfill,2026-05-26 18:08:34.945 +0900
2270,"8657","701","31",2016-09-22 18:55:00.000 +0900,2017-01-15 18:05:00.000 +0900,1,522,backfill,2026-05-26 18:08:34.945 +0900
2271,"8658","701","32",2016-09-22 18:55:00.000 +0900,2017-09-29 19:35:00.000 +0900,1,1326,backfill,2026-05-26 18:08:34.945 +0900
2273,"8660","703","",2016-09-24 14:00:00.000 +0900,2017-01-15 18:05:00.000 +0900,3,533,backfill,2026-05-26 18:08:34.945 +0900
2275,"8662","726","0",2016-09-24 18:00:00.000 +0900,2019-10-05 19:05:00.000 +0900,5,3513,backfill,2026-05-26 18:08:34.945 +0900
2279,"8681","700","11",2016-09-24 17:00:00.000 +0900,2017-09-30 18:05:00.000 +0900,10,538,backfill,2026-05-26 18:08:34.945 +0900
2281,"8683","700","18",2016-09-24 17:00:00.000 +0900,2017-09-30 14:35:00.000 +0900,10,538,backfill,2026-05-26 18:08:34.945 +0900
2282,"8684","700","2",2016-09-24 17:00:00.000 +0900,2017-09-30 15:05:00.000 +0900,10,538,backfill,2026-05-26 18:08:34.945 +0900
2283,"8688","700","15",2016-09-24 17:00:00.000 +0900,2019-10-05 19:05:00.000 +0900,10,3521,backfill,2026-05-26 18:08:34.945 +0900
2286,"8691","727","",2016-09-24 18:00:00.000 +0900,2018-01-14 15:05:00.000 +0900,7,2106,backfill,2026-05-26 18:08:34.945 +0900
2290,"8695","701","",2016-09-22 18:55:00.000 +0900,2018-10-27 18:05:00.000 +0900,1,1326,backfill,2026-05-26 18:08:34.945 +0900
2292,"8709","698","32",2016-09-24 13:10:00.000 +0900,2017-09-30 18:05:00.000 +0900,9,540,backfill,2026-05-26 18:08:34.945 +0900
2295,"8712","694","0",2016-09-24 18:00:00.000 +0900,2019-10-05 14:05:00.000 +0900,5,3515,backfill,2026-05-26 18:08:34.945 +0900
2299,"8721","694","1",2016-09-24 18:00:00.000 +0900,2017-01-15 18:05:00.000 +0900,5,535,backfill,2026-05-26 18:08:34.945 +0900
2300,"8722","692","3",2016-09-24 16:00:00.000 +0900,2022-10-01 15:05:00.000 +0900,4,533,backfill,2026-05-26 18:08:34.945 +0900
2302,"8724","692","9",2016-09-24 16:00:00.000 +0900,2017-09-30 14:35:00.000 +0900,4,533,backfill,2026-05-26 18:08:34.945 +0900
2304,"8726","703","10",2016-09-24 14:00:00.000 +0900,2018-01-14 15:05:00.000 +0900,3,2108,backfill,2026-05-26 18:08:34.945 +0900
2305,"8727","699","2",2016-09-24 14:00:00.000 +0900,2017-09-30 18:05:00.000 +0900,8,537,backfill,2026-05-26 18:08:34.945 +0900
970,"8592","728","14",2020-10-03 17:05:00.000 +0900,2021-10-02 19:05:00.000 +0900,5858,7436,player_game_stats_transfer,2026-05-26 16:59:19.085 +0900
2309,"8731","696","31",2016-09-24 18:00:00.000 +0900,2017-09-30 14:35:00.000 +0900,6,436,backfill,2026-05-26 18:08:34.945 +0900
2310,"8732","696","10",2016-09-24 18:00:00.000 +0900,2018-01-28 18:05:00.000 +0900,6,1831,backfill,2026-05-26 18:08:34.945 +0900
2311,"8734","693","9",2016-09-24 14:00:00.000 +0900,2017-01-15 18:05:00.000 +0900,3,506,backfill,2026-05-26 18:08:34.945 +0900
2313,"8736","729","1",2016-09-24 14:00:00.000 +0900,2018-10-04 19:05:00.000 +0900,8,2693,backfill,2026-05-26 18:08:34.945 +0900
2314,"8737","729","6",2016-09-24 14:00:00.000 +0900,2018-10-06 18:05:00.000 +0900,8,2693,backfill,2026-05-26 18:08:34.945 +0900
2315,"8738","729","8",2016-09-24 14:00:00.000 +0900,2017-01-15 18:05:00.000 +0900,8,537,backfill,2026-05-26 18:08:34.945 +0900
2319,"8747","697","",2016-09-24 18:00:00.000 +0900,2019-12-21 19:05:00.000 +0900,7,3517,backfill,2026-05-26 18:08:34.945 +0900
2322,"8749","704","",2016-09-24 16:00:00.000 +0900,2019-01-19 19:10:00.000 +0900,4,3513,backfill,2026-05-26 18:08:34.945 +0900
2326,"8784","698","3",2016-09-24 13:10:00.000 +0900,2018-10-06 15:05:00.000 +0900,9,2110,backfill,2026-05-26 18:08:34.945 +0900
2328,"8835","703","4",2016-09-24 14:00:00.000 +0900,2019-01-19 19:10:00.000 +0900,3,3509,backfill,2026-05-26 18:08:34.945 +0900
2329,"9026","698","44",2016-09-24 13:10:00.000 +0900,2017-02-18 14:00:00.000 +0900,9,253,backfill,2026-05-26 18:08:34.945 +0900
2330,"9028","706","2",2016-09-22 18:55:00.000 +0900,2017-01-15 18:05:00.000 +0900,1,534,backfill,2026-05-26 18:08:34.945 +0900
2332,"9030","706","8",2016-09-22 18:55:00.000 +0900,2017-09-29 19:35:00.000 +0900,1,1330,backfill,2026-05-26 18:08:34.945 +0900
2335,"9033","706","15",2016-09-22 18:55:00.000 +0900,2017-01-15 18:05:00.000 +0900,1,534,backfill,2026-05-26 18:08:34.945 +0900
2087,"30511","693","33",2025-03-19 19:05:00.000 +0900,,503207,503409,player_game_stats_insert,2026-05-26 17:00:33.677 +0900
2336,"9034","706","16",2016-09-22 18:55:00.000 +0900,2017-09-29 19:05:00.000 +0900,1,1330,backfill,2026-05-26 18:08:34.945 +0900
2337,"9035","706","20",2016-09-22 18:55:00.000 +0900,2017-10-14 15:05:00.000 +0900,1,313,backfill,2026-05-26 18:08:34.945 +0900
2339,"9037","706","24",2016-09-22 18:55:00.000 +0900,2017-01-15 18:05:00.000 +0900,1,534,backfill,2026-05-26 18:08:34.945 +0900
2341,"9039","706","35",2016-09-22 18:55:00.000 +0900,2017-10-01 13:05:00.000 +0900,1,1330,backfill,2026-05-26 18:08:34.945 +0900
2342,"9040","695","54",2016-09-24 18:00:00.000 +0900,2018-01-14 15:05:00.000 +0900,6,2096,backfill,2026-05-26 18:08:34.945 +0900
2343,"9041","695","13",2016-09-24 18:00:00.000 +0900,2018-03-03 18:05:00.000 +0900,6,535,backfill,2026-05-26 18:08:34.945 +0900
396,"10297","702","21",2017-09-30 15:05:00.000 +0900,2018-10-06 18:05:00.000 +0900,1581,3002,player_game_stats_transfer,2026-05-26 16:58:35.305 +0900
1107,"20025","702","1",2021-10-02 11:55:00.000 +0900,2024-10-05 16:30:00.000 +0900,7438,502710,player_game_stats_transfer,2026-05-26 16:59:34.699 +0900
2346,"9055","704","2",2016-09-24 16:00:00.000 +0900,2017-01-15 18:05:00.000 +0900,4,532,backfill,2026-05-26 18:08:34.945 +0900
2347,"9056","704","16",2016-09-24 16:00:00.000 +0900,2017-01-15 18:05:00.000 +0900,4,532,backfill,2026-05-26 18:08:34.945 +0900
2348,"9057","704","33",2016-09-24 16:00:00.000 +0900,2017-12-01 19:05:00.000 +0900,4,1323,backfill,2026-05-26 18:08:34.945 +0900
2349,"9058","693","13",2016-09-24 14:00:00.000 +0900,2017-09-30 18:05:00.000 +0900,3,534,backfill,2026-05-26 18:08:34.945 +0900
2353,"9062","700","32",2016-09-24 17:00:00.000 +0900,2018-02-04 18:05:00.000 +0900,10,538,backfill,2026-05-26 18:08:34.945 +0900
2354,"9063","700","55",2016-09-24 17:00:00.000 +0900,2017-09-29 19:35:00.000 +0900,10,538,backfill,2026-05-26 18:08:34.945 +0900
2357,"9328","701","10",2016-09-22 18:55:00.000 +0900,2017-09-30 14:35:00.000 +0900,1,1326,backfill,2026-05-26 18:08:34.945 +0900
2360,"9354","697","2",2016-09-24 18:00:00.000 +0900,2019-12-11 19:05:00.000 +0900,7,3172,backfill,2026-05-26 18:08:34.945 +0900
2362,"9356","697","20",2016-09-24 18:00:00.000 +0900,2016-12-10 18:00:00.000 +0900,7,122,backfill,2026-05-26 18:08:34.945 +0900
2365,"9369","692","15",2016-09-24 16:00:00.000 +0900,2021-01-02 17:05:00.000 +0900,4,533,backfill,2026-05-26 18:08:34.945 +0900
2367,"9382","729","33",2016-09-24 14:00:00.000 +0900,2021-01-02 14:05:00.000 +0900,8,2693,backfill,2026-05-26 18:08:34.945 +0900
2368,"9383","729","24",2016-09-24 14:00:00.000 +0900,2017-01-15 18:05:00.000 +0900,8,537,backfill,2026-05-26 18:08:34.945 +0900
2369,"9384","701","34",2016-09-22 18:55:00.000 +0900,2018-01-20 14:05:00.000 +0900,1,1326,backfill,2026-05-26 18:08:34.945 +0900
2370,"9385","701","22",2016-09-22 18:55:00.000 +0900,2017-03-10 19:00:00.000 +0900,1,90,backfill,2026-05-26 18:08:34.945 +0900
2375,"9400","694","10",2016-09-24 18:00:00.000 +0900,2018-10-06 15:05:00.000 +0900,5,535,backfill,2026-05-26 18:08:34.945 +0900
2376,"9403","694","42",2016-09-24 18:00:00.000 +0900,2020-10-03 15:05:00.000 +0900,5,4286,backfill,2026-05-26 18:08:34.945 +0900
2377,"9405","728","9",2016-09-24 13:10:00.000 +0900,2020-10-03 18:05:00.000 +0900,9,4567,backfill,2026-05-26 18:08:34.945 +0900
2379,"9417","706","",2016-09-22 18:55:00.000 +0900,2017-01-15 18:05:00.000 +0900,1,534,backfill,2026-05-26 18:08:34.945 +0900
2383,"9423","696","13",2016-09-25 13:00:00.000 +0900,2017-09-30 18:05:00.000 +0900,14,536,backfill,2026-05-26 18:08:34.945 +0900
2638,"51000586","698","2",2026-02-07 14:05:00.000 +0900,,505205,505355,player_game_stats_insert,2026-08-18 19:00:13.805 +0900
1975,"30347","745","33",2024-11-30 15:05:00.000 +0900,,502886,503411,player_game_stats_transfer,2026-05-26 17:00:25.492 +0900
1944,"30397","693","2",2024-10-05 18:05:00.000 +0900,,502720,505485,player_game_stats_insert,2026-05-26 17:00:22.997 +0900
2657,"51000599","693","7",2026-03-11 19:05:00.000 +0900,,505264,505485,player_game_stats_insert,2026-08-18 19:10:59.233 +0900
2503,"51000521","693","10",2025-10-04 18:05:00.000 +0900,,504736,505485,player_game_stats_insert,2026-08-18 18:07:46.869 +0900
2504,"32953","693","14",2025-10-04 18:05:00.000 +0900,,504736,505485,player_game_stats_transfer,2026-08-18 18:07:46.869 +0900
2651,"51000600","693","18",2026-03-07 14:05:00.000 +0900,,505235,505485,player_game_stats_insert,2026-08-18 19:10:59.233 +0900
2506,"12605","693","24",2025-10-04 18:05:00.000 +0900,,504736,505485,player_game_stats_transfer,2026-08-18 18:07:46.869 +0900
2661,"12642","693","27",2026-03-28 14:05:00.000 +0900,,505302,505485,player_game_stats_transfer,2026-08-18 19:10:59.640 +0900
1948,"10258","693","77",2024-10-05 18:05:00.000 +0900,,502720,505485,player_game_stats_transfer,2026-05-26 17:00:22.997 +0900
2421,"15750","2486","0",2025-10-04 15:05:00.000 +0900,,504732,505493,player_game_stats_insert,2026-08-18 18:07:46.869 +0900
1125,"8510","712","7",2021-10-02 14:05:00.000 +0900,2023-10-07 16:05:00.000 +0900,7420,501307,player_game_stats_transfer,2026-05-26 16:59:34.699 +0900
2424,"51000321","2486","7",2025-10-04 15:05:00.000 +0900,,504732,505493,player_game_stats_insert,2026-08-18 18:07:46.869 +0900
2533,"8594","2486","8",2025-10-12 15:05:00.000 +0900,,504759,505493,player_game_stats_transfer,2026-08-18 18:07:47.595 +0900
2425,"8520","2486","11",2025-10-04 15:05:00.000 +0900,,504732,505493,player_game_stats_insert,2026-08-18 18:07:46.869 +0900
2083,"5100000051","720","5",2025-03-05 19:05:00.000 +0900,,503187,503344,player_game_stats_transfer,2026-05-26 17:00:33.338 +0900
2426,"18429","2486","16",2025-10-04 15:05:00.000 +0900,,504732,505493,player_game_stats_transfer,2026-08-18 18:07:46.869 +0900
2428,"51000192","2486","22",2025-10-04 15:05:00.000 +0900,,504732,505493,player_game_stats_insert,2026-08-18 18:07:46.869 +0900
2429,"8449","2486","24",2025-10-04 15:05:00.000 +0900,,504732,505493,player_game_stats_transfer,2026-08-18 18:07:46.869 +0900
2431,"9418","2486","33",2025-10-04 15:05:00.000 +0900,,504732,505493,player_game_stats_transfer,2026-08-18 18:07:46.869 +0900
2432,"51000352","2486","42",2025-10-04 15:05:00.000 +0900,,504732,505493,player_game_stats_insert,2026-08-18 18:07:46.869 +0900
2649,"51000591","694","6",2026-02-15 15:35:00.000 +0900,,505228,505495,player_game_stats_insert,2026-08-18 19:00:14.261 +0900
2629,"51000451","693","11",2026-01-24 14:05:00.000 +0900,,505118,505236,player_game_stats_transfer,2026-08-18 18:47:08.823 +0900
2526,"8488","694","7",2025-10-04 18:05:00.000 +0900,,504752,505495,player_game_stats_transfer,2026-08-18 18:07:46.869 +0900
2085,"51000468","694","10",2025-03-12 19:05:00.000 +0900,,503197,505495,player_game_stats_insert,2026-05-26 17:00:33.677 +0900
2528,"5100000062","694","15",2025-10-04 18:05:00.000 +0900,,504752,505495,player_game_stats_transfer,2026-08-18 18:07:46.869 +0900
2529,"5100000024","694","23",2025-10-04 18:05:00.000 +0900,,504752,505495,player_game_stats_transfer,2026-08-18 18:07:46.869 +0900
2509,"51000491","727","2",2025-10-04 18:05:00.000 +0900,,504738,505495,player_game_stats_insert,2026-08-18 18:07:46.869 +0900
2550,"10834","701","7",2025-11-01 15:05:00.000 +0900,2025-12-06 17:05:00.000 +0900,504866,504970,player_game_stats_transfer,2026-08-18 18:19:47.904 +0900
2540,"8486","727","10",2025-10-18 15:05:00.000 +0900,,504809,505495,player_game_stats_transfer,2026-08-18 18:07:47.595 +0900
1987,"5100000022","727","11",2024-12-28 18:05:00.000 +0900,,503008,505495,player_game_stats_transfer,2026-05-26 17:00:27.868 +0900
2513,"8654","727","13",2025-10-04 18:05:00.000 +0900,,504738,505495,player_game_stats_transfer,2026-08-18 18:07:46.869 +0900
2514,"51000494","727","14",2025-10-04 18:05:00.000 +0900,,504738,505495,player_game_stats_insert,2026-08-18 18:07:46.869 +0900
1940,"15826","727","17",2024-10-05 18:05:00.000 +0900,,502720,505495,player_game_stats_transfer,2026-05-26 17:00:22.997 +0900
1988,"51000441","727","45",2024-12-28 18:05:00.000 +0900,,503008,505495,player_game_stats_insert,2026-05-26 17:00:27.868 +0900
2532,"51000554","727","55",2025-10-11 15:05:00.000 +0900,,504764,505495,player_game_stats_insert,2026-08-18 18:07:46.869 +0900
2405,"51000101","698","4",2025-10-04 14:05:00.000 +0900,,504750,505501,player_game_stats_transfer,2026-08-18 18:07:46.869 +0900
1932,"51000101","702","5",2024-10-05 16:40:00.000 +0900,2025-10-04 14:05:00.000 +0900,502728,504750,player_game_stats_insert,2026-05-26 17:00:22.997 +0900
2407,"51000470","698","14",2025-10-04 14:05:00.000 +0900,,504750,505501,player_game_stats_insert,2026-08-18 18:07:46.869 +0900
1859,"5100000040","698","17",2024-10-05 14:05:00.000 +0900,,502724,505501,player_game_stats_transfer,2026-05-26 17:00:22.997 +0900
2408,"51000292","698","20",2025-10-04 14:05:00.000 +0900,,504750,505501,player_game_stats_transfer,2026-08-18 18:07:46.869 +0900
1861,"10297","698","21",2024-10-05 14:05:00.000 +0900,,502724,505501,player_game_stats_transfer,2026-05-26 17:00:22.997 +0900
1862,"8597","698","22",2024-10-05 14:05:00.000 +0900,,502724,505501,player_game_stats_transfer,2026-05-26 17:00:22.997 +0900
2496,"51000496","726","1",2025-10-04 18:05:00.000 +0900,,504736,505501,player_game_stats_insert,2026-08-18 18:07:46.869 +0900
2498,"15853","726","12",2025-10-04 18:05:00.000 +0900,,504736,505501,player_game_stats_transfer,2026-08-18 18:07:46.869 +0900
2500,"42616","726","14",2025-10-04 18:05:00.000 +0900,,504736,505501,player_game_stats_insert,2026-08-18 18:07:46.869 +0900
2635,"9456","721","00",2026-01-24 15:35:00.000 +0900,,505134,505254,player_game_stats_transfer,2026-08-18 18:47:08.823 +0900
2558,"51000311","726","18",2025-11-08 17:05:00.000 +0900,,504905,505501,player_game_stats_transfer,2026-08-18 18:19:48.386 +0900
2501,"8658","726","32",2025-10-04 18:05:00.000 +0900,,504736,505501,player_game_stats_transfer,2026-08-18 18:07:46.869 +0900
2502,"51000171","726","40",2025-10-04 18:05:00.000 +0900,,504736,505501,player_game_stats_transfer,2026-08-18 18:07:46.869 +0900
2576,"51000520","726","21",2025-12-20 16:05:00.000 +0900,,505051,505101,player_game_stats_transfer,2026-08-18 18:36:49.273 +0900
330,"9435","703","34",2017-09-29 19:05:00.000 +0900,2025-01-25 18:05:00.000 +0900,1573,503088,player_game_stats_insert,2026-05-26 16:58:35.305 +0900
2515,"10849","721","3",2025-10-04 18:05:00.000 +0900,,504738,505505,player_game_stats_transfer,2026-08-18 18:07:46.869 +0900
1106,"26890","721","24",2021-10-02 11:55:00.000 +0900,,7438,505505,player_game_stats_transfer,2026-05-26 16:59:34.699 +0900
2520,"8483","721","32",2025-10-04 18:05:00.000 +0900,,504738,505505,player_game_stats_transfer,2026-08-18 18:07:46.869 +0900
2455,"9345","696","6",2025-10-04 15:05:00.000 +0900,,504746,505505,player_game_stats_transfer,2026-08-18 18:07:46.869 +0900
2456,"51000118","696","7",2025-10-04 15:05:00.000 +0900,,504746,505505,player_game_stats_transfer,2026-08-18 18:07:46.869 +0900
2457,"51000524","696","8",2025-10-04 15:05:00.000 +0900,,504746,505505,player_game_stats_insert,2026-08-18 18:07:46.869 +0900
2458,"51000158","696","12",2025-10-04 15:05:00.000 +0900,,504746,505505,player_game_stats_transfer,2026-08-18 18:07:46.869 +0900
2581,"51000457","1638","8",2026-01-03 14:05:00.000 +0900,,505112,505256,player_game_stats_transfer,2026-08-18 18:47:08.823 +0900
2557,"5100000090","717","1",2025-11-08 15:35:00.000 +0900,,504913,504963,player_game_stats_insert,2026-08-18 18:19:48.386 +0900
2459,"51000104","696","13",2025-10-04 15:05:00.000 +0900,,504746,505505,player_game_stats_transfer,2026-08-18 18:07:46.869 +0900
2646,"51000464","696","14",2026-02-14 15:05:00.000 +0900,,505223,505505,player_game_stats_transfer,2026-08-18 19:00:14.261 +0900
2460,"51000435","696","17",2025-10-04 15:05:00.000 +0900,,504746,505505,player_game_stats_insert,2026-08-18 18:07:46.869 +0900
2462,"51000390","696","24",2025-10-04 15:05:00.000 +0900,,504746,505505,player_game_stats_transfer,2026-08-18 18:07:46.869 +0900
2548,"15818","696","25",2025-10-29 19:05:00.000 +0900,,504852,505505,player_game_stats_transfer,2026-08-18 18:07:47.977 +0900
2448,"10832","699","3",2025-10-04 15:05:00.000 +0900,,504746,505507,player_game_stats_transfer,2026-08-18 18:07:46.869 +0900
2539,"9340","699","11",2025-10-18 15:05:00.000 +0900,,504799,505109,player_game_stats_transfer,2026-08-18 18:07:47.595 +0900
1937,"51000392","727","3",2024-10-05 18:05:00.000 +0900,,502720,503339,player_game_stats_insert,2026-05-26 17:00:22.997 +0900
2645,"51000588","745","13",2026-02-14 15:05:00.000 +0900,,505217,505460,player_game_stats_insert,2026-08-18 19:00:14.261 +0900
2075,"51000138","700","13",2025-02-01 17:05:00.000 +0900,,503126,503425,player_game_stats_transfer,2026-05-26 17:00:31.559 +0900
337,"10871","727","6",2017-09-29 19:05:00.000 +0900,2021-10-02 17:05:00.000 +0900,1575,7432,player_game_stats_insert,2026-05-26 16:58:35.305 +0900
53,"8486","727","11",2016-10-01 15:00:00.000 +0900,2018-10-06 14:05:00.000 +0900,23,2988,player_game_stats_insert,2026-05-26 16:51:46.578 +0900
36,"8597","728","33",2016-10-01 14:10:00.000 +0900,2018-10-06 15:05:00.000 +0900,26,2986,player_game_stats_insert,2026-05-26 16:51:46.578 +0900
1165,"22491","698","77",2021-10-02 17:05:00.000 +0900,,7432,503423,player_game_stats_transfer,2026-05-26 16:59:34.699 +0900
2663,"51000100","702","29",2026-03-28 15:05:00.000 +0900,,505300,505483,player_game_stats_transfer,2026-08-18 19:10:59.640 +0900
2450,"5100000033","699","12",2025-10-04 15:05:00.000 +0900,,504746,505507,player_game_stats_transfer,2026-08-18 18:07:46.869 +0900
2451,"9329","699","16",2025-10-04 15:05:00.000 +0900,,504746,505507,player_game_stats_transfer,2026-08-18 18:07:46.869 +0900
2545,"8452","699","33",2025-10-25 15:05:00.000 +0900,,504837,505507,player_game_stats_transfer,2026-08-18 18:07:47.977 +0900
2452,"26926","699","39",2025-10-04 15:05:00.000 +0900,,504746,505507,player_game_stats_transfer,2026-08-18 18:07:46.869 +0900
1910,"8500","699","51",2024-10-05 16:05:00.000 +0900,,502726,505507,player_game_stats_transfer,2026-05-26 17:00:22.997 +0900
714,"8650","703","0",2019-04-26 19:05:00.000 +0900,,4135,505489,player_game_stats_transfer,2026-05-26 16:59:04.527 +0900
2572,"12633","700","34",2025-12-20 14:05:00.000 +0900,,505047,505111,player_game_stats_transfer,2026-08-18 18:36:49.273 +0900
2080,"51000482","713","12",2025-03-01 15:05:00.000 +0900,,503160,505240,player_game_stats_insert,2026-05-26 17:00:33.338 +0900
1951,"51000416","697","2",2024-10-05 18:05:00.000 +0900,,502732,505497,player_game_stats_insert,2026-05-26 17:00:22.997 +0900
2510,"10852","727","3",2025-10-04 18:05:00.000 +0900,,504738,505195,player_game_stats_transfer,2026-08-18 18:07:46.869 +0900
2078,"51000481","697","11",2025-03-01 14:05:00.000 +0900,,503154,505497,player_game_stats_insert,2026-05-26 17:00:33.338 +0900
2111,"51000236","697","14",2025-05-19 19:05:00.000 +0900,,503897,505497,player_game_stats_transfer,2026-05-26 17:00:37.948 +0900
2086,"51000454","697","20",2025-03-12 19:05:00.000 +0900,,503198,505497,player_game_stats_insert,2026-05-26 17:00:33.677 +0900
1831,"51000104","713","13",2024-10-03 19:05:00.000 +0900,2025-10-04 15:05:00.000 +0900,502714,504746,player_game_stats_transfer,2026-05-26 17:00:22.997 +0900
2396,"30522","697","21",2025-10-04 14:05:00.000 +0900,,504748,505497,player_game_stats_transfer,2026-08-18 18:07:46.869 +0900
1955,"5100000011","697","28",2024-10-05 18:05:00.000 +0900,,502732,505497,player_game_stats_transfer,2026-05-26 17:00:22.997 +0900
2397,"51000552","697","33",2025-10-04 14:05:00.000 +0900,,504748,505497,player_game_stats_insert,2026-08-18 18:07:46.869 +0900
2411,"51000280","745","5",2025-10-04 15:05:00.000 +0900,,504730,505499,player_game_stats_transfer,2026-08-18 18:07:46.869 +0900
2413,"30463","745","8",2025-10-04 15:05:00.000 +0900,,504730,505499,player_game_stats_transfer,2026-08-18 18:07:46.869 +0900
2414,"5100000006","745","12",2025-10-04 15:05:00.000 +0900,,504730,505499,player_game_stats_insert,2026-08-18 18:07:46.869 +0900
2415,"30401","745","14",2025-10-04 15:05:00.000 +0900,,504730,505499,player_game_stats_transfer,2026-08-18 18:07:46.869 +0900
2416,"8489","745","18",2025-10-04 15:05:00.000 +0900,,504730,505499,player_game_stats_transfer,2026-08-18 18:07:46.869 +0900
2643,"51000240","727","60",2026-02-14 15:05:00.000 +0900,,505213,505244,player_game_stats_transfer,2026-08-18 19:00:14.261 +0900
2656,"52433","745","20",2026-03-11 19:05:00.000 +0900,,505263,505499,player_game_stats_transfer,2026-08-18 19:10:59.233 +0900
2084,"51000345","745","28",2025-03-12 19:05:00.000 +0900,,503194,505499,player_game_stats_insert,2026-05-26 17:00:33.338 +0900
2012,"51000102","53000064","2",2025-01-18 16:00:00.000 +0900,2025-10-04 16:05:00.000 +0900,503880,504744,player_game_stats_transfer,2026-05-26 17:00:30.018 +0900
2570,"32988","713","25",2025-12-10 19:05:00.000 +0900,,504989,505113,player_game_stats_transfer,2026-08-18 18:36:48.815 +0900
2417,"51000511","745","45",2025-10-04 15:05:00.000 +0900,,504730,505499,player_game_stats_insert,2026-08-18 18:07:46.869 +0900
338,"12591","727","23",2017-09-29 19:05:00.000 +0900,,1575,3335,player_game_stats_insert,2026-05-26 16:58:35.305 +0900
2482,"51000514","702","22",2025-10-04 16:05:00.000 +0900,,504744,505379,player_game_stats_insert,2026-08-18 18:07:46.869 +0900
440,"12508","726","23",2017-10-07 18:05:00.000 +0900,,1597,1902,player_game_stats_insert,2026-05-26 16:58:36.785 +0900
336,"8844","727","00",2017-09-29 19:05:00.000 +0900,,1575,2690,player_game_stats_insert,2026-05-26 16:58:35.305 +0900
2563,"51000438","2486","15",2025-12-06 14:05:00.000 +0900,,504980,505095,player_game_stats_transfer,2026-08-18 18:36:48.815 +0900
2492,"5100000032","712","7",2025-10-04 16:25:00.000 +0900,,504728,505487,player_game_stats_transfer,2026-08-18 18:07:46.869 +0900
394,"8509","702","11",2017-09-30 15:05:00.000 +0900,2019-01-19 19:10:00.000 +0900,1581,4110,player_game_stats_transfer,2026-05-26 16:58:35.305 +0900
2079,"51000479","712","10",2025-03-01 15:05:00.000 +0900,,503156,505487,player_game_stats_insert,2026-05-26 17:00:33.338 +0900
2639,"51000583","712","12",2026-02-07 15:05:00.000 +0900,,505185,505487,player_game_stats_insert,2026-08-18 19:00:13.805 +0900
1207,"12634","712","21",2021-10-09 17:05:00.000 +0900,,7458,505487,player_game_stats_transfer,2026-05-26 16:59:34.699 +0900
2009,"15815","53000065","75",2025-01-18 16:00:00.000 +0900,2025-10-04 16:25:00.000 +0900,503880,504728,player_game_stats_transfer,2026-05-26 17:00:30.018 +0900
2652,"51000540","712","30",2026-03-07 15:05:00.000 +0900,,505237,505487,player_game_stats_insert,2026-08-18 19:10:59.233 +0900
2573,"8557","712","92",2025-12-20 15:05:00.000 +0900,,505027,505487,player_game_stats_transfer,2026-08-18 18:36:49.273 +0900
2392,"5100000030","700","8",2025-10-04 14:05:00.000 +0900,,504748,505487,player_game_stats_transfer,2026-08-18 18:07:46.869 +0900
1295,"8568","700","35",2022-10-01 15:05:00.000 +0900,,500007,505487,player_game_stats_transfer,2026-05-26 16:59:49.705 +0900
2393,"5100000027","700","60",2025-10-04 14:05:00.000 +0900,,504748,505487,player_game_stats_transfer,2026-08-18 18:07:46.869 +0900
2546,"51000490","706","0",2025-10-25 15:05:00.000 +0900,,504837,506080,player_game_stats_insert,2026-08-18 18:07:47.977 +0900
2095,"30351","706","2",2025-05-10 13:05:00.000 +0900,,503892,506080,player_game_stats_transfer,2026-05-26 17:00:37.948 +0900
1814,"30438","706","3",2024-05-10 19:05:00.000 +0900,,502526,506080,player_game_stats_transfer,2026-05-26 17:00:21.285 +0900
2385,"30349","706","5",2025-10-03 19:05:00.000 +0900,,504734,506080,player_game_stats_transfer,2026-08-18 18:07:46.869 +0900
1115,"10815","706","9",2021-10-02 14:00:00.000 +0900,,7441,506080,player_game_stats_transfer,2026-05-26 16:59:34.699 +0900
2669,"26921","706","11",2026-05-07 19:05:00.000 +0900,,506079,506080,player_game_stats_transfer,2026-08-18 22:34:29.937 +0900
2386,"51000509","706","17",2025-10-03 19:05:00.000 +0900,,504734,506080,player_game_stats_insert,2026-08-18 18:07:46.869 +0900
1610,"9044","706","25",2023-10-07 16:35:00.000 +0900,,501293,506080,player_game_stats_transfer,2026-05-26 17:00:06.242 +0900
395,"12595","702","15",2017-09-30 15:05:00.000 +0900,2018-01-14 15:05:00.000 +0900,1581,2681,player_game_stats_insert,2026-05-26 16:58:35.305 +0900
2007,"5100000014","53000065","24",2025-01-18 16:00:00.000 +0900,2025-10-04 18:05:00.000 +0900,503880,504752,player_game_stats_transfer,2026-05-26 17:00:30.018 +0900
2394,"51000516","697","4",2025-10-04 14:05:00.000 +0900,,504748,505105,player_game_stats_insert,2026-08-18 18:07:46.869 +0900
2016,"5100000062","53000064","15",2025-01-18 16:00:00.000 +0900,2025-10-04 18:05:00.000 +0900,503880,504752,player_game_stats_transfer,2026-05-26 17:00:30.018 +0900
2521,"51000447","721","88",2025-10-04 18:05:00.000 +0900,,504738,505064,player_game_stats_transfer,2026-08-18 18:07:46.869 +0900
1184,"5100000059","727","23",2021-10-02 18:05:00.000 +0900,,7426,501238,player_game_stats_insert,2026-05-26 16:59:34.699 +0900
439,"9039","702","35",2017-10-01 13:05:00.000 +0900,2018-10-06 14:05:00.000 +0900,1582,3000,player_game_stats_transfer,2026-05-26 16:58:36.785 +0900
1089,"5100000079","703","20",2021-10-01 19:25:00.000 +0900,2023-10-05 19:05:00.000 +0900,7422,501311,player_game_stats_insert,2026-05-26 16:59:34.699 +0900
1182,"20024","727","13",2021-10-02 18:05:00.000 +0900,2023-10-07 16:05:00.000 +0900,7426,501305,player_game_stats_transfer,2026-05-26 16:59:34.699 +0900
1183,"20000","727","20",2021-10-02 18:05:00.000 +0900,,7426,8742,player_game_stats_insert,2026-05-26 16:59:34.699 +0900
1090,"5100000081","703","42",2021-10-01 19:25:00.000 +0900,2024-01-14 15:15:00.000 +0900,7422,502496,player_game_stats_insert,2026-05-26 16:59:34.699 +0900
1198,"33094","720","2",2021-10-02 19:05:00.000 +0900,2023-01-14 19:15:00.000 +0900,7436,501172,player_game_stats_transfer,2026-05-26 16:59:34.699 +0900
1199,"8467","720","3",2021-10-02 19:05:00.000 +0900,2024-01-14 15:15:00.000 +0900,7436,502496,player_game_stats_transfer,2026-05-26 16:59:34.699 +0900
932,"12631","703","40",2020-10-03 15:05:00.000 +0900,2023-01-14 19:15:00.000 +0900,5854,501172,player_game_stats_transfer,2026-05-26 16:59:19.085 +0900
1201,"8592","720","14",2021-10-02 19:05:00.000 +0900,2022-10-01 15:05:00.000 +0900,7436,500015,player_game_stats_transfer,2026-05-26 16:59:34.699 +0900
2006,"5100000024","53000065","23",2025-01-18 16:00:00.000 +0900,2025-10-04 18:05:00.000 +0900,503880,504752,player_game_stats_transfer,2026-05-26 17:00:30.018 +0900
2553,"51000135","693","36",2025-11-05 19:05:00.000 +0900,,504884,505105,player_game_stats_transfer,2026-08-18 18:19:47.904 +0900
2648,"51000589","721","14",2026-02-15 14:05:00.000 +0900,,505230,505505,player_game_stats_insert,2026-08-18 19:00:14.261 +0900
2519,"51000216","721","23",2025-10-04 18:05:00.000 +0900,,504738,505505,player_game_stats_transfer,2026-08-18 18:07:46.869 +0900
2609,"26921","835","11",2026-01-18 15:00:00.000 +0900,2026-05-07 19:05:00.000 +0900,506010,506079,player_game_stats_transfer,2026-08-18 18:47:08.823 +0900
2583,"51000342","53000072","4",2026-01-18 11:30:00.000 +0900,,506011,506011,player_game_stats_transfer,2026-08-18 18:47:08.823 +0900
2542,"55000589","702","40",2025-10-18 16:35:00.000 +0900,2026-01-18 11:30:00.000 +0900,504793,506011,player_game_stats_transfer,2026-08-18 18:07:47.595 +0900
2584,"55000589","53000072","5",2026-01-18 11:30:00.000 +0900,,506011,506011,player_game_stats_transfer,2026-08-18 18:47:08.823 +0900
2585,"55000977","53000072","7",2026-01-18 11:30:00.000 +0900,,506011,506011,player_game_stats_insert,2026-08-18 18:47:08.823 +0900
2586,"55000978","53000072","8",2026-01-18 11:30:00.000 +0900,,506011,506011,player_game_stats_insert,2026-08-18 18:47:08.823 +0900
2580,"51000566","700","51",2026-01-03 14:05:00.000 +0900,2026-01-18 11:30:00.000 +0900,505110,506011,player_game_stats_insert,2026-08-18 18:47:08.823 +0900
2587,"51000566","53000072","9",2026-01-18 11:30:00.000 +0900,,506011,506011,player_game_stats_transfer,2026-08-18 18:47:08.823 +0900
2588,"51000553","53000072","10",2026-01-18 11:30:00.000 +0900,,506011,506011,player_game_stats_transfer,2026-08-18 18:47:08.823 +0900
2589,"55000968","53000072","11",2026-01-18 11:30:00.000 +0900,,506011,506011,player_game_stats_transfer,2026-08-18 18:47:08.823 +0900
2590,"55000979","53000072","12",2026-01-18 11:30:00.000 +0900,,506011,506011,player_game_stats_insert,2026-08-18 18:47:08.823 +0900
2591,"55000980","53000072","13",2026-01-18 11:30:00.000 +0900,,506011,506011,player_game_stats_insert,2026-08-18 18:47:08.823 +0900
2592,"55000981","53000072","14",2026-01-18 11:30:00.000 +0900,,506011,506011,player_game_stats_insert,2026-08-18 18:47:08.823 +0900
2593,"51000305","53000073","4",2026-01-18 11:30:00.000 +0900,,506011,506011,player_game_stats_transfer,2026-08-18 18:47:08.823 +0900
2534,"55000970","698","15",2025-10-12 17:05:00.000 +0900,2026-01-18 11:30:00.000 +0900,504772,506011,player_game_stats_transfer,2026-08-18 18:07:47.595 +0900
2594,"55000970","53000073","5",2026-01-18 11:30:00.000 +0900,,506011,506011,player_game_stats_transfer,2026-08-18 18:47:08.823 +0900
2595,"55000969","53000073","6",2026-01-18 11:30:00.000 +0900,,506011,506011,player_game_stats_transfer,2026-08-18 18:47:08.823 +0900
2596,"55000973","53000073","7",2026-01-18 11:30:00.000 +0900,,506011,506011,player_game_stats_insert,2026-08-18 18:47:08.823 +0900
2597,"55000971","53000073","8",2026-01-18 11:30:00.000 +0900,,506011,506011,player_game_stats_transfer,2026-08-18 18:47:08.823 +0900
2541,"55000966","702","19",2025-10-18 16:35:00.000 +0900,2026-01-18 11:30:00.000 +0900,504793,506011,player_game_stats_transfer,2026-08-18 18:07:47.595 +0900
2598,"55000966","53000073","9",2026-01-18 11:30:00.000 +0900,,506011,506011,player_game_stats_transfer,2026-08-18 18:47:08.823 +0900
2599,"55000974","53000073","10",2026-01-18 11:30:00.000 +0900,,506011,506011,player_game_stats_insert,2026-08-18 18:47:08.823 +0900
2600,"55000963","53000073","12",2026-01-18 11:30:00.000 +0900,,506011,506011,player_game_stats_transfer,2026-08-18 18:47:08.823 +0900
2601,"55000975","53000073","13",2026-01-18 11:30:00.000 +0900,,506011,506011,player_game_stats_insert,2026-08-18 18:47:08.823 +0900
2602,"55000976","53000073","14",2026-01-18 11:30:00.000 +0900,,506011,506011,player_game_stats_insert,2026-08-18 18:47:08.823 +0900
2525,"8467","694","3",2025-10-04 18:05:00.000 +0900,2026-01-18 15:00:00.000 +0900,504752,506010,player_game_stats_transfer,2026-08-18 18:07:46.869 +0900
2603,"8467","835","3",2026-01-18 15:00:00.000 +0900,,506010,506010,player_game_stats_transfer,2026-08-18 18:47:08.823 +0900
2107,"8589","703","6",2025-05-10 19:05:00.000 +0900,2026-01-18 15:00:00.000 +0900,503883,506010,player_game_stats_transfer,2026-05-26 17:00:37.948 +0900
2512,"8484","727","7",2025-10-04 18:05:00.000 +0900,2026-01-18 15:00:00.000 +0900,504738,506010,player_game_stats_transfer,2026-08-18 18:07:46.869 +0900
2605,"8484","835","7",2026-01-18 15:00:00.000 +0900,,506010,506010,player_game_stats_transfer,2026-08-18 18:47:08.823 +0900
2517,"5100000055","721","8",2025-10-04 18:05:00.000 +0900,2026-01-18 15:00:00.000 +0900,504738,506010,player_game_stats_transfer,2026-08-18 18:07:46.869 +0900
2606,"5100000055","835","8",2026-01-18 15:00:00.000 +0900,,506010,506010,player_game_stats_transfer,2026-08-18 18:47:08.823 +0900
2106,"8487","713","9",2025-05-10 17:05:00.000 +0900,2026-01-18 15:00:00.000 +0900,503886,506010,player_game_stats_transfer,2026-05-26 17:00:37.948 +0900
2560,"32988","704","21",2025-11-08 19:05:00.000 +0900,2025-12-10 19:05:00.000 +0900,504903,504989,player_game_stats_transfer,2026-08-18 18:19:48.386 +0900
2608,"20021","835","10",2026-01-18 15:00:00.000 +0900,,506010,506010,player_game_stats_transfer,2026-08-18 18:47:08.823 +0900
2096,"26921","706","11",2025-05-10 13:05:00.000 +0900,2026-01-18 15:00:00.000 +0900,503892,506010,player_game_stats_transfer,2026-05-26 17:00:37.948 +0900
1972,"14302","729","30",2024-11-09 19:05:00.000 +0900,2026-01-18 15:00:00.000 +0900,502858,506010,player_game_stats_transfer,2026-05-26 17:00:25.492 +0900
2611,"9033","835","15",2026-01-18 15:00:00.000 +0900,,506010,506010,player_game_stats_transfer,2026-08-18 18:47:08.823 +0900
2422,"51000359","2486","3",2025-10-04 15:05:00.000 +0900,2026-01-18 15:00:00.000 +0900,504732,506010,player_game_stats_insert,2026-08-18 18:07:46.869 +0900
2612,"51000359","835","24",2026-01-18 15:00:00.000 +0900,,506010,506010,player_game_stats_transfer,2026-08-18 18:47:08.823 +0900
2483,"19755","702","30",2025-10-04 16:05:00.000 +0900,2026-01-18 15:00:00.000 +0900,504744,506010,player_game_stats_insert,2026-08-18 18:07:46.869 +0900
2613,"19755","835","30",2026-01-18 15:00:00.000 +0900,,506010,506010,player_game_stats_transfer,2026-08-18 18:47:08.823 +0900
2404,"51000312","698","0",2025-10-04 14:05:00.000 +0900,2026-01-18 15:00:00.000 +0900,504750,506010,player_game_stats_transfer,2026-08-18 18:07:46.869 +0900
2449,"51000525","699","9",2025-10-04 15:05:00.000 +0900,,504746,504790,player_game_stats_insert,2026-08-18 18:07:46.869 +0900
1139,"5100000044","695","34",2021-10-02 14:05:00.000 +0900,2024-10-05 15:05:00.000 +0900,7428,502712,player_game_stats_transfer,2026-05-26 16:59:34.699 +0900
1113,"22497","701","4",2021-10-02 14:00:00.000 +0900,2023-01-13 19:00:00.000 +0900,7441,501173,player_game_stats_transfer,2026-05-26 16:59:34.699 +0900
1858,"51000158","698","12",2024-10-05 14:05:00.000 +0900,2025-10-04 15:05:00.000 +0900,502724,504746,player_game_stats_transfer,2026-05-26 17:00:22.997 +0900
2625,"12577","836","18",2026-01-18 15:00:00.000 +0900,2026-05-07 19:05:00.000 +0900,506010,506079,player_game_stats_transfer,2026-08-18 18:47:08.823 +0900
2628,"5100000015","836","99",2026-01-18 15:00:00.000 +0900,2026-05-07 19:05:00.000 +0900,506010,506079,player_game_stats_transfer,2026-08-18 18:47:08.823 +0900
2616,"51000312","836","0",2026-01-18 15:00:00.000 +0900,,506010,506010,player_game_stats_transfer,2026-08-18 18:47:08.823 +0900
405,"8467","706","3",2017-09-30 17:05:00.000 +0900,2021-10-02 19:05:00.000 +0900,1585,7436,player_game_stats_transfer,2026-05-26 16:58:35.305 +0900
2621,"12598","836","8",2026-01-18 15:00:00.000 +0900,,506010,506010,player_game_stats_transfer,2026-08-18 18:47:08.823 +0900
2626,"30403","836","19",2026-01-18 15:00:00.000 +0900,2026-05-08 19:05:00.000 +0900,506010,506085,player_game_stats_transfer,2026-08-18 18:47:08.823 +0900
2622,"8592","836","9",2026-01-18 15:00:00.000 +0900,,506010,506010,player_game_stats_transfer,2026-08-18 18:47:08.823 +0900
2623,"9037","836","13",2026-01-18 15:00:00.000 +0900,,506010,506010,player_game_stats_transfer,2026-08-18 18:47:08.823 +0900
2524,"8655","701","14",2025-10-04 18:05:00.000 +0900,2026-01-18 15:00:00.000 +0900,504752,506010,player_game_stats_transfer,2026-08-18 18:07:46.869 +0900
2627,"18475","836","77",2026-01-18 15:00:00.000 +0900,,506010,506010,player_game_stats_transfer,2026-08-18 18:47:08.823 +0900
2619,"51000166","836","4",2026-01-18 15:00:00.000 +0900,2026-05-08 19:05:00.000 +0900,506010,506085,player_game_stats_transfer,2026-08-18 18:47:08.823 +0900
2624,"8655","836","14",2026-01-18 15:00:00.000 +0900,2026-05-08 19:05:00.000 +0900,506010,506085,player_game_stats_transfer,2026-08-18 18:47:08.823 +0900
2618,"9055","836","2",2026-01-18 15:00:00.000 +0900,2026-05-09 13:05:00.000 +0900,506010,506088,player_game_stats_transfer,2026-08-18 18:47:08.823 +0900
2620,"51000467","836","5",2026-01-18 15:00:00.000 +0900,2026-05-09 13:05:00.000 +0900,506010,506088,player_game_stats_transfer,2026-08-18 18:47:08.823 +0900
235,"9488","702","22",2016-11-19 15:00:00.000 +0900,2017-10-14 18:05:00.000 +0900,128,1615,player_game_stats_insert,2026-05-26 16:51:50.418 +0900
2461,"51000155","696","21",2025-10-04 15:05:00.000 +0900,,504746,505198,player_game_stats_insert,2026-08-18 18:07:46.869 +0900
2607,"8487","835","9",2026-01-18 15:00:00.000 +0900,2026-05-09 13:05:00.000 +0900,506010,506088,player_game_stats_transfer,2026-08-18 18:47:08.823 +0900
2604,"8589","835","6",2026-01-18 15:00:00.000 +0900,2026-05-09 17:05:00.000 +0900,506010,506082,player_game_stats_transfer,2026-08-18 18:47:08.823 +0900
2614,"8593","835","33",2026-01-18 15:00:00.000 +0900,2026-05-09 17:05:00.000 +0900,506010,506082,player_game_stats_transfer,2026-08-18 18:47:08.823 +0900
2565,"51000560","706","44",2025-12-06 14:05:00.000 +0900,,504984,504993,player_game_stats_insert,2026-08-18 18:36:48.815 +0900
2615,"5100000081","835","42",2026-01-18 15:00:00.000 +0900,2026-05-09 17:05:00.000 +0900,506010,506082,player_game_stats_transfer,2026-08-18 18:47:08.823 +0900
2610,"14302","835","14",2026-01-18 15:00:00.000 +0900,2026-05-09 17:05:00.000 +0900,506010,506082,player_game_stats_transfer,2026-08-18 18:47:08.823 +0900
2441,"8608","728","1",2025-10-04 15:05:00.000 +0900,,504740,506086,player_game_stats_transfer,2026-08-18 18:07:46.869 +0900
2110,"8494","728","13",2025-05-10 19:05:00.000 +0900,,503883,506086,player_game_stats_transfer,2026-05-26 17:00:37.948 +0900
1848,"33095","726","22",2024-10-04 19:05:00.000 +0900,,502730,503317,player_game_stats_transfer,2026-05-26 17:00:22.997 +0900
2670,"30403","728","19",2026-05-08 19:05:00.000 +0900,,506085,506086,player_game_stats_transfer,2026-08-18 22:34:29.937 +0900
406,"12577","706","6",2017-09-30 17:05:00.000 +0900,2018-01-14 15:05:00.000 +0900,1585,2681,player_game_stats_insert,2026-05-26 16:58:35.305 +0900
2481,"51000296","702","21",2025-10-04 16:05:00.000 +0900,,504744,505483,player_game_stats_insert,2026-08-18 18:07:46.869 +0900
1947,"51000390","693","24",2024-10-05 18:05:00.000 +0900,2025-10-04 15:05:00.000 +0900,502720,504746,player_game_stats_insert,2026-05-26 17:00:22.997 +0900
2617,"51000428","836","1",2026-01-18 15:00:00.000 +0900,2026-05-10 13:05:00.000 +0900,506010,506089,player_game_stats_transfer,2026-08-18 18:47:08.823 +0900
2575,"51000501","717","15",2025-12-20 15:05:00.000 +0900,,505043,505186,player_game_stats_insert,2026-08-18 18:36:49.273 +0900
2676,"8589","703","6",2026-05-09 17:05:00.000 +0900,,506082,506083,player_game_stats_transfer,2026-08-18 22:34:29.937 +0900
2108,"8497","703","9",2025-05-10 19:05:00.000 +0900,,503883,506083,player_game_stats_transfer,2026-05-26 17:00:37.948 +0900
929,"8726","703","10",2020-10-03 15:05:00.000 +0900,,5854,506083,player_game_stats_transfer,2026-05-26 16:59:19.085 +0900
2388,"10885","703","11",2025-10-03 19:05:00.000 +0900,,504734,506083,player_game_stats_transfer,2026-08-18 18:07:46.869 +0900
2647,"52433","702","20",2026-02-14 15:05:00.000 +0900,2026-03-11 19:05:00.000 +0900,505223,505263,player_game_stats_insert,2026-08-18 19:00:14.261 +0900
327,"8529","703","18",2017-09-29 19:05:00.000 +0900,,1573,506083,player_game_stats_insert,2026-05-26 16:58:35.305 +0900
2109,"33085","703","25",2025-05-10 19:05:00.000 +0900,,503883,506083,player_game_stats_transfer,2026-05-26 17:00:37.948 +0900
2677,"8593","703","33",2026-05-09 17:05:00.000 +0900,,506082,506083,player_game_stats_transfer,2026-08-18 22:34:29.937 +0900
1383,"18430","703","34",2022-12-14 19:25:00.000 +0900,,500219,506083,player_game_stats_transfer,2026-05-26 16:59:54.128 +0900
2678,"5100000081","703","42",2026-05-09 17:05:00.000 +0900,,506082,506083,player_game_stats_transfer,2026-08-18 22:34:29.937 +0900
2653,"51000429","706","35",2026-03-07 17:05:00.000 +0900,,505257,505348,player_game_stats_transfer,2026-08-18 19:10:59.233 +0900
2579,"51000564","704","13",2026-01-03 14:05:00.000 +0900,,505096,506090,player_game_stats_insert,2026-08-18 18:47:08.823 +0900
2675,"8487","713","9",2026-05-09 13:05:00.000 +0900,,506088,506090,player_game_stats_transfer,2026-08-18 22:34:29.937 +0900
1981,"51000232","713","16",2024-12-18 19:05:00.000 +0900,,502963,506090,player_game_stats_transfer,2026-05-26 17:00:27.523 +0900
1832,"30519","713","29",2024-10-03 19:05:00.000 +0900,,502714,506090,player_game_stats_transfer,2026-05-26 17:00:22.997 +0900
2447,"8470","713","55",2025-10-04 15:05:00.000 +0900,,504740,506090,player_game_stats_transfer,2026-08-18 18:07:46.869 +0900
195,"8690","700","20",2016-10-01 18:00:00.000 +0900,,27,505476,player_game_stats_insert,2026-05-26 16:51:46.578 +0900
2636,"51000581","745","23",2026-01-28 19:05:00.000 +0900,,505147,505461,player_game_stats_insert,2026-08-18 18:47:09.281 +0900
2555,"8537","698","13",2025-11-08 14:05:00.000 +0900,,504897,505465,player_game_stats_transfer,2026-08-18 18:19:47.904 +0900
2089,"30510","2488","3",2025-03-22 15:05:00.000 +0900,,503234,503405,player_game_stats_transfer,2026-05-26 17:00:33.677 +0900
1946,"51000385","693","21",2024-10-05 18:05:00.000 +0900,,502720,503409,player_game_stats_insert,2026-05-26 17:00:22.997 +0900
343,"8653","729","88",2017-09-29 19:05:00.000 +0900,2018-10-04 19:05:00.000 +0900,1575,2990,player_game_stats_transfer,2026-05-26 16:58:35.305 +0900
2680,"51000428","704","1",2026-05-10 13:05:00.000 +0900,,506089,506092,player_game_stats_transfer,2026-08-18 22:34:29.937 +0900
2673,"9055","704","2",2026-05-09 13:05:00.000 +0900,,506088,506092,player_game_stats_transfer,2026-08-18 22:34:29.937 +0900
2099,"8656","704","4",2025-05-10 13:05:00.000 +0900,,503892,506092,player_game_stats_transfer,2026-05-26 17:00:37.948 +0900
2674,"51000467","704","5",2026-05-09 13:05:00.000 +0900,,506088,506092,player_game_stats_transfer,2026-08-18 22:34:29.937 +0900
2467,"51000517","704","8",2025-10-04 15:35:00.000 +0900,,504742,506092,player_game_stats_insert,2026-08-18 18:07:46.869 +0900
79,"8580","704","11",2016-10-01 16:00:00.000 +0900,,22,506092,player_game_stats_insert,2026-05-26 16:51:46.578 +0900
2101,"51000267","704","12",2025-05-10 13:05:00.000 +0900,,503892,506092,player_game_stats_transfer,2026-05-26 17:00:37.948 +0900
2102,"8584","704","31",2025-05-10 13:05:00.000 +0900,,503892,506092,player_game_stats_transfer,2026-05-26 17:00:37.948 +0900
2578,"55000567","701","77",2025-12-24 19:35:00.000 +0900,,505065,506095,player_game_stats_transfer,2026-08-18 18:36:49.642 +0900
2468,"14301","729","2",2025-10-04 16:05:00.000 +0900,,504744,506095,player_game_stats_transfer,2026-08-18 18:07:46.869 +0900
1901,"32995","729","5",2024-10-05 15:35:00.000 +0900,,502722,506095,player_game_stats_transfer,2026-05-26 17:00:22.997 +0900
2470,"51000222","729","7",2025-10-04 16:05:00.000 +0900,,504744,506095,player_game_stats_transfer,2026-08-18 18:07:46.869 +0900
2471,"51000268","729","11",2025-10-04 16:05:00.000 +0900,,504744,506095,player_game_stats_transfer,2026-08-18 18:07:46.869 +0900
43,"8516","729","12",2016-10-01 14:10:00.000 +0900,,26,506095,player_game_stats_insert,2026-05-26 16:51:46.578 +0900
2474,"51000499","729","23",2025-10-04 16:05:00.000 +0900,,504744,506095,player_game_stats_insert,2026-08-18 18:07:46.869 +0900
2679,"14302","729","30",2026-05-09 17:05:00.000 +0900,,506082,506095,player_game_stats_transfer,2026-08-18 22:34:29.937 +0900
2476,"9435","729","34",2025-10-04 16:05:00.000 +0900,,504744,506095,player_game_stats_transfer,2026-08-18 18:07:46.869 +0900
139,"9081","726","2",2016-10-01 18:00:00.000 +0900,,24,49,player_game_stats_insert,2026-05-26 16:51:46.578 +0900
2082,"51000480","2488","22",2025-03-01 17:05:00.000 +0900,2025-10-04 14:05:00.000 +0900,503176,504750,player_game_stats_insert,2026-05-26 17:00:33.338 +0900
2412,"9456","745","6",2025-10-04 15:05:00.000 +0900,2026-01-24 15:35:00.000 +0900,504730,505134,player_game_stats_transfer,2026-08-18 18:07:46.869 +0900
2633,"51000577","694","11",2026-01-24 15:05:00.000 +0900,,505138,505495,player_game_stats_insert,2026-08-18 18:47:08.823 +0900
1896,"10878","717","23",2024-10-05 15:35:00.000 +0900,,502722,505503,player_game_stats_transfer,2026-05-26 17:00:22.997 +0900
2454,"15752","696","3",2025-10-04 15:05:00.000 +0900,,504746,505505,player_game_stats_insert,2026-08-18 18:07:46.869 +0900
1953,"9345","697","12",2024-10-05 18:05:00.000 +0900,2025-10-04 15:05:00.000 +0900,502732,504746,player_game_stats_transfer,2026-05-26 17:00:22.997 +0900
2543,"51000173","694","25",2025-10-25 14:05:00.000 +0900,,504827,505370,player_game_stats_transfer,2026-08-18 18:07:47.977 +0900
2530,"5100000025","694","51",2025-10-04 18:05:00.000 +0900,,504752,505370,player_game_stats_transfer,2026-08-18 18:07:46.869 +0900
2073,"51000132","720","17",2025-01-29 19:05:00.000 +0900,,503103,504903,player_game_stats_insert,2026-05-26 17:00:30.018 +0900
2433,"51000379","2488","5",2025-10-04 15:05:00.000 +0900,,504732,506099,player_game_stats_transfer,2026-08-18 18:07:46.869 +0900
2434,"33026","2488","6",2025-10-04 15:05:00.000 +0900,,504732,506099,player_game_stats_insert,2026-08-18 18:07:46.869 +0900
2435,"19957","2488","11",2025-10-04 15:05:00.000 +0900,,504732,506099,player_game_stats_transfer,2026-08-18 18:07:46.869 +0900
2436,"5100000021","2488","13",2025-10-04 15:05:00.000 +0900,,504732,506099,player_game_stats_transfer,2026-08-18 18:07:46.869 +0900
2437,"51000529","2488","14",2025-10-04 15:05:00.000 +0900,,504732,506099,player_game_stats_insert,2026-08-18 18:07:46.869 +0900
2667,"12577","2488","18",2026-05-07 19:05:00.000 +0900,,506079,506099,player_game_stats_transfer,2026-08-18 22:34:29.937 +0900
2440,"51000395","2488","25",2025-10-04 15:05:00.000 +0900,,504732,506099,player_game_stats_insert,2026-08-18 18:07:46.869 +0900
2668,"5100000015","2488","99",2026-05-07 19:05:00.000 +0900,,506079,506099,player_game_stats_transfer,2026-08-18 22:34:29.937 +0900
2522,"51000252","701","2",2025-10-04 18:05:00.000 +0900,,504752,506099,player_game_stats_transfer,2026-08-18 18:07:46.869 +0900
2671,"51000166","701","4",2026-05-08 19:05:00.000 +0900,,506085,506099,player_game_stats_transfer,2026-08-18 22:34:29.937 +0900
2523,"5100000014","701","8",2025-10-04 18:05:00.000 +0900,,504752,506099,player_game_stats_transfer,2026-08-18 18:07:46.869 +0900
2672,"8655","701","14",2026-05-08 19:05:00.000 +0900,,506085,506099,player_game_stats_transfer,2026-08-18 22:34:29.937 +0900
2092,"51000116","701","18",2025-05-09 19:35:00.000 +0900,,503889,506099,player_game_stats_transfer,2026-05-26 17:00:37.948 +0900
1140,"36414","699","0",2021-10-02 14:05:00.000 +0900,2021-11-06 15:05:00.000 +0900,7428,7521,player_game_stats_insert,2026-05-26 16:59:34.699 +0900
1180,"8494","729","11",2021-10-02 18:05:00.000 +0900,2024-10-05 15:05:00.000 +0900,7424,502712,player_game_stats_transfer,2026-05-26 16:59:34.699 +0900
1992,"51000344","2488","10",2025-01-10 19:05:00.000 +0900,,503068,503425,player_game_stats_insert,2026-05-26 17:00:29.601 +0900
1903,"51000399","729","45",2024-10-05 15:35:00.000 +0900,,502722,503421,player_game_stats_insert,2026-05-26 17:00:22.997 +0900
2507,"51000523","693","25",2025-10-04 18:05:00.000 +0900,,504736,505469,player_game_stats_insert,2026-08-18 18:07:46.869 +0900
1214,"51000098","694","4",2021-10-17 14:05:00.000 +0900,,7475,8067,player_game_stats_insert,2026-05-26 16:59:35.076 +0900
1159,"10871","698","9",2021-10-02 17:05:00.000 +0900,2022-10-01 16:05:00.000 +0900,7432,500019,player_game_stats_transfer,2026-05-26 16:59:34.699 +0900
2505,"51000522","693","22",2025-10-04 18:05:00.000 +0900,,504736,505485,player_game_stats_insert,2026-08-18 18:07:46.869 +0900
2666,"8469","2488","10",2026-04-08 19:05:00.000 +0900,,505376,505507,player_game_stats_transfer,2026-08-18 22:14:21.745 +0900
2410,"51000285","745","4",2025-10-04 15:05:00.000 +0900,,504730,505499,player_game_stats_transfer,2026-08-18 18:07:46.869 +0900
2564,"51000561","701","21",2025-12-06 14:05:00.000 +0900,,504982,506099,player_game_stats_insert,2026-08-18 18:36:48.815 +0900
2093,"26914","701","45",2025-05-09 19:35:00.000 +0900,,503889,506099,player_game_stats_transfer,2026-05-26 17:00:37.948 +0900
404,"8456","706","1",2017-09-30 17:05:00.000 +0900,2022-10-01 17:35:00.000 +0900,1585,500011,player_game_stats_transfer,2026-05-26 16:58:35.305 +0900
1144,"5100000064","700","1",2021-10-02 15:05:00.000 +0900,,7434,7681,player_game_stats_insert,2026-05-26 16:59:34.699 +0900
97,"8500","703","25",2016-10-01 16:00:00.000 +0900,2017-09-29 19:35:00.000 +0900,22,1589,player_game_stats_insert,2026-05-26 16:51:46.578 +0900
2562,"55000971","692","77",2025-12-06 14:05:00.000 +0900,2026-01-18 11:30:00.000 +0900,504962,506011,player_game_stats_transfer,2026-08-18 18:36:48.815 +0900
1995,"46920","698","54",2025-01-11 14:05:00.000 +0900,,503064,503423,player_game_stats_insert,2026-05-26 17:00:29.601 +0900
1971,"51000413","712","20",2024-11-09 17:05:00.000 +0900,,502862,503407,player_game_stats_transfer,2026-05-26 17:00:25.492 +0900
1846,"15756","726","17",2024-10-04 19:05:00.000 +0900,2025-10-04 14:05:00.000 +0900,502730,504750,player_game_stats_transfer,2026-05-26 17:00:22.997 +0900
1895,"51000353","717","18",2024-10-05 15:35:00.000 +0900,2025-10-04 14:05:00.000 +0900,502722,504750,player_game_stats_transfer,2026-05-26 17:00:22.997 +0900
1939,"10894","727","14",2024-10-05 18:05:00.000 +0900,,502720,503417,player_game_stats_transfer,2026-05-26 17:00:22.997 +0900
2637,"51000584","720","2",2026-02-07 14:05:00.000 +0900,,505205,505234,player_game_stats_insert,2026-08-18 19:00:13.805 +0900
118,"9393","702","10",2016-10-01 18:00:00.000 +0900,,20,118,player_game_stats_insert,2026-05-26 16:51:46.578 +0900
1941,"51000391","727","24",2024-10-05 18:05:00.000 +0900,,502720,503417,player_game_stats_insert,2026-05-26 17:00:22.997 +0900
2091,"9214","745","3",2025-03-29 15:05:00.000 +0900,,503252,503411,player_game_stats_insert,2026-05-26 17:00:34.005 +0900
1990,"9220","745","17",2024-12-29 14:05:00.000 +0900,,503014,503411,player_game_stats_insert,2026-05-26 17:00:27.868 +0900
1889,"51000177","745","36",2024-10-05 15:05:00.000 +0900,,502718,503411,player_game_stats_transfer,2026-05-26 17:00:22.997 +0900
2071,"9435","745","34",2025-01-25 18:05:00.000 +0900,2025-10-04 16:05:00.000 +0900,503088,504744,player_game_stats_transfer,2026-05-26 17:00:30.018 +0900
1847,"20017","726","21",2024-10-04 19:05:00.000 +0900,2025-10-04 16:05:00.000 +0900,502730,504744,player_game_stats_transfer,2026-05-26 17:00:22.997 +0900
1844,"8737","726","7",2024-10-04 19:05:00.000 +0900,2025-10-04 16:25:00.000 +0900,502730,504728,player_game_stats_transfer,2026-05-26 17:00:22.997 +0900
119,"8509","702","11",2016-10-01 18:00:00.000 +0900,2017-01-15 18:05:00.000 +0900,20,1302,player_game_stats_insert,2026-05-26 16:51:46.578 +0900
2094,"8467","720","3",2025-05-09 19:35:00.000 +0900,2025-10-04 18:05:00.000 +0900,503889,504752,player_game_stats_transfer,2026-05-26 17:00:37.948 +0900
2556,"10831","713","30",2025-11-08 14:05:00.000 +0900,,504899,505216,player_game_stats_insert,2026-08-18 18:19:47.904 +0900
2042,"8482","835","0",2025-01-19 15:00:00.000 +0900,2025-05-10 17:05:00.000 +0900,503882,503886,player_game_stats_transfer,2026-05-26 17:00:30.018 +0900
2047,"8487","835","9",2025-01-19 15:00:00.000 +0900,2025-05-10 17:05:00.000 +0900,503882,503886,player_game_stats_transfer,2026-05-26 17:00:30.018 +0900
1213,"33093","729","21",2021-10-16 18:05:00.000 +0900,,7476,7681,player_game_stats_transfer,2026-05-26 16:59:35.076 +0900
2641,"51000533","745","9",2026-02-07 15:05:00.000 +0900,2026-03-28 14:05:00.000 +0900,505191,505322,player_game_stats_insert,2026-08-18 19:00:13.805 +0900
2569,"10834","726","7",2025-12-06 17:05:00.000 +0900,2026-03-14 15:35:00.000 +0900,504970,505288,player_game_stats_transfer,2026-08-18 18:36:48.815 +0900
2044,"8589","835","6",2025-01-19 15:00:00.000 +0900,2025-05-10 19:05:00.000 +0900,503882,503883,player_game_stats_transfer,2026-05-26 17:00:30.018 +0900
2387,"8452","706","33",2025-10-03 19:05:00.000 +0900,2025-10-25 15:05:00.000 +0900,504734,504837,player_game_stats_transfer,2026-08-18 18:07:46.869 +0900
2045,"8497","835","7",2025-01-19 15:00:00.000 +0900,2025-05-10 19:05:00.000 +0900,503882,503883,player_game_stats_transfer,2026-05-26 17:00:30.018 +0900
2053,"33085","835","25",2025-01-19 15:00:00.000 +0900,2025-05-10 19:05:00.000 +0900,503882,503883,player_game_stats_transfer,2026-05-26 17:00:30.018 +0900
2063,"8494","836","13",2025-01-19 15:00:00.000 +0900,2025-05-10 19:05:00.000 +0900,503882,503883,player_game_stats_transfer,2026-05-26 17:00:30.018 +0900
2105,"5100000016","713","8",2025-05-10 17:05:00.000 +0900,,503886,503887,player_game_stats_transfer,2026-05-26 17:00:37.948 +0900
2582,"51000562","703","21",2026-01-04 14:05:00.000 +0900,,505093,505149,player_game_stats_insert,2026-08-18 18:47:08.823 +0900
2004,"51000236","53000065","14",2025-01-18 16:00:00.000 +0900,2025-05-19 19:05:00.000 +0900,503880,503897,player_game_stats_transfer,2026-05-26 17:00:30.018 +0900
2574,"5100000079","706","60",2025-12-20 15:05:00.000 +0900,,505035,505222,player_game_stats_transfer,2026-08-18 18:36:49.273 +0900
421,"9423","697","13",2017-09-30 18:05:00.000 +0900,2018-10-06 18:05:00.000 +0900,1583,2994,player_game_stats_transfer,2026-05-26 16:58:35.305 +0900
100,"8648","703","91",2016-10-01 16:00:00.000 +0900,,22,1898,player_game_stats_insert,2026-05-26 16:51:46.578 +0900
1119,"8468","693","5",2021-10-02 14:05:00.000 +0900,,7420,504875,player_game_stats_transfer,2026-05-26 16:59:34.699 +0900
2630,"8835","704","34",2026-01-24 14:05:00.000 +0900,,505128,505226,player_game_stats_transfer,2026-08-18 18:47:08.823 +0900
2516,"51000550","721","5",2025-10-04 18:05:00.000 +0900,,504738,505024,player_game_stats_insert,2026-08-18 18:07:46.869 +0900
2662,"51000533","1638","9",2026-03-28 14:05:00.000 +0900,,505322,505415,player_game_stats_transfer,2026-08-18 19:10:59.640 +0900
1112,"9456","701","2",2021-10-02 14:00:00.000 +0900,2022-10-01 16:05:00.000 +0900,7441,500019,player_game_stats_insert,2026-05-26 16:59:34.699 +0900
1114,"22399","701","7",2021-10-02 14:00:00.000 +0900,2025-01-11 15:05:00.000 +0900,7441,503048,player_game_stats_transfer,2026-05-26 16:59:34.699 +0900
935,"14302","701","30",2020-10-03 15:05:00.000 +0900,2023-01-14 19:15:00.000 +0900,5854,501172,player_game_stats_transfer,2026-05-26 16:59:19.085 +0900
1185,"5100000060","694","2",2021-10-02 18:05:00.000 +0900,,7426,8067,player_game_stats_insert,2026-05-26 16:59:34.699 +0900
934,"8656","701","24",2020-10-03 15:05:00.000 +0900,2024-10-05 14:05:00.000 +0900,5854,502716,player_game_stats_transfer,2026-05-26 16:59:19.085 +0900
850,"30398","701","88",2019-12-29 19:05:00.000 +0900,2024-10-05 14:05:00.000 +0900,4383,502724,player_game_stats_insert,2026-05-26 16:59:11.773 +0900
1121,"8727","693","12",2021-10-02 14:05:00.000 +0900,2023-10-07 15:35:00.000 +0900,7420,501301,player_game_stats_transfer,2026-05-26 16:59:34.699 +0900
1120,"5100000007","693","7",2021-10-02 14:05:00.000 +0900,,7420,8727,player_game_stats_insert,2026-05-26 16:59:34.699 +0900
1122,"5100000047","693","45",2021-10-02 14:05:00.000 +0900,,7420,8727,player_game_stats_insert,2026-05-26 16:59:34.699 +0900
356,"9030","701","8",2017-09-29 19:35:00.000 +0900,2018-10-06 14:05:00.000 +0900,1589,3000,player_game_stats_transfer,2026-05-26 16:58:35.305 +0900
2566,"30515","693","1",2025-12-06 15:05:00.000 +0900,,504966,505485,player_game_stats_transfer,2026-08-18 18:36:48.815 +0900
204,"8654","701","13",2016-10-01 19:00:00.000 +0900,2018-10-06 18:05:00.000 +0900,28,3002,player_game_stats_insert,2026-05-26 16:51:46.578 +0900
323,"8655","701","14",2017-05-13 16:05:00.000 +0900,2019-01-19 19:10:00.000 +0900,1325,4110,player_game_stats_transfer,2026-05-26 16:52:30.281 +0900
1105,"26922","721","10",2021-10-02 11:55:00.000 +0900,2022-10-01 16:05:00.000 +0900,7438,500021,player_game_stats_transfer,2026-05-26 16:59:34.699 +0900
355,"8514","701","0",2017-09-29 19:35:00.000 +0900,,1589,6952,player_game_stats_transfer,2026-05-26 16:58:35.305 +0900
201,"8652","701","6",2016-10-01 19:00:00.000 +0900,,28,4149,player_game_stats_insert,2026-05-26 16:51:46.578 +0900
1208,"51000100","726","22",2021-10-09 19:05:00.000 +0900,2022-05-01 15:05:00.000 +0900,7448,8051,player_game_stats_insert,2026-05-26 16:59:34.699 +0900
1206,"8737","721","7",2021-10-09 15:05:00.000 +0900,2024-10-04 19:05:00.000 +0900,7456,502730,player_game_stats_transfer,2026-05-26 16:59:34.699 +0900
1145,"33083","700","2",2021-10-02 15:05:00.000 +0900,2022-10-01 15:05:00.000 +0900,7434,500003,player_game_stats_transfer,2026-05-26 16:59:34.699 +0900
1102,"30400","721","0",2021-10-02 11:55:00.000 +0900,2023-01-13 19:00:00.000 +0900,7438,501173,player_game_stats_transfer,2026-05-26 16:59:34.699 +0900
1103,"8487","721","3",2021-10-02 11:55:00.000 +0900,2023-01-14 19:15:00.000 +0900,7438,501172,player_game_stats_transfer,2026-05-26 16:59:34.699 +0900
1104,"15817","721","4",2021-10-02 11:55:00.000 +0900,2023-01-18 19:05:00.000 +0900,7438,500350,player_game_stats_transfer,2026-05-26 16:59:34.699 +0900
1177,"9063","726","55",2021-10-02 18:05:00.000 +0900,2023-10-05 19:05:00.000 +0900,7424,501311,player_game_stats_transfer,2026-05-26 16:59:34.699 +0900
358,"12587","701","12",2017-09-29 19:35:00.000 +0900,2023-10-07 13:55:00.000 +0900,1589,501309,player_game_stats_insert,2026-05-26 16:58:35.305 +0900
444,"12655","700","",2017-10-25 19:05:00.000 +0900,,1651,3521,player_game_stats_insert,2026-05-26 16:58:37.143 +0900
357,"8494","701","11",2017-09-29 19:35:00.000 +0900,2018-01-14 15:05:00.000 +0900,1589,2681,player_game_stats_transfer,2026-05-26 16:58:35.305 +0900
2100,"51000429","704","7",2025-05-10 13:05:00.000 +0900,2026-03-07 17:05:00.000 +0900,503892,505257,player_game_stats_transfer,2026-05-26 17:00:37.948 +0900
2538,"51000518","704","44",2025-10-18 14:05:00.000 +0900,,504803,505463,player_game_stats_insert,2026-08-18 18:07:47.595 +0900
2577,"9398","745","21",2025-12-24 19:05:00.000 +0900,,505056,505158,player_game_stats_transfer,2026-08-18 18:36:49.642 +0900
2632,"51000578","2486","1",2026-01-24 15:05:00.000 +0900,,505126,505385,player_game_stats_insert,2026-08-18 18:47:08.823 +0900
2423,"30402","2486","5",2025-10-04 15:05:00.000 +0900,,504732,505385,player_game_stats_transfer,2026-08-18 18:07:46.869 +0900
2475,"55000968","729","27",2025-10-04 16:05:00.000 +0900,2026-01-18 11:30:00.000 +0900,504744,506011,player_game_stats_transfer,2026-08-18 18:07:46.869 +0900
2472,"51000305","729","17",2025-10-04 16:05:00.000 +0900,2026-01-18 11:30:00.000 +0900,504744,506011,player_game_stats_transfer,2026-08-18 18:07:46.869 +0900
2097,"51000428","704","1",2025-05-10 13:05:00.000 +0900,2026-01-18 15:00:00.000 +0900,503892,506010,player_game_stats_transfer,2026-05-26 17:00:37.948 +0900
2098,"9055","704","2",2025-05-10 13:05:00.000 +0900,2026-01-18 15:00:00.000 +0900,503892,506010,player_game_stats_transfer,2026-05-26 17:00:37.948 +0900
2069,"51000467","704","5",2025-01-25 15:35:00.000 +0900,2026-01-18 15:00:00.000 +0900,503080,506010,player_game_stats_insert,2026-05-26 17:00:30.018 +0900
2497,"12598","726","8",2025-10-04 18:05:00.000 +0900,2026-01-18 15:00:00.000 +0900,504736,506010,player_game_stats_transfer,2026-08-18 18:07:46.869 +0900
2499,"9037","726","13",2025-10-04 18:05:00.000 +0900,2026-01-18 15:00:00.000 +0900,504736,506010,player_game_stats_transfer,2026-08-18 18:07:46.869 +0900
2420,"18475","720","77",2025-10-04 15:05:00.000 +0900,2026-01-18 15:00:00.000 +0900,504730,506010,player_game_stats_transfer,2026-08-18 18:07:46.869 +0900
1172,"5100000068","697","20",2021-10-02 17:05:00.000 +0900,,7432,8069,player_game_stats_insert,2026-05-26 16:59:34.699 +0900
2554,"30515","703","1",2025-11-05 19:05:00.000 +0900,2025-12-06 15:05:00.000 +0900,504886,504966,player_game_stats_transfer,2026-08-18 18:19:47.904 +0900
2527,"51000319","694","11",2025-10-04 18:05:00.000 +0900,2025-12-06 15:05:00.000 +0900,504752,504974,player_game_stats_insert,2026-08-18 18:07:46.869 +0900
2571,"51000188","700","7",2025-12-13 14:05:00.000 +0900,,505015,505487,player_game_stats_transfer,2026-08-18 18:36:49.273 +0900
2090,"51000486","701","17",2025-03-26 19:05:00.000 +0900,,503242,505298,player_game_stats_insert,2026-05-26 17:00:34.005 +0900
2640,"49996","700","23",2026-02-07 15:05:00.000 +0900,,505189,505295,player_game_stats_insert,2026-08-18 19:00:13.805 +0900
1209,"5100000087","698","22",2021-10-10 14:35:00.000 +0900,2022-10-01 16:05:00.000 +0900,7459,500019,player_game_stats_insert,2026-05-26 16:59:34.699 +0900
52,"8485","727","9",2016-10-01 15:00:00.000 +0900,2018-10-06 18:05:00.000 +0900,23,3002,player_game_stats_insert,2026-05-26 16:51:46.578 +0900
2634,"27048","720","25",2026-01-24 15:05:00.000 +0900,,505142,505439,player_game_stats_transfer,2026-08-18 18:47:08.823 +0900
1093,"8645","713","7",2021-10-01 19:25:00.000 +0900,,7422,501994,player_game_stats_transfer,2026-05-26 16:59:34.699 +0900
153,"8505","696","12",2016-10-01 18:00:00.000 +0900,,25,2079,player_game_stats_insert,2026-05-26 16:51:46.578 +0900
1189,"10258","694","17",2021-10-02 18:05:00.000 +0900,2022-10-01 15:05:00.000 +0900,7426,500015,player_game_stats_transfer,2026-05-26 16:59:34.699 +0900
2644,"51000590","2488","32",2026-02-14 15:05:00.000 +0900,,505215,505507,player_game_stats_insert,2026-08-18 19:00:14.261 +0900
2389,"5100000069","700","1",2025-10-04 14:05:00.000 +0900,,504748,505487,player_game_stats_transfer,2026-08-18 18:07:46.869 +0900
2390,"15817","700","4",2025-10-04 14:05:00.000 +0900,,504748,505487,player_game_stats_transfer,2026-08-18 18:07:46.869 +0900
2391,"26886","700","5",2025-10-04 14:05:00.000 +0900,,504748,505487,player_game_stats_transfer,2026-08-18 18:07:46.869 +0900
331,"12511","703","",2017-09-29 19:05:00.000 +0900,,1573,1655,player_game_stats_insert,2026-05-26 16:58:35.305 +0900
2518,"33097","721","13",2025-10-04 18:05:00.000 +0900,,504738,505416,player_game_stats_transfer,2026-08-18 18:07:46.869 +0900
1204,"32994","706","2",2021-10-09 15:05:00.000 +0900,,7446,8731,player_game_stats_transfer,2026-05-26 16:59:34.699 +0900
105,"8479","692","6",2016-10-01 18:00:00.000 +0900,2017-09-29 19:35:00.000 +0900,20,1589,player_game_stats_insert,2026-05-26 16:51:46.578 +0900
2076,"51000473","1638","6",2025-02-08 14:05:00.000 +0900,,503150,505401,player_game_stats_insert,2026-05-26 17:00:31.559 +0900
1092,"18441","713","4",2021-10-01 19:25:00.000 +0900,,7422,506090,player_game_stats_transfer,2026-05-26 16:59:34.699 +0900
2427,"51000189","2486","21",2025-10-04 15:05:00.000 +0900,,504732,504943,player_game_stats_insert,2026-08-18 18:07:46.869 +0900
104,"8478","692","5",2016-10-01 18:00:00.000 +0900,2019-10-05 18:05:00.000 +0900,20,4161,player_game_stats_insert,2026-05-26 16:51:46.578 +0900
2551,"51000520","697","22",2025-11-01 15:05:00.000 +0900,2025-12-20 16:05:00.000 +0900,504876,505051,player_game_stats_insert,2026-08-18 18:19:47.904 +0900
1216,"51000104","716","13",2021-10-23 16:05:00.000 +0900,2024-10-03 19:05:00.000 +0900,7504,502714,player_game_stats_insert,2026-05-26 16:59:35.076 +0900
110,"9370","692","21",2016-10-01 18:00:00.000 +0900,,20,117,player_game_stats_insert,2026-05-26 16:51:46.578 +0900
1116,"26921","706","11",2021-10-02 14:00:00.000 +0900,2023-01-14 19:15:00.000 +0900,7441,501172,player_game_stats_transfer,2026-05-26 16:59:34.699 +0900
106,"8723","692","7",2016-10-01 18:00:00.000 +0900,,20,258,player_game_stats_insert,2026-05-26 16:51:46.578 +0900
1117,"8649","706","22",2021-10-02 14:00:00.000 +0900,2023-01-14 19:15:00.000 +0900,7441,501172,player_game_stats_transfer,2026-05-26 16:59:34.699 +0900
1118,"30347","706","33",2021-10-02 14:00:00.000 +0900,2024-11-30 15:05:00.000 +0900,7441,502886,player_game_stats_transfer,2026-05-26 16:59:34.699 +0900
103,"8477","692","4",2016-10-01 18:00:00.000 +0900,,20,533,player_game_stats_insert,2026-05-26 16:51:46.578 +0900
102,"8722","692","3",2016-10-01 18:00:00.000 +0900,2022-10-01 15:05:00.000 +0900,20,500003,player_game_stats_insert,2026-05-26 16:51:46.578 +0900
1945,"30465","693","6",2024-10-05 18:05:00.000 +0900,,502720,505028,player_game_stats_transfer,2026-05-26 17:00:22.997 +0900
2442,"51000297","728","30",2025-10-04 15:05:00.000 +0900,,504740,506086,player_game_stats_insert,2026-08-18 18:07:46.869 +0900
217,"8761","698","13",2016-10-01 19:00:00.000 +0900,,28,2110,player_game_stats_insert,2026-05-26 16:51:46.578 +0900
215,"8577","698","6",2016-10-01 19:00:00.000 +0900,2018-10-06 14:05:00.000 +0900,28,2996,player_game_stats_insert,2026-05-26 16:51:46.578 +0900
214,"8784","698","3",2016-10-01 19:00:00.000 +0900,2018-10-06 15:05:00.000 +0900,28,2992,player_game_stats_insert,2026-05-26 16:51:46.578 +0900
213,"8462","698","0",2016-10-01 19:00:00.000 +0900,2018-10-06 16:05:00.000 +0900,28,2998,player_game_stats_insert,2026-05-26 16:51:46.578 +0900
216,"8464","698","8",2016-10-01 19:00:00.000 +0900,,28,1757,player_game_stats_insert,2026-05-26 16:51:46.578 +0900
382,"12630","720","21",2017-09-30 14:35:00.000 +0900,2017-12-09 17:05:00.000 +0900,1579,1746,player_game_stats_insert,2026-05-26 16:58:35.305 +0900
1211,"5100000080","703","3",2021-10-16 14:05:00.000 +0900,2022-10-01 15:05:00.000 +0900,7466,500018,player_game_stats_insert,2026-05-26 16:59:35.076 +0900
2081,"51000209","706","00",2025-03-01 15:05:00.000 +0900,2025-10-25 15:05:00.000 +0900,503162,504831,player_game_stats_transfer,2026-05-26 17:00:33.338 +0900
120,"8510","702","12",2016-10-01 18:00:00.000 +0900,2017-09-29 19:05:00.000 +0900,20,1573,player_game_stats_insert,2026-05-26 16:51:46.578 +0900
2490,"51000342","692","96",2025-10-04 16:25:00.000 +0900,2026-01-18 11:30:00.000 +0900,504728,506011,player_game_stats_transfer,2026-08-18 18:07:46.869 +0900
2547,"51000307","721","1",2025-10-25 16:05:00.000 +0900,,504839,505505,player_game_stats_transfer,2026-08-18 18:07:47.977 +0900
2484,"51000133","692","3",2025-10-04 16:25:00.000 +0900,,504728,505491,player_game_stats_insert,2026-08-18 18:07:46.869 +0900
2485,"8737","692","7",2025-10-04 16:25:00.000 +0900,,504728,505491,player_game_stats_transfer,2026-08-18 18:07:46.869 +0900
2486,"51000531","692","8",2025-10-04 16:25:00.000 +0900,,504728,505491,player_game_stats_insert,2026-08-18 18:07:46.869 +0900
2487,"51000530","692","9",2025-10-04 16:25:00.000 +0900,,504728,505491,player_game_stats_insert,2026-08-18 18:07:46.869 +0900
2531,"10820","692","14",2025-10-11 14:05:00.000 +0900,,504760,505491,player_game_stats_transfer,2026-08-18 18:07:46.869 +0900
1998,"51000445","692","24",2025-01-11 15:05:00.000 +0900,,503060,505491,player_game_stats_insert,2026-05-26 17:00:29.601 +0900
2489,"15815","692","75",2025-10-04 16:25:00.000 +0900,,504728,505491,player_game_stats_transfer,2026-08-18 18:07:46.869 +0900
2469,"51000498","729","4",2025-10-04 16:05:00.000 +0900,,504744,506095,player_game_stats_insert,2026-08-18 18:07:46.869 +0900
2508,"51000513","727","1",2025-10-04 18:05:00.000 +0900,,504738,505438,player_game_stats_insert,2026-08-18 18:07:46.869 +0900
2559,"9398","706","4",2025-11-08 17:05:00.000 +0900,2025-12-24 19:05:00.000 +0900,504905,505056,player_game_stats_transfer,2026-08-18 18:19:48.386 +0900
445,"10263","700","7",2017-10-29 12:35:00.000 +0900,2022-10-01 16:05:00.000 +0900,1669,500019,player_game_stats_transfer,2026-05-26 16:58:37.143 +0900
1179,"5100000048","729","4",2021-10-02 18:05:00.000 +0900,2023-10-07 18:05:00.000 +0900,7424,501297,player_game_stats_insert,2026-05-26 16:59:34.699 +0900
206,"9385","701","22",2016-10-01 19:00:00.000 +0900,2017-03-10 19:00:00.000 +0900,28,371,player_game_stats_insert,2026-05-26 16:51:46.578 +0900
2488,"51000532","692","21",2025-10-04 16:25:00.000 +0900,,504728,505459,player_game_stats_insert,2026-08-18 18:07:46.869 +0900
419,"8727","697","5",2017-09-30 18:05:00.000 +0900,2021-10-02 14:05:00.000 +0900,1583,7420,player_game_stats_transfer,2026-05-26 16:58:35.305 +0900
2406,"51000382","698","7",2025-10-04 14:05:00.000 +0900,,504750,505501,player_game_stats_transfer,2026-08-18 18:07:46.869 +0900
2536,"51000553","694","77",2025-10-15 19:05:00.000 +0900,2026-01-18 11:30:00.000 +0900,504785,506011,player_game_stats_insert,2026-08-18 18:07:47.595 +0900
2658,"51000605","698","11",2026-03-11 19:05:00.000 +0900,,505268,505501,player_game_stats_insert,2026-08-18 19:10:59.233 +0900
1151,"22522","700","34",2021-10-02 15:05:00.000 +0900,,7434,7567,player_game_stats_insert,2026-05-26 16:59:34.699 +0900
1173,"12454","697","21",2021-10-02 17:05:00.000 +0900,,7432,7680,player_game_stats_transfer,2026-05-26 16:59:34.699 +0900
1217,"36414","729","16",2021-11-06 15:05:00.000 +0900,2022-05-04 13:05:00.000 +0900,7521,7806,player_game_stats_transfer,2026-05-26 16:59:36.874 +0900
2664,"51000426","2488","44",2026-03-28 15:05:00.000 +0900,,505324,505420,player_game_stats_insert,2026-08-18 19:10:59.640 +0900
2631,"51000576","704","42",2026-01-24 14:05:00.000 +0900,,505128,506092,player_game_stats_insert,2026-08-18 18:47:08.823 +0900
2438,"12577","2488","18",2025-10-04 15:05:00.000 +0900,2026-01-18 15:00:00.000 +0900,504732,506010,player_game_stats_transfer,2026-08-18 18:07:46.869 +0900
2430,"8498","2486","27",2025-10-04 15:05:00.000 +0900,,504732,505328,player_game_stats_transfer,2026-08-18 18:07:46.869 +0900
2549,"10842","745","10",2025-10-29 19:05:00.000 +0900,,504852,505443,player_game_stats_transfer,2026-08-18 18:07:47.977 +0900
1095,"5100000065","713","12",2021-10-01 19:25:00.000 +0900,,7422,8061,player_game_stats_insert,2026-05-26 16:59:34.699 +0900
59,"8491","727","25",2016-10-01 15:00:00.000 +0900,,23,1337,player_game_stats_insert,2026-05-26 16:51:46.578 +0900
2088,"30443","701","27",2025-03-19 19:05:00.000 +0900,,503209,505489,player_game_stats_insert,2026-05-26 17:00:33.677 +0900
2494,"33036","712","9",2025-10-04 16:25:00.000 +0900,,504728,505487,player_game_stats_transfer,2026-08-18 18:07:46.869 +0900
2491,"8456","712","1",2025-10-04 16:25:00.000 +0900,,504728,505107,player_game_stats_transfer,2026-08-18 18:07:46.869 +0900
2537,"5100000015","2488","99",2025-10-15 19:05:00.000 +0900,2026-01-18 15:00:00.000 +0900,504792,506010,player_game_stats_transfer,2026-08-18 18:07:47.595 +0900
2493,"51000489","712","8",2025-10-04 16:25:00.000 +0900,,504728,505212,player_game_stats_insert,2026-08-18 18:07:46.869 +0900
1224,"51000106","729","00",2021-12-05 15:05:00.000 +0900,,7589,7589,player_game_stats_insert,2026-05-26 16:59:38.688 +0900
968,"8588","728","3",2020-10-03 17:05:00.000 +0900,2024-10-19 15:05:00.000 +0900,5858,502774,player_game_stats_transfer,2026-05-26 16:59:19.085 +0900
1147,"5100000063","700","11",2021-10-02 15:05:00.000 +0900,2022-11-19 15:05:00.000 +0900,7434,500109,player_game_stats_insert,2026-05-26 16:59:34.699 +0900
2495,"51000497","726","0",2025-10-04 18:05:00.000 +0900,,504736,505501,player_game_stats_insert,2026-08-18 18:07:46.869 +0900
1200,"5100000088","720","4",2021-10-02 19:05:00.000 +0900,,7436,505503,player_game_stats_insert,2026-05-26 16:59:34.699 +0900
2654,"51000603","720","5",2026-03-07 18:05:00.000 +0900,,505259,505503,player_game_stats_insert,2026-08-18 19:10:59.233 +0900
1195,"19957","716","11",2021-10-02 18:05:00.000 +0900,2023-01-14 19:15:00.000 +0900,7430,501172,player_game_stats_transfer,2026-05-26 16:59:34.699 +0900
2077,"51000458","720","7",2025-02-28 19:05:00.000 +0900,,503174,505503,player_game_stats_insert,2026-05-26 17:00:31.870 +0900
2418,"10821","720","11",2025-10-04 15:05:00.000 +0900,,504730,505503,player_game_stats_transfer,2026-08-18 18:07:46.869 +0900
2568,"51000137","720","20",2025-12-06 15:05:00.000 +0900,,504974,505503,player_game_stats_transfer,2026-08-18 18:36:48.815 +0900
1921,"51000412","694","4",2024-10-05 16:30:00.000 +0900,,502710,505459,player_game_stats_insert,2026-05-26 17:00:22.997 +0900
2419,"51000113","720","22",2025-10-04 15:05:00.000 +0900,,504730,505503,player_game_stats_transfer,2026-08-18 18:07:46.869 +0900
2561,"8839","720","24",2025-11-08 19:05:00.000 +0900,,504903,505503,player_game_stats_transfer,2026-08-18 18:19:48.386 +0900
2464,"51000502","717","6",2025-10-04 15:35:00.000 +0900,,504742,505503,player_game_stats_insert,2026-08-18 18:07:46.869 +0900
2655,"51000593","717","11",2026-03-08 15:35:00.000 +0900,,505250,505503,player_game_stats_insert,2026-08-18 19:10:59.233 +0900
2466,"51000500","717","20",2025-10-04 15:35:00.000 +0900,,504742,505503,player_game_stats_insert,2026-08-18 18:07:46.869 +0900
2465,"49518","717","7",2025-10-04 15:35:00.000 +0900,,504742,505473,player_game_stats_insert,2026-08-18 18:07:46.869 +0900
1193,"8483","696","33",2021-10-02 18:05:00.000 +0900,2023-10-07 13:55:00.000 +0900,7430,501309,player_game_stats_transfer,2026-05-26 16:59:34.699 +0900
150,"8501","696","9",2016-10-01 18:00:00.000 +0900,2019-01-19 19:10:00.000 +0900,25,4110,player_game_stats_insert,2026-05-26 16:51:46.578 +0900
151,"8732","696","10",2016-10-01 18:00:00.000 +0900,2018-01-28 18:05:00.000 +0900,25,1857,player_game_stats_insert,2026-05-26 16:51:46.578 +0900
387,"8684","696","2",2017-09-30 15:05:00.000 +0900,2018-10-12 19:05:00.000 +0900,1581,3016,player_game_stats_transfer,2026-05-26 16:58:35.305 +0900
2439,"8677","2488","21",2025-10-04 15:05:00.000 +0900,,504732,504987,player_game_stats_transfer,2026-08-18 18:07:46.869 +0900
2511,"51000510","727","5",2025-10-04 18:05:00.000 +0900,,504738,505495,player_game_stats_insert,2026-08-18 18:07:46.869 +0900
2453,"8736","696","2",2025-10-04 15:05:00.000 +0900,,504746,505505,player_game_stats_transfer,2026-08-18 18:07:46.869 +0900
2642,"51000585","699","7",2026-02-08 14:05:00.000 +0900,,505204,505507,player_game_stats_insert,2026-08-18 19:00:13.805 +0900
2650,"51000601","704","15",2026-03-07 12:05:00.000 +0900,,505251,506092,player_game_stats_insert,2026-08-18 19:10:59.233 +0900
230,"9053","696","21",2016-09-24 18:00:00.000 +0900,,6,6,player_game_stats_insert,2026-05-26 16:51:48.914 +0900
2567,"51000319","697","7",2025-12-06 15:05:00.000 +0900,,504974,505470,player_game_stats_transfer,2026-08-18 18:36:48.815 +0900
2535,"33032","703","32",2025-10-15 19:05:00.000 +0900,,504781,504824,player_game_stats_transfer,2026-08-18 18:07:47.595 +0900
353,"8758","698","54",2017-09-29 19:05:00.000 +0900,,1577,2109,player_game_stats_insert,2026-05-26 16:58:35.305 +0900
138,"8730","726","1",2016-10-01 18:00:00.000 +0900,,24,3513,player_game_stats_insert,2026-05-26 16:51:46.578 +0900
140,"8446","726","7",2016-10-01 18:00:00.000 +0900,2019-10-05 14:05:00.000 +0900,24,4153,player_game_stats_insert,2026-05-26 16:51:46.578 +0900
363,"8594","726","22",2017-09-29 19:35:00.000 +0900,2019-10-05 14:05:00.000 +0900,1589,4153,player_game_stats_transfer,2026-05-26 16:58:35.305 +0900
364,"8658","726","32",2017-09-29 19:35:00.000 +0900,2021-10-02 17:05:00.000 +0900,1589,7432,player_game_stats_transfer,2026-05-26 16:58:35.305 +0900
1931,"10850","702","1",2024-10-05 16:40:00.000 +0900,,502728,505483,player_game_stats_transfer,2026-05-26 17:00:22.997 +0900
2477,"51000102","702","2",2025-10-04 16:05:00.000 +0900,,504744,505483,player_game_stats_transfer,2026-08-18 18:07:46.869 +0900
2478,"20017","702","5",2025-10-04 16:05:00.000 +0900,,504744,505483,player_game_stats_transfer,2026-08-18 18:07:46.869 +0900
2479,"51000349","702","8",2025-10-04 16:05:00.000 +0900,,504744,505483,player_game_stats_transfer,2026-08-18 18:07:46.869 +0900
2480,"51000446","702","12",2025-10-04 16:05:00.000 +0900,,504744,505483,player_game_stats_transfer,2026-08-18 18:07:46.869 +0900
1934,"51000202","702","18",2024-10-05 16:40:00.000 +0900,,502728,505483,player_game_stats_transfer,2026-05-26 17:00:22.997 +0900
2446,"51000301","713","15",2025-10-04 15:05:00.000 +0900,,504740,506088,player_game_stats_transfer,2026-08-18 18:07:46.869 +0900
2104,"8482","713","0",2025-05-10 17:05:00.000 +0900,,503886,506090,player_game_stats_transfer,2026-05-26 17:00:37.948 +0900
2400,"51000353","1638","18",2025-10-04 14:05:00.000 +0900,,504750,505480,player_game_stats_transfer,2026-08-18 18:07:46.869 +0900
2443,"5100000023","713","6",2025-10-04 15:05:00.000 +0900,,504740,506090,player_game_stats_transfer,2026-08-18 18:07:46.869 +0900
2444,"51000145","713","8",2025-10-04 15:05:00.000 +0900,,504740,506090,player_game_stats_transfer,2026-08-18 18:07:46.869 +0900
2445,"30466","713","14",2025-10-04 15:05:00.000 +0900,,504740,506090,player_game_stats_insert,2026-08-18 18:07:46.869 +0900
283,"10819","726","6",2017-01-18 19:00:00.000 +0900,2018-01-14 15:05:00.000 +0900,261,2681,player_game_stats_insert,2026-05-26 16:52:22.529 +0900
443,"9488","726","5",2017-10-14 18:05:00.000 +0900,2018-10-17 19:05:00.000 +0900,1615,3029,player_game_stats_transfer,2026-05-26 16:58:36.785 +0900
141,"8447","726","9",2016-10-01 18:00:00.000 +0900,2019-01-19 19:10:00.000 +0900,24,4110,player_game_stats_insert,2026-05-26 16:51:46.578 +0900
777,"8641","696","1",2019-10-05 18:05:00.000 +0900,,4161,7997,player_game_stats_transfer,2026-05-26 16:59:07.291 +0900
1220,"5100000072","699","23",2021-12-04 14:05:00.000 +0900,,7590,7615,player_game_stats_insert,2026-05-26 16:59:38.688 +0900
170,"9356","697","20",2016-10-01 18:00:00.000 +0900,2016-12-10 18:00:00.000 +0900,25,192,player_game_stats_insert,2026-05-26 16:51:46.578 +0900
295,"10850","702","1",2017-02-17 19:10:00.000 +0900,2019-10-05 16:05:00.000 +0900,322,4157,player_game_stats_insert,2026-05-26 16:52:24.256 +0900
114,"8506","702","3",2016-10-01 18:00:00.000 +0900,2019-10-06 15:05:00.000 +0900,20,4151,player_game_stats_insert,2026-05-26 16:51:46.578 +0900
393,"12594","702","2",2017-09-30 15:05:00.000 +0900,,1581,1826,player_game_stats_insert,2026-05-26 16:58:35.305 +0900
407,"12578","706","9",2017-09-30 17:05:00.000 +0900,,1585,1737,player_game_stats_insert,2026-05-26 16:58:35.305 +0900
116,"8507","702","8",2016-10-01 18:00:00.000 +0900,2020-01-18 19:10:00.000 +0900,20,5633,player_game_stats_insert,2026-05-26 16:51:46.578 +0900
449,"10258","718","47",2017-11-18 18:05:00.000 +0900,2020-10-03 15:05:00.000 +0900,1722,5872,player_game_stats_insert,2026-05-26 16:58:39.186 +0900
232,"9027","706","1",2016-11-07 19:15:00.000 +0900,2017-09-30 18:05:00.000 +0900,126,1587,player_game_stats_insert,2026-05-26 16:51:50.418 +0900
438,"12457","704","33",2017-09-30 18:05:00.000 +0900,,1587,1721,player_game_stats_insert,2026-05-26 16:58:35.305 +0900
1101,"18172","713","40",2021-10-01 19:25:00.000 +0900,,7422,500698,player_game_stats_transfer,2026-05-26 16:59:34.699 +0900
1197,"18475","716","77",2021-10-02 18:05:00.000 +0900,2023-10-07 16:05:00.000 +0900,7430,501305,player_game_stats_transfer,2026-05-26 16:59:34.699 +0900
2395,"9369","697","15",2025-10-04 14:05:00.000 +0900,,504748,505333,player_game_stats_transfer,2026-08-18 18:07:46.869 +0900
2544,"51000209","697","00",2025-10-25 15:05:00.000 +0900,,504831,504941,player_game_stats_transfer,2026-08-18 18:07:47.977 +0900
2103,"20021","697","10",2025-05-10 17:05:00.000 +0900,2026-01-18 15:00:00.000 +0900,503886,506010,player_game_stats_transfer,2026-05-26 17:00:37.948 +0900
2398,"8496","1638","7",2025-10-04 14:05:00.000 +0900,,504750,505485,player_game_stats_transfer,2026-08-18 18:07:46.869 +0900
2659,"51000604","1638","11",2026-03-11 19:05:00.000 +0900,,505272,505485,player_game_stats_insert,2026-08-18 19:10:59.233 +0900
2399,"15756","1638","13",2025-10-04 14:05:00.000 +0900,,504750,505485,player_game_stats_transfer,2026-08-18 18:07:46.869 +0900
2401,"51000480","1638","22",2025-10-04 14:05:00.000 +0900,,504750,505485,player_game_stats_transfer,2026-08-18 18:07:46.869 +0900
2402,"51000271","1638","23",2025-10-04 14:05:00.000 +0900,,504750,505485,player_game_stats_transfer,2026-08-18 18:07:46.869 +0900
2403,"51000111","1638","25",2025-10-04 14:05:00.000 +0900,,504750,505485,player_game_stats_transfer,2026-08-18 18:07:46.869 +0900
1989,"51000452","698","34",2024-12-29 14:05:00.000 +0900,,503014,505501,player_game_stats_insert,2026-05-26 17:00:27.868 +0900
2463,"51000536","717","0",2025-10-04 15:35:00.000 +0900,,504742,505503,player_game_stats_insert,2026-08-18 18:07:46.869 +0900
2665,"51000592","717","5",2026-04-05 17:05:00.000 +0900,,505362,505503,player_game_stats_insert,2026-08-18 22:14:20.120 +0900
2660,"10834","717","33",2026-03-14 15:35:00.000 +0900,,505288,505503,player_game_stats_transfer,2026-08-18 19:10:59.640 +0900
188,"8684","700","2",2016-10-01 18:00:00.000 +0900,2017-09-30 15:05:00.000 +0900,27,1581,player_game_stats_insert,2026-05-26 16:51:46.578 +0900
1196,"30402","716","15",2021-10-02 18:05:00.000 +0900,2025-10-04 15:05:00.000 +0900,7430,504732,player_game_stats_transfer,2026-05-26 16:59:34.699 +0900
1094,"8486","713","11",2021-10-01 19:25:00.000 +0900,2025-10-18 15:05:00.000 +0900,7422,504809,player_game_stats_transfer,2026-05-26 16:59:34.699 +0900
62,"8691","727","",2016-10-01 15:00:00.000 +0900,2018-01-14 15:05:00.000 +0900,23,2681,player_game_stats_insert,2026-05-26 16:51:46.578 +0900
1091,"8579","713","3",2021-10-01 19:25:00.000 +0900,,7422,503887,player_game_stats_transfer,2026-05-26 16:59:34.699 +0900
1149,"33029","700","24",2021-10-02 15:05:00.000 +0900,,7434,500718,player_game_stats_transfer,2026-05-26 16:59:34.699 +0900
196,"9061","700","23",2016-10-01 18:00:00.000 +0900,,27,187,player_game_stats_insert,2026-05-26 16:51:46.578 +0900
1219,"30512","713","10",2021-11-14 18:05:00.000 +0900,2022-10-01 17:35:00.000 +0900,7573,500009,player_game_stats_transfer,2026-05-26 16:59:37.228 +0900
1096,"18167","713","13",2021-10-01 19:25:00.000 +0900,2022-10-02 18:05:00.000 +0900,7422,500024,player_game_stats_transfer,2026-05-26 16:59:34.699 +0900
1110,"26913","702","24",2021-10-02 11:55:00.000 +0900,,7438,501988,player_game_stats_transfer,2026-05-26 16:59:34.699 +0900
60,"8492","727","33",2016-10-01 15:00:00.000 +0900,,23,505495,player_game_stats_insert,2026-05-26 16:51:46.578 +0900
1097,"32953","713","14",2021-10-01 19:25:00.000 +0900,2025-10-04 18:05:00.000 +0900,7422,504736,player_game_stats_transfer,2026-05-26 16:59:34.699 +0900
724,"8501","696","9",2019-04-27 15:05:00.000 +0900,,4132,505469,player_game_stats_transfer,2026-05-26 16:59:04.527 +0900
1192,"9034","696","16",2021-10-02 18:05:00.000 +0900,,7430,500708,player_game_stats_transfer,2026-05-26 16:59:34.699 +0900
1013,"8709","696","32",2020-10-03 18:05:00.000 +0900,2022-10-01 19:05:00.000 +0900,5870,500023,player_game_stats_transfer,2026-05-26 16:59:19.085 +0900
1190,"8585","696","0",2021-10-02 18:05:00.000 +0900,2024-10-05 16:05:00.000 +0900,7430,502726,player_game_stats_transfer,2026-05-26 16:59:34.699 +0900
1100,"8504","713","30",2021-10-01 19:25:00.000 +0900,2023-10-07 15:35:00.000 +0900,7422,501301,player_game_stats_transfer,2026-05-26 16:59:34.699 +0900
1099,"8581","713","22",2021-10-01 19:25:00.000 +0900,,7422,8061,player_game_stats_transfer,2026-05-26 16:59:34.699 +0900
1098,"8448","713","15",2021-10-01 19:25:00.000 +0900,2023-10-07 16:35:00.000 +0900,7422,501303,player_game_stats_transfer,2026-05-26 16:59:34.699 +0900
1187,"51000097","694","11",2021-10-02 18:05:00.000 +0900,,7426,8067,player_game_stats_insert,2026-05-26 16:59:34.699 +0900
1010,"8503","696","11",2020-10-03 18:05:00.000 +0900,2023-01-14 19:15:00.000 +0900,5870,501172,player_game_stats_transfer,2026-05-26 16:59:19.085 +0900
1134,"8839","695","0",2021-10-02 14:05:00.000 +0900,2022-12-10 17:05:00.000 +0900,7428,500199,player_game_stats_transfer,2026-05-26 16:59:34.699 +0900
423,"9027","718","1",2017-09-30 18:05:00.000 +0900,,1587,2104,player_game_stats_transfer,2026-05-26 16:58:35.305 +0900
1221,"9379","713","33",2021-12-04 14:05:00.000 +0900,,7590,7673,player_game_stats_transfer,2026-05-26 16:59:38.688 +0900
1191,"5100000078","696","5",2021-10-02 18:05:00.000 +0900,,7430,500398,player_game_stats_insert,2026-05-26 16:59:34.699 +0900
1212,"51000102","696","24",2021-10-16 18:05:00.000 +0900,2022-10-01 14:05:00.000 +0900,7476,500001,player_game_stats_insert,2026-05-26 16:59:35.076 +0900
1226,"5100000014","721","23",2021-12-15 19:05:00.000 +0900,2023-10-07 15:35:00.000 +0900,7627,501301,player_game_stats_transfer,2026-05-26 16:59:39.046 +0900
1231,"5100000023","721","12",2021-12-26 14:05:00.000 +0900,2025-01-18 16:00:00.000 +0900,7654,503880,player_game_stats_transfer,2026-05-26 16:59:39.389 +0900
441,"12523","697","20",2017-10-07 18:05:00.000 +0900,,1597,1727,player_game_stats_insert,2026-05-26 16:58:36.785 +0900
1132,"22405","712","29",2021-10-02 14:05:00.000 +0900,,7420,505487,player_game_stats_insert,2026-05-26 16:59:34.699 +0900
1194,"33036","716","5",2021-10-02 18:05:00.000 +0900,2022-10-01 19:05:00.000 +0900,7430,500023,player_game_stats_transfer,2026-05-26 16:59:34.699 +0900
1210,"5100000066","695","14",2021-10-16 14:05:00.000 +0900,2023-10-07 15:05:00.000 +0900,7464,501295,player_game_stats_insert,2026-05-26 16:59:35.076 +0900
1168,"26825","697","4",2021-10-02 17:05:00.000 +0900,,7432,7680,player_game_stats_transfer,2026-05-26 16:59:34.699 +0900
1222,"9354","729","00",2021-12-04 15:05:00.000 +0900,,7588,7670,player_game_stats_transfer,2026-05-26 16:59:38.688 +0900
1141,"22394","699","15",2021-10-02 14:05:00.000 +0900,,7428,8037,player_game_stats_transfer,2026-05-26 16:59:34.699 +0900
1130,"12595","712","15",2021-10-02 14:05:00.000 +0900,,7420,7675,player_game_stats_transfer,2026-05-26 16:59:34.699 +0900
1228,"5100000049","701","9",2021-12-25 15:05:00.000 +0900,,7661,502540,player_game_stats_insert,2026-05-26 16:59:39.046 +0900
1227,"30460","694","5",2021-12-25 15:05:00.000 +0900,2023-01-14 19:15:00.000 +0900,7661,501172,player_game_stats_transfer,2026-05-26 16:59:39.046 +0900
1156,"8496","728","21",2021-10-02 15:05:00.000 +0900,2025-10-04 14:05:00.000 +0900,7434,504750,player_game_stats_transfer,2026-05-26 16:59:34.699 +0900
1235,"51000113","700","22",2021-01-02 15:05:00.000 +0900,2025-10-04 15:05:00.000 +0900,7692,504730,player_game_stats_insert,2026-05-26 16:59:40.767 +0900
1150,"20034","700","31",2021-10-02 15:05:00.000 +0900,,7434,505487,player_game_stats_transfer,2026-05-26 16:59:34.699 +0900
1157,"5100000061","698","1",2021-10-02 17:05:00.000 +0900,,7432,7683,player_game_stats_insert,2026-05-26 16:59:34.699 +0900
89,"8650","703","0",2016-10-01 16:00:00.000 +0900,2017-01-15 18:05:00.000 +0900,22,1302,player_game_stats_insert,2026-05-26 16:51:46.578 +0900
1016,"33091","728","5",2020-10-10 17:05:00.000 +0900,2022-10-01 15:05:00.000 +0900,5882,500015,player_game_stats_insert,2026-05-26 16:59:19.085 +0900
1225,"5100000035","721","21",2021-12-15 19:05:00.000 +0900,2022-12-28 19:05:00.000 +0900,7627,500277,player_game_stats_transfer,2026-05-26 16:59:39.046 +0900
399,"12584","700","9",2017-09-30 17:05:00.000 +0900,,1585,1777,player_game_stats_insert,2026-05-26 16:58:35.305 +0900
1248,"51000137","696","20",2021-03-01 19:15:00.000 +0900,2025-12-06 15:05:00.000 +0900,7758,504974,player_game_stats_insert,2026-05-26 16:59:43.869 +0900
1070,"5100000028","698","16",2021-01-23 17:05:00.000 +0900,,6138,505501,player_game_stats_insert,2026-05-26 16:59:25.177 +0900
1234,"51000112","704","9",2021-01-02 15:05:00.000 +0900,,7689,506088,player_game_stats_insert,2026-05-26 16:59:40.767 +0900
1249,"33037","728","0",2021-03-05 15:05:00.000 +0900,,7828,7829,player_game_stats_transfer,2026-05-26 16:59:43.869 +0900
1239,"5100000033","726","3",2021-01-24 19:05:00.000 +0900,2022-12-24 19:05:00.000 +0900,7754,500257,player_game_stats_insert,2026-05-26 16:59:41.052 +0900
1244,"51000130","728","9",2021-02-03 13:00:00.000 +0900,,7810,500712,player_game_stats_insert,2026-05-26 16:59:42.314 +0900
1247,"51000136","696","3",2021-03-01 19:15:00.000 +0900,,7758,502000,player_game_stats_insert,2026-05-26 16:59:43.869 +0900
1250,"30514","728","10",2021-03-05 15:05:00.000 +0900,,7828,8071,player_game_stats_transfer,2026-05-26 16:59:43.869 +0900
1251,"51000138","701","11",2021-03-05 17:05:00.000 +0900,2023-10-07 16:35:00.000 +0900,7832,501299,player_game_stats_insert,2026-05-26 16:59:43.869 +0900
1236,"51000116","712","7",2021-01-16 14:05:00.000 +0900,2023-12-31 13:05:00.000 +0900,7730,501601,player_game_stats_insert,2026-05-26 16:59:40.767 +0900
1242,"5100000017","720","12",2021-01-27 13:35:00.000 +0900,2024-10-05 14:05:00.000 +0900,7781,502724,player_game_stats_insert,2026-05-26 16:59:41.052 +0900
1246,"5100000021","703","67",2021-02-07 15:05:00.000 +0900,2024-10-05 15:05:00.000 +0900,7708,502718,player_game_stats_transfer,2026-05-26 16:59:42.314 +0900
1243,"51000126","697","22",2021-01-27 18:05:00.000 +0900,,7779,7826,player_game_stats_insert,2026-05-26 16:59:41.052 +0900
953,"8452","700","33",2020-10-03 15:05:00.000 +0900,2023-10-08 16:05:00.000 +0900,5872,501313,player_game_stats_transfer,2026-05-26 16:59:19.085 +0900
1245,"51000131","699","23",2021-02-03 15:05:00.000 +0900,,7804,7835,player_game_stats_insert,2026-05-26 16:59:42.314 +0900
1238,"5100000016","713","8",2021-01-24 19:05:00.000 +0900,2023-01-13 19:00:00.000 +0900,7751,501173,player_game_stats_transfer,2026-05-26 16:59:40.767 +0900
1240,"15815","726","75",2021-01-24 19:05:00.000 +0900,2023-01-13 19:00:00.000 +0900,7754,501173,player_game_stats_transfer,2026-05-26 16:59:41.052 +0900
1241,"51000117","699","5",2021-01-24 19:05:00.000 +0900,2025-01-18 16:00:00.000 +0900,7754,503880,player_game_stats_insert,2026-05-26 16:59:41.052 +0900
366,"9063","726","55",2017-09-29 19:35:00.000 +0900,2018-10-06 15:05:00.000 +0900,1589,2986,player_game_stats_transfer,2026-05-26 16:58:35.305 +0900
365,"8479","726","51",2017-09-29 19:35:00.000 +0900,2018-10-06 16:05:00.000 +0900,1589,2998,player_game_stats_transfer,2026-05-26 16:58:35.305 +0900
187,"8680","700","1",2016-10-01 18:00:00.000 +0900,,27,4573,player_game_stats_insert,2026-05-26 16:51:46.578 +0900
397,"8451","700","3",2017-09-30 17:05:00.000 +0900,,1585,4573,player_game_stats_transfer,2026-05-26 16:58:35.305 +0900
1108,"18148","702","4",2021-10-02 11:55:00.000 +0900,,7438,503407,player_game_stats_transfer,2026-05-26 16:59:34.699 +0900
1232,"51000108","698","17",2021-12-26 14:35:00.000 +0900,2023-10-07 16:35:00.000 +0900,7672,501299,player_game_stats_insert,2026-05-26 16:59:39.389 +0900
177,"9360","699","5",2016-10-01 18:00:00.000 +0900,,27,2686,player_game_stats_insert,2026-05-26 16:51:46.578 +0900
115,"9392","702","5",2016-10-01 18:00:00.000 +0900,,20,8059,player_game_stats_insert,2026-05-26 16:51:46.578 +0900
1123,"8642","712","0",2021-10-02 14:05:00.000 +0900,,7420,8061,player_game_stats_transfer,2026-05-26 16:59:34.699 +0900
1129,"8621","712","14",2021-10-02 14:05:00.000 +0900,,7420,8061,player_game_stats_insert,2026-05-26 16:59:34.699 +0900
1218,"5100000086","712","22",2021-11-06 15:05:00.000 +0900,,7537,8061,player_game_stats_insert,2026-05-26 16:59:36.874 +0900
1170,"5100000067","697","13",2021-10-02 17:05:00.000 +0900,,7432,8069,player_game_stats_insert,2026-05-26 16:59:34.699 +0900
447,"9487","697","34",2017-11-04 18:05:00.000 +0900,2017-12-15 19:05:00.000 +0900,1674,1768,player_game_stats_insert,2026-05-26 16:58:38.805 +0900
144,"8450","726","24",2016-10-01 18:00:00.000 +0900,,24,8063,player_game_stats_insert,2026-05-26 16:51:46.578 +0900
1135,"10886","695","4",2021-10-02 14:05:00.000 +0900,,7428,8067,player_game_stats_transfer,2026-05-26 16:59:34.699 +0900
1186,"12500","694","8",2021-10-02 18:05:00.000 +0900,,7426,8067,player_game_stats_insert,2026-05-26 16:59:34.699 +0900
1137,"9369","695","15",2021-10-02 14:05:00.000 +0900,2022-10-22 15:05:00.000 +0900,7428,500091,player_game_stats_transfer,2026-05-26 16:59:34.699 +0900
1176,"10818","726","8",2021-10-02 18:05:00.000 +0900,2022-10-01 14:05:00.000 +0900,7424,500001,player_game_stats_transfer,2026-05-26 16:59:34.699 +0900
1223,"18396","700","10",2021-12-04 15:05:00.000 +0900,2022-11-19 14:05:00.000 +0900,7592,500131,player_game_stats_transfer,2026-05-26 16:59:38.688 +0900
1162,"36416","698","23",2021-10-02 17:05:00.000 +0900,2022-12-10 17:05:00.000 +0900,7432,500199,player_game_stats_insert,2026-05-26 16:59:34.699 +0900
1229,"15834","697","23",2021-12-25 15:05:00.000 +0900,2023-10-07 16:05:00.000 +0900,7667,501305,player_game_stats_insert,2026-05-26 16:59:39.046 +0900
1253,"51000100","697","22",2022-05-01 15:05:00.000 +0900,2023-10-07 16:35:00.000 +0900,8051,501299,player_game_stats_transfer,2026-05-26 16:59:47.888 +0900
1215,"9382","699","7",2021-10-23 15:35:00.000 +0900,2023-11-04 16:05:00.000 +0900,7506,501421,player_game_stats_transfer,2026-05-26 16:59:35.076 +0900
1254,"36414","698","7",2022-05-04 13:05:00.000 +0900,2024-11-02 15:05:00.000 +0900,7806,502832,player_game_stats_transfer,2026-05-26 16:59:47.888 +0900
1136,"5100000082","695","6",2021-10-02 14:05:00.000 +0900,2023-01-13 19:00:00.000 +0900,7428,501173,player_game_stats_insert,2026-05-26 16:59:34.699 +0900
50,"8483","727","3",2016-10-01 15:00:00.000 +0900,2017-09-30 18:05:00.000 +0900,23,1583,player_game_stats_insert,2026-05-26 16:51:46.578 +0900
1163,"15816","698","33",2021-10-02 17:05:00.000 +0900,2022-10-01 15:05:00.000 +0900,7432,500003,player_game_stats_transfer,2026-05-26 16:59:34.699 +0900
1146,"30463","700","8",2021-10-02 15:05:00.000 +0900,2022-10-01 15:05:00.000 +0900,7434,500003,player_game_stats_insert,2026-05-26 16:59:34.699 +0900
1111,"15818","702","25",2021-10-02 11:55:00.000 +0900,2022-10-01 15:05:00.000 +0900,7438,500003,player_game_stats_transfer,2026-05-26 16:59:34.699 +0900
1169,"10820","697","9",2021-10-02 17:05:00.000 +0900,2022-10-01 15:05:00.000 +0900,7432,500005,player_game_stats_transfer,2026-05-26 16:59:34.699 +0900
155,"9391","696","14",2016-10-01 18:00:00.000 +0900,,25,165,player_game_stats_insert,2026-05-26 16:51:46.578 +0900
442,"9035","703","12",2017-10-14 15:05:00.000 +0900,,1611,4145,player_game_stats_transfer,2026-05-26 16:58:36.785 +0900
1233,"51000110","721","28",2021-12-29 19:05:00.000 +0900,2022-10-01 15:05:00.000 +0900,7683,500007,player_game_stats_insert,2026-05-26 16:59:39.389 +0900
1142,"8568","699","25",2021-10-02 14:05:00.000 +0900,2022-10-01 15:05:00.000 +0900,7428,500007,player_game_stats_transfer,2026-05-26 16:59:34.699 +0900
1164,"26912","698","54",2021-10-02 17:05:00.000 +0900,2022-10-01 15:05:00.000 +0900,7432,500007,player_game_stats_transfer,2026-05-26 16:59:34.699 +0900
796,"8688","728","15",2019-10-05 19:05:00.000 +0900,2022-10-01 15:05:00.000 +0900,4167,500015,player_game_stats_transfer,2026-05-26 16:59:07.291 +0900
1153,"5100000083","728","14",2021-10-02 15:05:00.000 +0900,2022-10-01 16:05:00.000 +0900,7434,500019,player_game_stats_insert,2026-05-26 16:59:34.699 +0900
1143,"8595","699","31",2021-10-02 14:05:00.000 +0900,2022-10-01 16:05:00.000 +0900,7428,500019,player_game_stats_transfer,2026-05-26 16:59:34.699 +0900
1158,"10832","698","3",2021-10-02 17:05:00.000 +0900,2022-10-01 17:35:00.000 +0900,7432,500009,player_game_stats_insert,2026-05-26 16:59:34.699 +0900
1174,"8654","697","26",2021-10-02 17:05:00.000 +0900,2022-10-01 17:35:00.000 +0900,7432,500009,player_game_stats_transfer,2026-05-26 16:59:34.699 +0900
1188,"30401","694","14",2021-10-02 18:05:00.000 +0900,2025-10-04 15:05:00.000 +0900,7426,504730,player_game_stats_transfer,2026-05-26 16:59:34.699 +0900
1133,"8470","712","55",2021-10-02 14:05:00.000 +0900,2022-10-01 17:35:00.000 +0900,7420,500009,player_game_stats_transfer,2026-05-26 16:59:34.699 +0900
1171,"30434","697","14",2021-10-02 17:05:00.000 +0900,2022-10-01 19:05:00.000 +0900,7432,500023,player_game_stats_transfer,2026-05-26 16:59:34.699 +0900
350,"12510","694","",2017-09-29 19:05:00.000 +0900,,1577,1783,player_game_stats_insert,2026-05-26 16:58:35.305 +0900
211,"8659","701","40",2016-10-01 19:00:00.000 +0900,,28,538,player_game_stats_insert,2026-05-26 16:51:46.578 +0900
1338,"51000150","695","2",2022-10-01 17:35:00.000 +0900,2023-10-07 16:35:00.000 +0900,500009,501299,player_game_stats_insert,2026-05-26 16:59:49.705 +0900
433,"9089","718","21",2017-09-30 18:05:00.000 +0900,,1587,1822,player_game_stats_insert,2026-05-26 16:58:35.305 +0900
377,"8552","720","7",2017-09-30 14:35:00.000 +0900,2018-10-13 17:05:00.000 +0900,1579,3006,player_game_stats_insert,2026-05-26 16:58:35.305 +0900
385,"12641","720","41",2017-09-30 14:35:00.000 +0900,2020-10-10 18:05:00.000 +0900,1579,5878,player_game_stats_insert,2026-05-26 16:58:35.305 +0900
1289,"51000168","698","25",2022-10-01 15:05:00.000 +0900,2023-10-07 16:05:00.000 +0900,500005,501307,player_game_stats_insert,2026-05-26 16:59:49.705 +0900
360,"8452","701","33",2017-09-29 19:35:00.000 +0900,2018-01-14 15:05:00.000 +0900,1589,2681,player_game_stats_transfer,2026-05-26 16:58:35.305 +0900
361,"8500","701","51",2017-09-29 19:35:00.000 +0900,2018-01-14 15:05:00.000 +0900,1589,2681,player_game_stats_transfer,2026-05-26 16:58:35.305 +0900
1332,"51000145","721","8",2022-10-01 16:05:00.000 +0900,2025-10-04 15:05:00.000 +0900,500021,504740,player_game_stats_insert,2026-05-26 16:59:49.705 +0900
1333,"5100000039","721","10",2022-10-01 16:05:00.000 +0900,,500021,505505,player_game_stats_transfer,2026-05-26 16:59:49.705 +0900
426,"8518","718","6",2017-09-30 18:05:00.000 +0900,,1587,1836,player_game_stats_insert,2026-05-26 16:58:35.305 +0900
1328,"51000153","692","25",2022-10-01 16:05:00.000 +0900,,500019,501994,player_game_stats_insert,2026-05-26 16:59:49.705 +0900
1353,"33036","703","5",2022-10-01 19:05:00.000 +0900,2023-01-13 19:00:00.000 +0900,500023,501173,player_game_stats_transfer,2026-05-26 16:59:49.705 +0900
1296,"26912","700","54",2022-10-01 15:05:00.000 +0900,2023-10-07 15:35:00.000 +0900,500007,501301,player_game_stats_transfer,2026-05-26 16:59:49.705 +0900
1307,"30399","727","21",2022-10-01 15:05:00.000 +0900,2024-10-05 16:40:00.000 +0900,500015,502728,player_game_stats_transfer,2026-05-26 16:59:49.705 +0900
1355,"18167","703","3",2022-10-02 18:05:00.000 +0900,,500024,500702,player_game_stats_transfer,2026-05-26 16:59:49.705 +0900
1354,"8709","703","32",2022-10-01 19:05:00.000 +0900,,500023,500098,player_game_stats_transfer,2026-05-26 16:59:49.705 +0900
1306,"51000164","727","2",2022-10-01 15:05:00.000 +0900,,500015,500658,player_game_stats_insert,2026-05-26 16:59:49.705 +0900
6,"9058","693","13",2016-10-01 14:00:00.000 +0900,2017-09-30 18:05:00.000 +0900,21,1583,player_game_stats_insert,2026-05-26 16:51:46.578 +0900
312,"9037","706","24",2017-05-13 16:05:00.000 +0900,2018-01-14 15:05:00.000 +0900,1319,2681,player_game_stats_transfer,2026-05-26 16:52:30.281 +0900
448,"12663","694","45",2017-11-11 18:05:00.000 +0900,2018-10-06 14:05:00.000 +0900,1696,2996,player_game_stats_insert,2026-05-26 16:58:38.805 +0900
125,"8642","695","0",2016-10-01 18:00:00.000 +0900,2018-10-06 18:05:00.000 +0900,24,3002,player_game_stats_insert,2026-05-26 16:51:46.578 +0900
1279,"51000159","717","14",2022-10-01 15:05:00.000 +0900,2024-03-20 15:05:00.000 +0900,500003,501801,player_game_stats_insert,2026-05-26 16:59:49.705 +0900
345,"8721","694","1",2017-09-29 19:05:00.000 +0900,2018-01-14 15:05:00.000 +0900,1577,2681,player_game_stats_transfer,2026-05-26 16:58:35.305 +0900
354,"12514","698","",2017-09-29 19:05:00.000 +0900,,1577,4569,player_game_stats_insert,2026-05-26 16:58:35.305 +0900
347,"8458","694","15",2017-09-29 19:05:00.000 +0900,2020-10-03 14:05:00.000 +0900,1577,5862,player_game_stats_transfer,2026-05-26 16:58:35.305 +0900
1301,"8688","697","15",2022-10-01 15:05:00.000 +0900,2023-10-07 15:35:00.000 +0900,500015,501301,player_game_stats_transfer,2026-05-26 16:59:49.705 +0900
352,"12586","698","50",2017-09-29 19:05:00.000 +0900,,1577,1818,player_game_stats_insert,2026-05-26 16:58:35.305 +0900
346,"10844","694","8",2017-09-29 19:05:00.000 +0900,2018-10-06 16:05:00.000 +0900,1577,2998,player_game_stats_transfer,2026-05-26 16:58:35.305 +0900
351,"12585","698","40",2017-09-29 19:05:00.000 +0900,,1577,3271,player_game_stats_insert,2026-05-26 16:58:35.305 +0900
224,"8495","703","3",2016-10-08 15:00:00.000 +0900,,38,2108,player_game_stats_insert,2026-05-26 16:51:46.578 +0900
328,"8504","703","30",2017-09-29 19:05:00.000 +0900,2021-10-01 19:25:00.000 +0900,1573,7422,player_game_stats_transfer,2026-05-26 16:58:35.305 +0900
458,"9487","699","21",2017-12-15 19:05:00.000 +0900,,1768,1820,player_game_stats_transfer,2026-05-26 16:58:40.771 +0900
368,"12579","695","4",2017-09-30 14:35:00.000 +0900,,1579,1814,player_game_stats_insert,2026-05-26 16:58:35.305 +0900
460,"12507","702","6",2017-12-20 19:05:00.000 +0900,,1780,1808,player_game_stats_insert,2026-05-26 16:58:41.145 +0900
315,"8650","703","0",2017-05-13 16:05:00.000 +0900,2018-01-14 15:05:00.000 +0900,1322,2681,player_game_stats_transfer,2026-05-26 16:52:30.281 +0900
314,"8568","697","15",2017-05-13 16:05:00.000 +0900,2018-01-14 15:05:00.000 +0900,1319,2681,player_game_stats_transfer,2026-05-26 16:52:30.281 +0900
402,"8498","700","27",2017-09-30 17:05:00.000 +0900,2018-01-14 15:05:00.000 +0900,1585,2681,player_game_stats_transfer,2026-05-26 16:58:35.305 +0900
446,"12661","703","",2017-11-04 15:05:00.000 +0900,2018-01-14 15:05:00.000 +0900,1672,2681,player_game_stats_insert,2026-05-26 16:58:38.805 +0900
1360,"51000167","712","24",2022-10-15 15:05:00.000 +0900,2023-10-07 15:35:00.000 +0900,500053,501301,player_game_stats_insert,2026-05-26 16:59:50.078 +0900
430,"9460","718","14",2017-09-30 18:05:00.000 +0900,,1587,1822,player_game_stats_insert,2026-05-26 16:58:35.305 +0900
311,"9033","706","15",2017-05-13 16:05:00.000 +0900,2018-01-14 15:05:00.000 +0900,1319,2681,player_game_stats_transfer,2026-05-26 16:52:30.281 +0900
318,"9055","704","2",2017-05-13 16:05:00.000 +0900,2018-01-14 15:05:00.000 +0900,1322,2681,player_game_stats_transfer,2026-05-26 16:52:30.281 +0900
51,"8484","727","7",2016-10-01 15:00:00.000 +0900,2018-01-14 15:05:00.000 +0900,23,2681,player_game_stats_insert,2026-05-26 16:51:46.578 +0900
340,"8738","729","8",2017-09-29 19:05:00.000 +0900,2018-01-14 15:05:00.000 +0900,1575,2681,player_game_stats_transfer,2026-05-26 16:58:35.305 +0900
388,"8503","696","11",2017-09-30 15:05:00.000 +0900,2018-01-14 15:05:00.000 +0900,1581,2681,player_game_stats_transfer,2026-05-26 16:58:35.305 +0900
58,"8490","727","22",2016-10-01 15:00:00.000 +0900,2018-01-14 15:05:00.000 +0900,23,2681,player_game_stats_insert,2026-05-26 16:51:46.578 +0900
391,"8449","696","24",2017-09-30 15:05:00.000 +0900,2018-01-14 15:05:00.000 +0900,1581,2681,player_game_stats_transfer,2026-05-26 16:58:35.305 +0900
86,"8585","704","34",2016-10-01 16:00:00.000 +0900,2018-01-14 15:05:00.000 +0900,22,2681,player_game_stats_insert,2026-05-26 16:51:46.578 +0900
1311,"5100000080","728","13",2022-10-01 15:05:00.000 +0900,2023-01-13 19:00:00.000 +0900,500018,501173,player_game_stats_transfer,2026-05-26 16:59:49.705 +0900
1315,"51000170","699","8",2022-10-01 16:05:00.000 +0900,,500019,500452,player_game_stats_insert,2026-05-26 16:59:49.705 +0900
468,"9350","835","7",2018-01-14 15:05:00.000 +0900,,2681,2681,player_game_stats_insert,2026-05-26 16:58:42.946 +0900
320,"8589","728","6",2017-05-13 16:05:00.000 +0900,2018-01-14 15:05:00.000 +0900,1325,2681,player_game_stats_transfer,2026-05-26 16:52:30.281 +0900
482,"8494","836","11",2018-01-14 15:05:00.000 +0900,2018-05-12 13:00:00.000 +0900,2681,2691,player_game_stats_transfer,2026-05-26 16:58:42.946 +0900
486,"8452","836","33",2018-01-14 15:05:00.000 +0900,2018-05-12 13:00:00.000 +0900,2681,2691,player_game_stats_transfer,2026-05-26 16:58:42.946 +0900
488,"8500","836","51",2018-01-14 15:05:00.000 +0900,2018-05-12 13:00:00.000 +0900,2681,2691,player_game_stats_transfer,2026-05-26 16:58:42.946 +0900
481,"8738","836","8",2018-01-14 15:05:00.000 +0900,2018-05-12 13:00:00.000 +0900,2681,2691,player_game_stats_transfer,2026-05-26 16:58:42.946 +0900
477,"9055","836","2",2018-01-14 15:05:00.000 +0900,2018-05-12 14:05:00.000 +0900,2681,2688,player_game_stats_transfer,2026-05-26 16:58:42.946 +0900
487,"8585","836","34",2018-01-14 15:05:00.000 +0900,2018-05-12 14:05:00.000 +0900,2681,2688,player_game_stats_transfer,2026-05-26 16:58:42.946 +0900
480,"8484","836","7",2018-01-14 15:05:00.000 +0900,2018-05-12 14:05:00.000 +0900,2681,2688,player_game_stats_transfer,2026-05-26 16:58:42.946 +0900
484,"8490","836","22",2018-01-14 15:05:00.000 +0900,2018-05-12 14:05:00.000 +0900,2681,2688,player_game_stats_transfer,2026-05-26 16:58:42.946 +0900
490,"8691","836","",2018-01-14 15:05:00.000 +0900,2018-05-12 14:05:00.000 +0900,2681,2688,player_game_stats_transfer,2026-05-26 16:58:42.946 +0900
467,"12577","835","6",2018-01-14 15:05:00.000 +0900,2018-05-12 17:05:00.000 +0900,2681,2685,player_game_stats_transfer,2026-05-26 16:58:42.946 +0900
228,"9461","696","41",2016-10-29 16:00:00.000 +0900,,96,203,player_game_stats_insert,2026-05-26 16:51:46.937 +0900
471,"9033","835","15",2018-01-14 15:05:00.000 +0900,2018-05-12 17:05:00.000 +0900,2681,2685,player_game_stats_transfer,2026-05-26 16:58:42.946 +0900
473,"9037","835","24",2018-01-14 15:05:00.000 +0900,2018-05-12 17:05:00.000 +0900,2681,2685,player_game_stats_transfer,2026-05-26 16:58:42.946 +0900
479,"8589","836","6",2018-01-14 15:05:00.000 +0900,2018-05-13 14:05:00.000 +0900,2681,2683,player_game_stats_transfer,2026-05-26 16:58:42.946 +0900
463,"8650","835","0",2018-01-14 15:05:00.000 +0900,2018-05-13 14:05:00.000 +0900,2681,2683,player_game_stats_transfer,2026-05-26 16:58:42.946 +0900
469,"8726","835","10",2018-01-14 15:05:00.000 +0900,2018-05-13 14:05:00.000 +0900,2681,2683,player_game_stats_transfer,2026-05-26 16:58:42.946 +0900
476,"12661","835","",2018-01-14 15:05:00.000 +0900,2018-05-13 14:05:00.000 +0900,2681,2683,player_game_stats_transfer,2026-05-26 16:58:42.946 +0900
466,"8468","835","5",2018-01-14 15:05:00.000 +0900,2018-10-04 19:05:00.000 +0900,2681,2990,player_game_stats_transfer,2026-05-26 16:58:42.946 +0900
472,"10848","835","17",2018-01-14 15:05:00.000 +0900,2018-10-06 14:05:00.000 +0900,2681,2988,player_game_stats_transfer,2026-05-26 16:58:42.946 +0900
489,"9040","836","54",2018-01-14 15:05:00.000 +0900,2018-10-06 14:05:00.000 +0900,2681,3000,player_game_stats_transfer,2026-05-26 16:58:42.946 +0900
470,"12595","835","14",2018-01-14 15:05:00.000 +0900,2018-10-06 15:05:00.000 +0900,2681,2986,player_game_stats_transfer,2026-05-26 16:58:42.946 +0900
475,"8498","835","27",2018-01-14 15:05:00.000 +0900,2018-10-06 15:05:00.000 +0900,2681,2986,player_game_stats_transfer,2026-05-26 16:58:42.946 +0900
464,"10819","835","00",2018-01-14 15:05:00.000 +0900,2018-10-06 15:05:00.000 +0900,2681,2992,player_game_stats_transfer,2026-05-26 16:58:42.946 +0900
483,"8503","836","13",2018-01-14 15:05:00.000 +0900,2018-10-06 18:05:00.000 +0900,2681,2994,player_game_stats_transfer,2026-05-26 16:58:42.946 +0900
485,"8449","836","24",2018-01-14 15:05:00.000 +0900,2018-10-06 18:05:00.000 +0900,2681,2994,player_game_stats_transfer,2026-05-26 16:58:42.946 +0900
465,"8721","835","1",2018-01-14 15:05:00.000 +0900,2018-10-06 18:05:00.000 +0900,2681,2994,player_game_stats_transfer,2026-05-26 16:58:42.946 +0900
478,"9310","836","5",2018-01-14 15:05:00.000 +0900,2018-10-06 18:05:00.000 +0900,2681,3002,player_game_stats_insert,2026-05-26 16:58:42.946 +0900
474,"8568","835","25",2018-01-14 15:05:00.000 +0900,2018-10-27 18:05:00.000 +0900,2681,3062,player_game_stats_transfer,2026-05-26 16:58:42.946 +0900
1284,"51000173","713","25",2022-10-01 15:05:00.000 +0900,2025-10-25 14:05:00.000 +0900,500005,504827,player_game_stats_insert,2026-05-26 16:59:49.705 +0900
398,"9266","700","5",2017-09-30 17:05:00.000 +0900,2018-02-10 18:05:00.000 +0900,1585,1883,player_game_stats_insert,2026-05-26 16:58:35.305 +0900
1357,"9489","713","16",2022-10-08 15:05:00.000 +0900,2023-01-14 19:15:00.000 +0900,500033,501172,player_game_stats_transfer,2026-05-26 16:59:49.705 +0900
1256,"10822","716","46",2022-10-01 14:00:00.000 +0900,,500013,501626,player_game_stats_transfer,2026-05-26 16:59:49.705 +0900
1266,"51000146","693","11",2022-10-01 14:05:00.000 +0900,,500001,500700,player_game_stats_insert,2026-05-26 16:59:49.705 +0900
1345,"8784","696","1",2022-10-01 17:35:00.000 +0900,,500011,500708,player_game_stats_transfer,2026-05-26 16:59:49.705 +0900
1346,"51000205","696","8",2022-10-01 17:35:00.000 +0900,,500011,500444,player_game_stats_insert,2026-05-26 16:59:49.705 +0900
390,"8581","696","22",2017-09-30 15:05:00.000 +0900,2018-10-06 14:05:00.000 +0900,1581,3000,player_game_stats_transfer,2026-05-26 16:58:35.305 +0900
1347,"51000204","696","15",2022-10-01 17:35:00.000 +0900,,500011,500708,player_game_stats_insert,2026-05-26 16:59:49.705 +0900
1361,"20004","717","6",2022-10-15 15:05:00.000 +0900,,500063,500534,player_game_stats_insert,2026-05-26 16:59:50.078 +0900
1138,"8681","695","17",2021-10-02 14:05:00.000 +0900,2023-10-07 16:35:00.000 +0900,7428,501291,player_game_stats_transfer,2026-05-26 16:59:34.699 +0900
175,"8456","699","1",2016-10-01 18:00:00.000 +0900,2017-09-30 17:05:00.000 +0900,27,1585,player_game_stats_insert,2026-05-26 16:51:46.578 +0900
1278,"30349","717","13",2022-10-01 15:05:00.000 +0900,2025-10-03 19:05:00.000 +0900,500003,504734,player_game_stats_transfer,2026-05-26 16:59:49.705 +0900
373,"8679","695","41",2017-09-30 14:35:00.000 +0900,,1579,2096,player_game_stats_insert,2026-05-26 16:58:35.305 +0900
428,"8537","718","10",2017-09-30 18:05:00.000 +0900,2025-11-08 14:05:00.000 +0900,1587,504897,player_game_stats_insert,2026-05-26 16:58:35.305 +0900
1365,"51000213","712","10",2022-10-26 19:05:00.000 +0900,,500097,500159,player_game_stats_insert,2026-05-26 16:59:50.417 +0900
1366,"51000212","712","23",2022-10-26 19:05:00.000 +0900,,500097,500159,player_game_stats_insert,2026-05-26 16:59:50.417 +0900
1259,"51000102","702","2",2022-10-01 14:05:00.000 +0900,2025-01-18 16:00:00.000 +0900,500001,503880,player_game_stats_transfer,2026-05-26 16:59:49.705 +0900
1260,"5100000051","702","5",2022-10-01 14:05:00.000 +0900,2025-02-01 16:05:00.000 +0900,500001,503114,player_game_stats_insert,2026-05-26 16:59:49.705 +0900
1268,"32989","712","5",2022-10-01 15:05:00.000 +0900,2024-10-05 15:05:00.000 +0900,500003,502718,player_game_stats_transfer,2026-05-26 16:59:49.705 +0900
1348,"8456","726","10",2022-10-01 17:35:00.000 +0900,2025-10-04 16:25:00.000 +0900,500011,504728,player_game_stats_transfer,2026-05-26 16:59:49.705 +0900
1304,"33091","697","55",2022-10-01 15:05:00.000 +0900,,500015,500104,player_game_stats_transfer,2026-05-26 16:59:49.705 +0900
451,"9057","720","33",2017-12-01 19:05:00.000 +0900,,1742,1860,player_game_stats_transfer,2026-05-26 16:58:40.771 +0900
1318,"5100000087","699","22",2022-10-01 16:05:00.000 +0900,2023-10-08 16:05:00.000 +0900,500019,501313,player_game_stats_transfer,2026-05-26 16:59:49.705 +0900
1310,"51000165","728","6",2022-10-01 15:05:00.000 +0900,2022-12-24 15:05:00.000 +0900,500018,500269,player_game_stats_insert,2026-05-26 16:59:49.705 +0900
225,"9407","728","34",2016-10-08 15:10:00.000 +0900,,45,1333,player_game_stats_insert,2026-05-26 16:51:46.578 +0900
1300,"8592","697","14",2022-10-01 15:05:00.000 +0900,2023-01-14 19:15:00.000 +0900,500015,501172,player_game_stats_transfer,2026-05-26 16:59:49.705 +0900
1356,"9431","695","22",2022-10-08 14:05:00.000 +0900,2024-02-10 18:05:00.000 +0900,500041,501757,player_game_stats_insert,2026-05-26 16:59:49.705 +0900
1364,"12597","717","1",2022-10-22 15:35:00.000 +0900,,500095,500714,player_game_stats_insert,2026-05-26 16:59:50.078 +0900
1285,"51000161","698","0",2022-10-01 15:05:00.000 +0900,,500005,500107,player_game_stats_insert,2026-05-26 16:59:49.705 +0900
1321,"9456","692","2",2022-10-01 16:05:00.000 +0900,2025-10-04 15:05:00.000 +0900,500019,504730,player_game_stats_transfer,2026-05-26 16:59:49.705 +0900
1363,"12641","721","41",2022-10-22 15:35:00.000 +0900,,500095,500108,player_game_stats_transfer,2026-05-26 16:59:50.078 +0900
1362,"9369","699","15",2022-10-22 15:05:00.000 +0900,2023-10-28 15:05:00.000 +0900,500091,501383,player_game_stats_transfer,2026-05-26 16:59:50.078 +0900
236,"9404","726","22",2016-11-19 18:00:00.000 +0900,,131,230,player_game_stats_insert,2026-05-26 16:51:50.418 +0900
128,"8645","695","7",2016-10-01 18:00:00.000 +0900,2017-01-15 18:05:00.000 +0900,24,1302,player_game_stats_insert,2026-05-26 16:51:46.578 +0900
500,"15816","727","3",2018-02-03 18:05:00.000 +0900,2020-10-03 18:05:00.000 +0900,1875,5860,player_game_stats_insert,2026-05-26 16:58:44.875 +0900
1372,"5100000030","701","8",2022-11-26 12:55:00.000 +0900,2025-10-04 14:05:00.000 +0900,500155,504748,player_game_stats_insert,2026-05-26 16:59:51.794 +0900
1344,"8470","720","55",2022-10-01 17:35:00.000 +0900,2025-10-04 15:05:00.000 +0900,500009,504740,player_game_stats_transfer,2026-05-26 16:59:49.705 +0900
1351,"30434","701","15",2022-10-01 19:05:00.000 +0900,,500023,506099,player_game_stats_transfer,2026-05-26 16:59:49.705 +0900
1373,"51000218","720","34",2022-11-26 12:55:00.000 +0900,,500155,500252,player_game_stats_insert,2026-05-26 16:59:51.794 +0900
1352,"51000203","701","42",2022-10-01 19:05:00.000 +0900,,500023,500186,player_game_stats_insert,2026-05-26 16:59:49.705 +0900
1350,"18440","701","1",2022-10-01 19:05:00.000 +0900,,500023,501253,player_game_stats_transfer,2026-05-26 16:59:49.705 +0900
1343,"8654","720","26",2022-10-01 17:35:00.000 +0900,2023-10-07 13:55:00.000 +0900,500009,501309,player_game_stats_transfer,2026-05-26 16:59:49.705 +0900
12,"9028","706","2",2016-10-01 14:00:00.000 +0900,2017-01-15 18:05:00.000 +0900,21,1302,player_game_stats_insert,2026-05-26 16:51:46.578 +0900
17,"9033","706","15",2016-10-01 14:00:00.000 +0900,2017-01-15 18:05:00.000 +0900,21,1302,player_game_stats_insert,2026-05-26 16:51:46.578 +0900
21,"9037","706","24",2016-10-01 14:00:00.000 +0900,2017-01-15 18:05:00.000 +0900,21,1302,player_game_stats_insert,2026-05-26 16:51:46.578 +0900
24,"9417","706","",2016-10-01 14:00:00.000 +0900,2017-01-15 18:05:00.000 +0900,21,1302,player_game_stats_insert,2026-05-26 16:51:46.578 +0900
1272,"10834","717","0",2022-10-01 15:05:00.000 +0900,2025-11-01 15:05:00.000 +0900,500003,504866,player_game_stats_transfer,2026-05-26 16:59:49.705 +0900
369,"8645","695","7",2017-09-30 14:35:00.000 +0900,2021-10-01 19:25:00.000 +0900,1579,7422,player_game_stats_transfer,2026-05-26 16:58:35.305 +0900
1297,"51000160","697","1",2022-10-01 15:05:00.000 +0900,,500015,505497,player_game_stats_insert,2026-05-26 16:59:49.705 +0900
1292,"8582","704","25",2022-10-01 15:05:00.000 +0900,,500007,506092,player_game_stats_transfer,2026-05-26 16:59:49.705 +0900
371,"12581","695","15",2017-09-30 14:35:00.000 +0900,,1579,2096,player_game_stats_insert,2026-05-26 16:58:35.305 +0900
372,"8731","695","31",2017-09-30 14:35:00.000 +0900,2018-10-06 18:05:00.000 +0900,1579,3002,player_game_stats_transfer,2026-05-26 16:58:35.305 +0900
1291,"51000166","704","4",2022-10-01 15:05:00.000 +0900,2023-10-05 19:05:00.000 +0900,500007,501311,player_game_stats_insert,2026-05-26 16:59:49.705 +0900
1339,"10832","695","3",2022-10-01 17:35:00.000 +0900,2023-10-07 16:05:00.000 +0900,500009,501305,player_game_stats_transfer,2026-05-26 16:59:49.705 +0900
370,"8515","695","11",2017-09-30 14:35:00.000 +0900,,1579,4563,player_game_stats_transfer,2026-05-26 16:58:35.305 +0900
495,"9384","695","34",2018-01-20 14:05:00.000 +0900,,1837,4563,player_game_stats_transfer,2026-05-26 16:58:42.946 +0900
454,"14302","695","30",2017-12-02 17:05:00.000 +0900,2020-10-03 15:05:00.000 +0900,1732,5854,player_game_stats_insert,2026-05-26 16:58:40.771 +0900
127,"8471","695","5",2016-10-01 18:00:00.000 +0900,,24,2096,player_game_stats_insert,2026-05-26 16:51:46.578 +0900
505,"10821","696","6",2018-02-11 13:05:00.000 +0900,2018-10-24 19:05:00.000 +0900,1886,3053,player_game_stats_transfer,2026-05-26 16:58:44.875 +0900
1161,"5100000062","698","15",2021-10-02 17:05:00.000 +0900,2023-01-13 19:00:00.000 +0900,7432,501173,player_game_stats_insert,2026-05-26 16:59:34.699 +0900
158,"8664","696","33",2016-10-01 18:00:00.000 +0900,,25,1910,player_game_stats_insert,2026-05-26 16:51:46.578 +0900
497,"15809","720","12",2018-01-20 18:05:00.000 +0900,,1831,1898,player_game_stats_insert,2026-05-26 16:58:42.946 +0900
64,"8721","694","1",2016-10-01 15:00:00.000 +0900,2017-01-15 18:05:00.000 +0900,23,1302,player_game_stats_insert,2026-05-26 16:51:46.578 +0900
180,"8458","699","15",2016-10-01 18:00:00.000 +0900,2017-09-29 19:05:00.000 +0900,27,1577,player_game_stats_insert,2026-05-26 16:51:46.578 +0900
492,"15811","698","11",2018-01-19 19:05:00.000 +0900,2020-10-03 18:05:00.000 +0900,1828,5864,player_game_stats_insert,2026-05-26 16:58:42.946 +0900
400,"12583","700","11",2017-09-30 17:05:00.000 +0900,,1585,2102,player_game_stats_insert,2026-05-26 16:58:35.305 +0900
182,"9359","699","24",2016-10-01 18:00:00.000 +0900,,27,358,player_game_stats_insert,2026-05-26 16:51:46.578 +0900
181,"8728","699","17",2016-10-01 18:00:00.000 +0900,,27,537,player_game_stats_insert,2026-05-26 16:51:46.578 +0900
184,"8460","699","34",2016-10-01 18:00:00.000 +0900,,27,537,player_game_stats_insert,2026-05-26 16:51:46.578 +0900
185,"8762","699","42",2016-10-01 18:00:00.000 +0900,,27,537,player_game_stats_insert,2026-05-26 16:51:46.578 +0900
491,"15812","698","55",2018-01-18 19:05:00.000 +0900,,1827,2110,player_game_stats_insert,2026-05-26 16:58:42.946 +0900
326,"9331","703","13",2017-09-29 19:05:00.000 +0900,,1573,2683,player_game_stats_insert,2026-05-26 16:58:35.305 +0900
401,"8840","700","12",2017-09-30 17:05:00.000 +0900,2018-10-06 14:05:00.000 +0900,1585,2988,player_game_stats_insert,2026-05-26 16:58:35.305 +0900
502,"9062","700","8",2018-02-04 18:05:00.000 +0900,2018-10-06 15:05:00.000 +0900,1873,2986,player_game_stats_transfer,2026-05-26 16:58:44.875 +0900
186,"8693","699","",2016-10-01 18:00:00.000 +0900,,27,4571,player_game_stats_insert,2026-05-26 16:51:46.578 +0900
192,"8688","700","15",2016-10-01 18:00:00.000 +0900,2019-10-05 19:05:00.000 +0900,27,4167,player_game_stats_insert,2026-05-26 16:51:46.578 +0900
222,"9026","698","44",2016-10-01 19:00:00.000 +0900,2017-02-18 14:00:00.000 +0900,28,330,player_game_stats_insert,2026-05-26 16:51:46.578 +0900
169,"8568","697","15",2016-10-01 18:00:00.000 +0900,2017-01-15 18:05:00.000 +0900,25,1302,player_game_stats_insert,2026-05-26 16:51:46.578 +0900
504,"15838","701","21",2018-02-10 19:05:00.000 +0900,2019-01-05 15:05:00.000 +0900,1895,3247,player_game_stats_insert,2026-05-26 16:58:44.875 +0900
7,"9059","693","15",2016-10-01 14:00:00.000 +0900,,21,245,player_game_stats_insert,2026-05-26 16:51:46.578 +0900
2,"8467","693","3",2016-10-01 14:00:00.000 +0900,2017-01-15 18:05:00.000 +0900,21,1302,player_game_stats_insert,2026-05-26 16:51:46.578 +0900
152,"8503","696","11",2016-10-01 18:00:00.000 +0900,2017-01-15 18:05:00.000 +0900,25,1302,player_game_stats_insert,2026-05-26 16:51:46.578 +0900
4,"8734","693","9",2016-10-01 14:00:00.000 +0900,2017-01-15 18:05:00.000 +0900,21,1302,player_game_stats_insert,2026-05-26 16:51:46.578 +0900
3,"8468","693","5",2016-10-01 14:00:00.000 +0900,2017-01-15 18:05:00.000 +0900,21,1302,player_game_stats_insert,2026-05-26 16:51:46.578 +0900
1178,"10849","729","3",2021-10-02 18:05:00.000 +0900,2024-10-05 18:05:00.000 +0900,7424,502732,player_game_stats_transfer,2026-05-26 16:59:34.699 +0900
1261,"10818","702","8",2022-10-01 14:05:00.000 +0900,2023-10-07 16:05:00.000 +0900,500001,501307,player_game_stats_transfer,2026-05-26 16:59:49.705 +0900
193,"8689","700","17",2016-10-01 18:00:00.000 +0900,,27,3521,player_game_stats_insert,2026-05-26 16:51:46.578 +0900
332,"12636","728","3",2017-09-29 19:05:00.000 +0900,2019-10-19 18:05:00.000 +0900,1573,4206,player_game_stats_insert,2026-05-26 16:58:35.305 +0900
1287,"30438","698","7",2022-10-01 15:05:00.000 +0900,2023-01-13 19:00:00.000 +0900,500005,501173,player_game_stats_transfer,2026-05-26 16:59:49.705 +0900
1375,"51000202","702","34",2022-11-26 19:05:00.000 +0900,2023-01-14 16:30:00.000 +0900,500141,501174,player_game_stats_insert,2026-05-26 16:59:51.794 +0900
1324,"51000114","692","10",2022-10-01 16:05:00.000 +0900,,500019,500376,player_game_stats_insert,2026-05-26 16:59:49.705 +0900
77,"9055","704","2",2016-10-01 16:00:00.000 +0900,2017-01-15 18:05:00.000 +0900,22,1302,player_game_stats_insert,2026-05-26 16:51:46.578 +0900
46,"9383","729","24",2016-10-01 14:10:00.000 +0900,2017-01-15 18:05:00.000 +0900,26,1302,player_game_stats_insert,2026-05-26 16:51:46.578 +0900
98,"8498","703","27",2016-10-01 16:00:00.000 +0900,2017-01-15 18:05:00.000 +0900,22,1302,player_game_stats_insert,2026-05-26 16:51:46.578 +0900
99,"8649","703","32",2016-10-01 16:00:00.000 +0900,2017-01-15 18:05:00.000 +0900,22,1302,player_game_stats_insert,2026-05-26 16:51:46.578 +0900
101,"8660","703","",2016-10-01 16:00:00.000 +0900,2017-01-15 18:05:00.000 +0900,22,1302,player_game_stats_insert,2026-05-26 16:51:46.578 +0900
41,"8738","729","8",2016-10-01 14:10:00.000 +0900,2017-01-15 18:05:00.000 +0900,26,1302,player_game_stats_insert,2026-05-26 16:51:46.578 +0900
80,"9056","704","16",2016-10-01 16:00:00.000 +0900,2017-01-15 18:05:00.000 +0900,22,1302,player_game_stats_insert,2026-05-26 16:51:46.578 +0900
258,"8721","835","1",2017-01-15 18:05:00.000 +0900,2017-09-29 19:05:00.000 +0900,1302,1577,player_game_stats_transfer,2026-05-26 16:52:22.529 +0900
261,"8503","835","5",2017-01-15 18:05:00.000 +0900,2017-09-30 15:05:00.000 +0900,1302,1581,player_game_stats_transfer,2026-05-26 16:52:22.529 +0900
260,"8467","835","3",2017-01-15 18:05:00.000 +0900,2017-09-30 17:05:00.000 +0900,1302,1585,player_game_stats_transfer,2026-05-26 16:52:22.529 +0900
263,"8734","835","9",2017-01-15 18:05:00.000 +0900,2018-10-06 14:05:00.000 +0900,1302,2988,player_game_stats_transfer,2026-05-26 16:52:22.529 +0900
244,"9474","786","0",2017-01-14 18:05:00.000 +0900,,1303,1303,player_game_stats_insert,2026-05-26 16:52:22.529 +0900
245,"9483","786","3",2017-01-14 18:05:00.000 +0900,,1303,1303,player_game_stats_insert,2026-05-26 16:52:22.529 +0900
246,"9476","786","4",2017-01-14 18:05:00.000 +0900,,1303,1303,player_game_stats_insert,2026-05-26 16:52:22.529 +0900
247,"9477","786","7",2017-01-14 18:05:00.000 +0900,,1303,1303,player_game_stats_insert,2026-05-26 16:52:22.529 +0900
248,"9478","786","9",2017-01-14 18:05:00.000 +0900,,1303,1303,player_game_stats_insert,2026-05-26 16:52:22.529 +0900
249,"9484","786","10",2017-01-14 18:05:00.000 +0900,,1303,1303,player_game_stats_insert,2026-05-26 16:52:22.529 +0900
250,"9485","786","11",2017-01-14 18:05:00.000 +0900,,1303,1303,player_game_stats_insert,2026-05-26 16:52:22.529 +0900
251,"9479","786","23",2017-01-14 18:05:00.000 +0900,,1303,1303,player_game_stats_insert,2026-05-26 16:52:22.529 +0900
252,"9480","786","28",2017-01-14 18:05:00.000 +0900,,1303,1303,player_game_stats_insert,2026-05-26 16:52:22.529 +0900
253,"9481","786","32",2017-01-14 18:05:00.000 +0900,,1303,1303,player_game_stats_insert,2026-05-26 16:52:22.529 +0900
254,"9486","786","41",2017-01-14 18:05:00.000 +0900,,1303,1303,player_game_stats_insert,2026-05-26 16:52:22.529 +0900
255,"9482","786","55",2017-01-14 18:05:00.000 +0900,,1303,1303,player_game_stats_insert,2026-05-26 16:52:22.529 +0900
256,"10267","786","",2017-01-14 18:05:00.000 +0900,,1303,1303,player_game_stats_insert,2026-05-26 16:52:22.529 +0900
29,"8589","728","6",2016-10-01 14:10:00.000 +0900,2017-01-15 18:05:00.000 +0900,26,1302,player_game_stats_insert,2026-05-26 16:51:46.578 +0900
257,"8650","835","0",2017-01-15 18:05:00.000 +0900,2017-05-13 16:05:00.000 +0900,1302,1322,player_game_stats_transfer,2026-05-26 16:52:22.529 +0900
259,"9055","835","2",2017-01-15 18:05:00.000 +0900,2017-05-13 16:05:00.000 +0900,1302,1322,player_game_stats_transfer,2026-05-26 16:52:22.529 +0900
262,"8589","835","6",2017-01-15 18:05:00.000 +0900,2017-05-13 16:05:00.000 +0900,1302,1325,player_game_stats_transfer,2026-05-26 16:52:22.529 +0900
1280,"8683","717","18",2022-10-01 15:05:00.000 +0900,2024-10-12 16:05:00.000 +0900,500003,502752,player_game_stats_transfer,2026-05-26 16:59:49.705 +0900
272,"8738","836","8",2017-01-15 18:05:00.000 +0900,2017-09-29 19:05:00.000 +0900,1302,1575,player_game_stats_transfer,2026-05-26 16:52:22.529 +0900
265,"9383","835","24",2017-01-15 18:05:00.000 +0900,2017-09-29 19:05:00.000 +0900,1302,1575,player_game_stats_transfer,2026-05-26 16:52:22.529 +0900
271,"8645","836","7",2017-01-15 18:05:00.000 +0900,2017-09-30 14:35:00.000 +0900,1302,1579,player_game_stats_transfer,2026-05-26 16:52:22.529 +0900
264,"8509","835","11",2017-01-15 18:05:00.000 +0900,2017-09-30 15:05:00.000 +0900,1302,1581,player_game_stats_transfer,2026-05-26 16:52:22.529 +0900
200,"8651","701","5",2016-10-01 19:00:00.000 +0900,2017-01-15 18:05:00.000 +0900,28,1302,player_game_stats_insert,2026-05-26 16:51:46.578 +0900
279,"8468","836","51",2017-01-15 18:05:00.000 +0900,2018-01-14 15:05:00.000 +0900,1302,2681,player_game_stats_transfer,2026-05-26 16:52:22.529 +0900
205,"8655","701","14",2016-10-01 19:00:00.000 +0900,2017-01-15 18:05:00.000 +0900,28,1302,player_game_stats_insert,2026-05-26 16:51:46.578 +0900
208,"8657","701","31",2016-10-01 19:00:00.000 +0900,2017-01-15 18:05:00.000 +0900,28,1302,player_game_stats_insert,2026-05-26 16:51:46.578 +0900
31,"8592","728","14",2016-10-01 14:10:00.000 +0900,2017-01-15 18:05:00.000 +0900,26,1302,player_game_stats_insert,2026-05-26 16:51:46.578 +0900
1281,"8517","717","21",2022-10-01 15:05:00.000 +0900,,500003,505473,player_game_stats_transfer,2026-05-26 16:59:49.705 +0900
1277,"15853","717","12",2022-10-01 15:05:00.000 +0900,2023-10-07 18:05:00.000 +0900,500003,501297,player_game_stats_insert,2026-05-26 16:59:49.705 +0900
269,"9028","836","2",2017-01-15 18:05:00.000 +0900,2017-05-13 16:05:00.000 +0900,1302,1319,player_game_stats_transfer,2026-05-26 16:52:22.529 +0900
274,"9033","836","15",2017-01-15 18:05:00.000 +0900,2017-05-13 16:05:00.000 +0900,1302,1319,player_game_stats_transfer,2026-05-26 16:52:22.529 +0900
276,"9037","836","24",2017-01-15 18:05:00.000 +0900,2017-05-13 16:05:00.000 +0900,1302,1319,player_game_stats_transfer,2026-05-26 16:52:22.529 +0900
281,"9417","836","",2017-01-15 18:05:00.000 +0900,2017-05-13 16:05:00.000 +0900,1302,1319,player_game_stats_transfer,2026-05-26 16:52:22.529 +0900
280,"8568","836","83",2017-01-15 18:05:00.000 +0900,2017-05-13 16:05:00.000 +0900,1302,1319,player_game_stats_transfer,2026-05-26 16:52:22.529 +0900
267,"8649","835","32",2017-01-15 18:05:00.000 +0900,2017-05-13 16:05:00.000 +0900,1302,1322,player_game_stats_transfer,2026-05-26 16:52:22.529 +0900
268,"8660","835","",2017-01-15 18:05:00.000 +0900,2017-05-13 16:05:00.000 +0900,1302,1322,player_game_stats_transfer,2026-05-26 16:52:22.529 +0900
275,"9056","836","16",2017-01-15 18:05:00.000 +0900,2017-05-13 16:05:00.000 +0900,1302,1322,player_game_stats_transfer,2026-05-26 16:52:22.529 +0900
278,"8592","836","41",2017-01-15 18:05:00.000 +0900,2017-05-13 16:05:00.000 +0900,1302,1325,player_game_stats_transfer,2026-05-26 16:52:22.529 +0900
270,"8651","836","5",2017-01-15 18:05:00.000 +0900,2017-05-13 16:05:00.000 +0900,1302,1325,player_game_stats_transfer,2026-05-26 16:52:22.529 +0900
273,"8655","836","14",2017-01-15 18:05:00.000 +0900,2017-05-13 16:05:00.000 +0900,1302,1325,player_game_stats_transfer,2026-05-26 16:52:22.529 +0900
277,"8657","836","31",2017-01-15 18:05:00.000 +0900,2017-05-13 16:05:00.000 +0900,1302,1325,player_game_stats_transfer,2026-05-26 16:52:22.529 +0900
266,"8498","835","27",2017-01-15 18:05:00.000 +0900,2017-05-20 13:05:00.000 +0900,1302,1331,player_game_stats_transfer,2026-05-26 16:52:22.529 +0900
1230,"51000109","699","56",2021-12-25 15:05:00.000 +0900,,7669,500600,player_game_stats_insert,2026-05-26 16:59:39.046 +0900
1181,"5100000046","729","43",2021-10-02 18:05:00.000 +0900,,7424,505394,player_game_stats_insert,2026-05-26 16:59:34.699 +0900
450,"10257","718","35",2017-12-01 19:05:00.000 +0900,,1740,2037,player_game_stats_insert,2026-05-26 16:58:40.771 +0900
1320,"8462","692","0",2022-10-01 16:05:00.000 +0900,,500019,501994,player_game_stats_transfer,2026-05-26 16:59:49.705 +0900
506,"15843","703","8",2018-02-18 15:05:00.000 +0900,,1898,2057,player_game_stats_insert,2026-05-26 16:58:45.199 +0900
1368,"26917","698","23",2022-11-19 14:05:00.000 +0900,,500131,500210,player_game_stats_insert,2026-05-26 16:59:51.794 +0900
227,"9381","729","13",2016-10-15 14:00:00.000 +0900,2017-02-17 19:10:00.000 +0900,62,322,player_game_stats_insert,2026-05-26 16:51:46.578 +0900
1314,"51000187","699","7",2022-10-01 16:05:00.000 +0900,2023-01-13 19:00:00.000 +0900,500019,501173,player_game_stats_insert,2026-05-26 16:59:49.705 +0900
1205,"5100000069","729","1",2021-10-09 15:05:00.000 +0900,2023-01-13 19:00:00.000 +0900,7456,501173,player_game_stats_insert,2026-05-26 16:59:34.699 +0900
1273,"33083","717","2",2022-10-01 15:05:00.000 +0900,,500003,500714,player_game_stats_transfer,2026-05-26 16:59:49.705 +0900
286,"10817","698","33",2017-01-18 19:00:00.000 +0900,2017-09-29 19:05:00.000 +0900,264,1575,player_game_stats_insert,2026-05-26 16:52:22.529 +0900
367,"12513","726","",2017-09-29 19:35:00.000 +0900,,1589,3051,player_game_stats_insert,2026-05-26 16:58:35.305 +0900
455,"12630","706","21",2017-12-09 17:05:00.000 +0900,,1746,2700,player_game_stats_transfer,2026-05-26 16:58:40.771 +0900
220,"8709","698","32",2016-10-01 19:00:00.000 +0900,2017-09-30 18:05:00.000 +0900,28,1583,player_game_stats_insert,2026-05-26 16:51:46.578 +0900
410,"12512","706","",2017-09-30 17:05:00.000 +0900,2019-01-19 19:10:00.000 +0900,1585,4110,player_game_stats_insert,2026-05-26 16:58:35.305 +0900
461,"10820","726","14",2017-12-30 18:05:00.000 +0900,2020-10-03 17:05:00.000 +0900,1811,5868,player_game_stats_transfer,2026-05-26 16:58:41.489 +0900
507,"9426","726","41",2018-03-03 17:05:00.000 +0900,,1917,2102,player_game_stats_insert,2026-05-26 16:58:46.645 +0900
459,"15756","726","13",2017-12-16 17:05:00.000 +0900,2019-10-05 16:05:00.000 +0900,1776,4165,player_game_stats_insert,2026-05-26 16:58:41.145 +0900
137,"8662","726","0",2016-10-01 18:00:00.000 +0900,2019-10-05 19:05:00.000 +0900,24,4167,player_game_stats_insert,2026-05-26 16:51:46.578 +0900
1349,"5100000011","726","28",2022-10-01 17:35:00.000 +0900,2024-10-05 18:05:00.000 +0900,500011,502732,player_game_stats_transfer,2026-05-26 16:59:49.705 +0900
408,"12580","706","31",2017-09-30 17:05:00.000 +0900,2019-12-21 15:05:00.000 +0900,1585,4340,player_game_stats_insert,2026-05-26 16:58:35.305 +0900
1252,"20017","726","5",2021-03-14 19:05:00.000 +0900,2023-10-07 16:05:00.000 +0900,7849,501305,player_game_stats_transfer,2026-05-26 16:59:43.869 +0900
223,"8748","698","",2016-10-01 19:00:00.000 +0900,,28,540,player_game_stats_insert,2026-05-26 16:51:46.578 +0900
1334,"51000143","721","19",2022-10-01 16:05:00.000 +0900,,500021,500227,player_game_stats_insert,2026-05-26 16:59:49.705 +0900
512,"15849","697","12",2018-03-17 17:05:00.000 +0900,,1959,4442,player_game_stats_insert,2026-05-26 16:58:46.982 +0900
1371,"51000216","695","21",2022-11-19 17:35:00.000 +0900,2025-10-04 18:05:00.000 +0900,500119,504738,player_game_stats_insert,2026-05-26 16:59:51.794 +0900
1237,"51000123","702","66",2021-01-16 15:05:00.000 +0900,,7744,503407,player_game_stats_insert,2026-05-26 16:59:40.767 +0900
133,"8476","695","32",2016-10-01 18:00:00.000 +0900,,24,500710,player_game_stats_insert,2026-05-26 16:51:46.578 +0900
1342,"20003","695","65",2022-10-01 17:35:00.000 +0900,,500009,500710,player_game_stats_transfer,2026-05-26 16:59:49.705 +0900
1262,"30458","702","10",2022-10-01 14:05:00.000 +0900,2023-10-05 19:05:00.000 +0900,500001,501311,player_game_stats_insert,2026-05-26 16:59:49.705 +0900
1109,"5100000053","702","21",2021-10-02 11:55:00.000 +0900,2023-10-07 16:05:00.000 +0900,7438,501307,player_game_stats_insert,2026-05-26 16:59:34.699 +0900
1341,"30512","695","10",2022-10-01 17:35:00.000 +0900,2023-01-13 19:00:00.000 +0900,500009,501173,player_game_stats_transfer,2026-05-26 16:59:49.705 +0900
1359,"12599","695","5",2022-10-15 14:05:00.000 +0900,,500071,500462,player_game_stats_insert,2026-05-26 16:59:50.078 +0900
1263,"51000158","702","12",2022-10-01 14:05:00.000 +0900,2024-10-05 14:05:00.000 +0900,500001,502724,player_game_stats_insert,2026-05-26 16:59:49.705 +0900
1340,"51000163","695","4",2022-10-01 17:35:00.000 +0900,2024-10-05 18:05:00.000 +0900,500009,502732,player_game_stats_insert,2026-05-26 16:59:49.705 +0900
1326,"30526","692","15",2022-10-01 16:05:00.000 +0900,,500019,505491,player_game_stats_insert,2026-05-26 16:59:49.705 +0900
1202,"5100000054","704","33",2021-10-02 19:05:00.000 +0900,,7436,505089,player_game_stats_insert,2026-05-26 16:59:34.699 +0900
22,"9038","706","33",2016-10-01 14:00:00.000 +0900,,21,300,player_game_stats_insert,2026-05-26 16:51:46.578 +0900
384,"12631","720","40",2017-09-30 14:35:00.000 +0900,2018-10-06 14:05:00.000 +0900,1579,2988,player_game_stats_insert,2026-05-26 16:58:35.305 +0900
1305,"10258","697","77",2022-10-01 15:05:00.000 +0900,2023-10-07 16:05:00.000 +0900,500015,501307,player_game_stats_transfer,2026-05-26 16:59:49.705 +0900
291,"10821","728","2",2017-02-04 13:00:00.000 +0900,2018-02-11 13:05:00.000 +0900,307,1886,player_game_stats_insert,2026-05-26 16:52:24.256 +0900
121,"8511","702","21",2016-10-01 18:00:00.000 +0900,,20,312,player_game_stats_insert,2026-05-26 16:51:46.578 +0900
1267,"8608","712","1",2022-10-01 15:05:00.000 +0900,2025-10-04 15:05:00.000 +0900,500003,504740,player_game_stats_transfer,2026-05-26 16:59:49.705 +0900
1128,"18845","712","13",2021-10-02 14:05:00.000 +0900,,7420,505326,player_game_stats_transfer,2026-05-26 16:59:34.699 +0900
1127,"9340","712","11",2021-10-02 14:05:00.000 +0900,2025-10-18 15:05:00.000 +0900,7420,504799,player_game_stats_insert,2026-05-26 16:59:34.699 +0900
1392,"51000229","712","15",2022-12-28 19:05:00.000 +0900,,500278,500718,player_game_stats_insert,2026-05-26 16:59:54.477 +0900
1126,"8507","712","8",2021-10-02 14:05:00.000 +0900,2023-10-07 16:05:00.000 +0900,7420,501307,player_game_stats_transfer,2026-05-26 16:59:34.699 +0900
1124,"9044","712","2",2021-10-02 14:05:00.000 +0900,2023-10-07 16:35:00.000 +0900,7420,501293,player_game_stats_insert,2026-05-26 16:59:34.699 +0900
74,"9403","694","42",2016-10-01 15:00:00.000 +0900,2020-10-03 15:05:00.000 +0900,23,5854,player_game_stats_insert,2026-05-26 16:51:46.578 +0900
1380,"51000221","698","51",2022-12-10 14:05:00.000 +0900,,500209,500648,player_game_stats_insert,2026-05-26 16:59:53.771 +0900
1269,"30437","712","17",2022-10-01 15:05:00.000 +0900,2024-01-13 13:15:00.000 +0900,500003,502494,player_game_stats_transfer,2026-05-26 16:59:49.705 +0900
415,"8709","699","32",2017-09-30 18:05:00.000 +0900,2020-10-03 18:05:00.000 +0900,1583,5870,player_game_stats_transfer,2026-05-26 16:58:35.305 +0900
202,"8653","701","8",2016-10-01 19:00:00.000 +0900,2017-09-29 19:05:00.000 +0900,28,1575,player_game_stats_insert,2026-05-26 16:51:46.578 +0900
190,"8681","700","11",2016-10-01 18:00:00.000 +0900,2017-09-30 18:05:00.000 +0900,27,1583,player_game_stats_insert,2026-05-26 16:51:46.578 +0900
403,"8838","700","32",2017-09-30 17:05:00.000 +0900,2019-10-11 19:05:00.000 +0900,1585,4169,player_game_stats_insert,2026-05-26 16:58:35.305 +0900
19,"9035","706","20",2016-10-01 14:00:00.000 +0900,2017-10-14 15:05:00.000 +0900,21,1611,player_game_stats_insert,2026-05-26 16:51:46.578 +0900
416,"12633","699","34",2017-09-30 18:05:00.000 +0900,2018-10-06 18:05:00.000 +0900,1583,2994,player_game_stats_insert,2026-05-26 16:58:35.305 +0900
55,"8487","727","14",2016-10-01 15:00:00.000 +0900,2021-10-02 11:55:00.000 +0900,23,7438,player_game_stats_insert,2026-05-26 16:51:46.578 +0900
413,"8681","699","9",2017-09-30 18:05:00.000 +0900,2021-10-02 14:05:00.000 +0900,1583,7428,player_game_stats_transfer,2026-05-26 16:58:35.305 +0900
493,"15814","700","34",2018-01-19 19:05:00.000 +0900,,1841,2102,player_game_stats_insert,2026-05-26 16:58:42.946 +0900
183,"8459","699","33",2016-10-01 18:00:00.000 +0900,,27,8075,player_game_stats_insert,2026-05-26 16:51:46.578 +0900
418,"8481","699","91",2017-09-30 18:05:00.000 +0900,2022-10-01 16:05:00.000 +0900,1583,500019,player_game_stats_transfer,2026-05-26 16:58:35.305 +0900
179,"8729","699","12",2016-10-01 18:00:00.000 +0900,,27,4571,player_game_stats_insert,2026-05-26 16:51:46.578 +0900
1294,"51000201","700","11",2022-10-01 15:05:00.000 +0900,,500007,500696,player_game_stats_insert,2026-05-26 16:59:49.705 +0900
417,"8493","699","43",2017-09-30 18:05:00.000 +0900,2023-10-07 16:35:00.000 +0900,1583,501303,player_game_stats_transfer,2026-05-26 16:58:35.305 +0900
414,"10838","699","14",2017-09-30 18:05:00.000 +0900,,1583,2686,player_game_stats_insert,2026-05-26 16:58:35.305 +0900
26,"8588","728","3",2016-10-01 14:10:00.000 +0900,2017-09-29 19:05:00.000 +0900,26,1575,player_game_stats_insert,2026-05-26 16:51:46.578 +0900
1329,"8595","692","31",2022-10-01 16:05:00.000 +0900,,500019,500602,player_game_stats_transfer,2026-05-26 16:59:49.705 +0900
1358,"33097","721","13",2022-10-08 18:05:00.000 +0900,2024-01-14 15:15:00.000 +0900,500029,502496,player_game_stats_transfer,2026-05-26 16:59:49.705 +0900
1376,"8653","697","44",2022-11-27 15:05:00.000 +0900,,500150,500712,player_game_stats_transfer,2026-05-26 16:59:52.148 +0900
1276,"8722","717","11",2022-10-01 15:05:00.000 +0900,2023-10-07 16:35:00.000 +0900,500003,501299,player_game_stats_transfer,2026-05-26 16:59:49.705 +0900
424,"10256","718","2",2017-09-30 18:05:00.000 +0900,2023-01-21 14:05:00.000 +0900,1587,500377,player_game_stats_insert,2026-05-26 16:58:35.305 +0900
1374,"8528","692","30",2022-11-26 15:05:00.000 +0900,,500133,500698,player_game_stats_transfer,2026-05-26 16:59:51.794 +0900
425,"8535","718","3",2017-09-30 18:05:00.000 +0900,,1587,2104,player_game_stats_insert,2026-05-26 16:58:35.305 +0900
498,"12596","718","5",2018-01-28 18:05:00.000 +0900,,1857,2104,player_game_stats_insert,2026-05-26 16:58:42.946 +0900
427,"8536","718","9",2017-09-30 18:05:00.000 +0900,,1587,2104,player_game_stats_insert,2026-05-26 16:58:35.305 +0900
429,"8538","718","13",2017-09-30 18:05:00.000 +0900,,1587,2104,player_game_stats_insert,2026-05-26 16:58:35.305 +0900
431,"9068","718","15",2017-09-30 18:05:00.000 +0900,,1587,2104,player_game_stats_insert,2026-05-26 16:58:35.305 +0900
432,"8539","718","19",2017-09-30 18:05:00.000 +0900,,1587,2104,player_game_stats_insert,2026-05-26 16:58:35.305 +0900
434,"9070","718","27",2017-09-30 18:05:00.000 +0900,,1587,2104,player_game_stats_insert,2026-05-26 16:58:35.305 +0900
499,"8732","718","30",2018-01-28 18:05:00.000 +0900,,1857,2104,player_game_stats_transfer,2026-05-26 16:58:42.946 +0900
494,"9090","718","55",2018-01-20 14:05:00.000 +0900,,1835,2104,player_game_stats_insert,2026-05-26 16:58:42.946 +0900
435,"8751","718","",2017-09-30 18:05:00.000 +0900,,1587,2104,player_game_stats_insert,2026-05-26 16:58:35.305 +0900
1131,"8561","712","25",2021-10-02 14:05:00.000 +0900,2023-01-14 19:15:00.000 +0900,7420,501172,player_game_stats_insert,2026-05-26 16:59:34.699 +0900
971,"19956","728","32",2020-10-03 17:05:00.000 +0900,2023-01-14 19:15:00.000 +0900,5858,501172,player_game_stats_transfer,2026-05-26 16:59:19.085 +0900
1377,"51000219","716","42",2022-11-30 19:05:00.000 +0900,,500163,500546,player_game_stats_insert,2026-05-26 16:59:52.148 +0900
1370,"20033","728","22",2022-11-19 15:05:00.000 +0900,,500121,500661,player_game_stats_transfer,2026-05-26 16:59:51.794 +0900
1400,"51000233","699","42",2023-01-08 15:05:00.000 +0900,2024-02-03 15:05:00.000 +0900,500330,501715,player_game_stats_insert,2026-05-26 16:59:56.333 +0900
359,"9056","701","30",2017-09-29 19:35:00.000 +0900,2019-01-30 19:05:00.000 +0900,1589,3309,player_game_stats_transfer,2026-05-26 16:58:35.305 +0900
221,"8463","698","34",2016-10-01 19:00:00.000 +0900,2018-10-06 14:05:00.000 +0900,28,3000,player_game_stats_insert,2026-05-26 16:51:46.578 +0900
240,"10263","700","35",2016-12-17 15:00:00.000 +0900,2017-10-29 12:35:00.000 +0900,215,1669,player_game_stats_insert,2026-05-26 16:51:52.226 +0900
229,"9329","701","16",2016-09-22 18:55:00.000 +0900,2018-10-06 14:05:00.000 +0900,1,3000,player_game_stats_insert,2026-05-26 16:51:48.914 +0900
126,"8643","695","3",2016-10-01 18:00:00.000 +0900,2018-10-06 15:05:00.000 +0900,24,2986,player_game_stats_insert,2026-05-26 16:51:46.578 +0900
218,"8465","698","22",2016-10-01 19:00:00.000 +0900,,28,3525,player_game_stats_insert,2026-05-26 16:51:46.578 +0900
117,"8508","702","9",2016-10-01 18:00:00.000 +0900,2020-01-18 19:10:00.000 +0900,20,5633,player_game_stats_insert,2026-05-26 16:51:46.578 +0900
207,"8656","701","24",2016-10-01 19:00:00.000 +0900,2020-01-18 19:10:00.000 +0900,28,5633,player_game_stats_insert,2026-05-26 16:51:46.578 +0900
219,"8461","698","23",2016-10-01 19:00:00.000 +0900,,28,2110,player_game_stats_insert,2026-05-26 16:51:46.578 +0900
1322,"22401","692","6",2022-10-01 16:05:00.000 +0900,2023-01-13 19:00:00.000 +0900,500019,501173,player_game_stats_insert,2026-05-26 16:59:49.705 +0900
285,"10818","698","24",2017-01-18 19:00:00.000 +0900,2020-10-03 17:05:00.000 +0900,264,5858,player_game_stats_insert,2026-05-26 16:52:22.529 +0900
63,"8712","694","0",2016-10-01 15:00:00.000 +0900,2019-10-05 14:05:00.000 +0900,23,4153,player_game_stats_insert,2026-05-26 16:51:46.578 +0900
411,"10849","699","3",2017-09-30 18:05:00.000 +0900,2019-10-05 14:05:00.000 +0900,1583,4153,player_game_stats_insert,2026-05-26 16:58:35.305 +0900
1155,"30403","728","19",2021-10-02 15:05:00.000 +0900,2023-01-13 19:00:00.000 +0900,7434,501173,player_game_stats_transfer,2026-05-26 16:59:34.699 +0900
1283,"15818","717","25",2022-10-01 15:05:00.000 +0900,2023-01-13 19:00:00.000 +0900,500003,501173,player_game_stats_transfer,2026-05-26 16:59:49.705 +0900
1166,"5100000015","698","99",2021-10-02 17:05:00.000 +0900,2023-01-13 19:00:00.000 +0900,7432,501173,player_game_stats_insert,2026-05-26 16:59:34.699 +0900
1416,"51000211","53000064","00",2023-01-13 19:00:00.000 +0900,,501173,501173,player_game_stats_insert,2026-05-26 16:59:56.333 +0900
1167,"32980","697","0",2021-10-02 17:05:00.000 +0900,2023-01-13 19:00:00.000 +0900,7432,501173,player_game_stats_transfer,2026-05-26 16:59:34.699 +0900
1418,"5100000082","53000064","1",2023-01-13 19:00:00.000 +0900,,501173,501173,player_game_stats_transfer,2026-05-26 16:59:56.333 +0900
1419,"51000179","53000064","3",2023-01-13 19:00:00.000 +0900,,501173,501173,player_game_stats_insert,2026-05-26 16:59:56.333 +0900
1413,"15818","53000065","25",2023-01-13 19:00:00.000 +0900,2023-10-05 19:05:00.000 +0900,501173,501311,player_game_stats_transfer,2026-05-26 16:59:56.333 +0900
1412,"5100000016","53000065","23",2023-01-13 19:00:00.000 +0900,2023-10-07 15:05:00.000 +0900,501173,501295,player_game_stats_transfer,2026-05-26 16:59:56.333 +0900
1408,"30512","53000065","10",2023-01-13 19:00:00.000 +0900,2023-10-07 15:35:00.000 +0900,501173,501301,player_game_stats_transfer,2026-05-26 16:59:56.333 +0900
1421,"51000187","53000064","7",2023-01-13 19:00:00.000 +0900,2023-10-07 16:05:00.000 +0900,501173,501305,player_game_stats_transfer,2026-05-26 16:59:56.333 +0900
362,"12515","701","",2017-09-29 19:35:00.000 +0900,,1589,4323,player_game_stats_insert,2026-05-26 16:58:35.305 +0900
1405,"22401","53000065","6",2023-01-13 19:00:00.000 +0900,2023-10-07 16:35:00.000 +0900,501173,501293,player_game_stats_transfer,2026-05-26 16:59:56.333 +0900
1420,"33036","53000064","5",2023-01-13 19:00:00.000 +0900,2023-10-07 16:35:00.000 +0900,501173,501293,player_game_stats_transfer,2026-05-26 16:59:56.333 +0900
1381,"8839","706","3",2022-12-10 17:05:00.000 +0900,2023-10-07 16:35:00.000 +0900,500199,501293,player_game_stats_transfer,2026-05-26 16:59:53.771 +0900
1406,"30438","53000065","7",2023-01-13 19:00:00.000 +0900,2023-10-07 16:35:00.000 +0900,501173,501293,player_game_stats_transfer,2026-05-26 16:59:56.333 +0900
1407,"20021","53000065","8",2023-01-13 19:00:00.000 +0900,2023-05-12 19:05:00.000 +0900,501173,501243,player_game_stats_transfer,2026-05-26 16:59:56.333 +0900
1404,"22497","53000065","4",2023-01-13 19:00:00.000 +0900,2023-05-12 19:35:00.000 +0900,501173,501240,player_game_stats_transfer,2026-05-26 16:59:56.333 +0900
1402,"14301","53000065","2",2023-01-13 19:00:00.000 +0900,2023-05-12 19:35:00.000 +0900,501173,501240,player_game_stats_transfer,2026-05-26 16:59:56.333 +0900
1410,"15811","53000065","14",2023-01-13 19:00:00.000 +0900,2023-05-13 15:05:00.000 +0900,501173,501234,player_game_stats_transfer,2026-05-26 16:59:56.333 +0900
1403,"32984","53000065","3",2023-01-13 19:00:00.000 +0900,2023-10-07 16:35:00.000 +0900,501173,501299,player_game_stats_transfer,2026-05-26 16:59:56.333 +0900
1417,"32980","53000064","0",2023-01-13 19:00:00.000 +0900,2023-10-07 18:05:00.000 +0900,501173,501297,player_game_stats_transfer,2026-05-26 16:59:56.333 +0900
1411,"30403","53000065","19",2023-01-13 19:00:00.000 +0900,2023-10-14 15:05:00.000 +0900,501173,501333,player_game_stats_transfer,2026-05-26 16:59:56.333 +0900
1414,"15815","53000065","75",2023-01-13 19:00:00.000 +0900,2024-01-13 13:15:00.000 +0900,501173,502494,player_game_stats_transfer,2026-05-26 16:59:56.333 +0900
1401,"30400","53000065","0",2023-01-13 19:00:00.000 +0900,2023-05-13 15:05:00.000 +0900,501173,501234,player_game_stats_transfer,2026-05-26 16:59:56.333 +0900
1409,"20018","53000065","11",2023-01-13 19:00:00.000 +0900,2023-05-13 16:05:00.000 +0900,501173,501237,player_game_stats_transfer,2026-05-26 16:59:56.333 +0900
1415,"5100000015","53000065","99",2023-01-13 19:00:00.000 +0900,2024-10-04 19:05:00.000 +0900,501173,502730,player_game_stats_transfer,2026-05-26 16:59:56.333 +0900
1257,"51000176","706","1",2022-10-01 14:00:00.000 +0900,,500013,501250,player_game_stats_insert,2026-05-26 16:59:49.705 +0900
107,"8724","692","9",2016-10-01 18:00:00.000 +0900,2017-09-30 14:35:00.000 +0900,20,1579,player_game_stats_insert,2026-05-26 16:51:46.578 +0900
112,"8481","692","91",2016-10-01 18:00:00.000 +0900,2017-09-30 18:05:00.000 +0900,20,1583,player_game_stats_insert,2026-05-26 16:51:46.578 +0900
237,"9494","692","41",2016-11-23 15:00:00.000 +0900,2017-12-09 17:05:00.000 +0900,145,1754,player_game_stats_insert,2026-05-26 16:51:50.418 +0900
284,"10820","726","17",2017-01-18 19:00:00.000 +0900,2017-12-30 18:05:00.000 +0900,261,1811,player_game_stats_insert,2026-05-26 16:52:22.529 +0900
1422,"51000152","53000064","10",2023-01-13 19:00:00.000 +0900,,501173,501173,player_game_stats_insert,2026-05-26 16:59:56.333 +0900
1459,"8449","835","24",2023-01-14 19:15:00.000 +0900,2025-10-04 15:05:00.000 +0900,501172,504732,player_game_stats_transfer,2026-05-26 16:59:56.333 +0900
1424,"5100000080","53000064","13",2023-01-13 19:00:00.000 +0900,,501173,501173,player_game_stats_transfer,2026-05-26 16:59:56.333 +0900
1426,"51000185","53000064","20",2023-01-13 19:00:00.000 +0900,,501173,501173,player_game_stats_insert,2026-05-26 16:59:56.333 +0900
1428,"55000510","53000063","4",2023-01-14 16:30:00.000 +0900,,501174,501174,player_game_stats_insert,2026-05-26 16:59:56.333 +0900
1429,"55000565","53000063","5",2023-01-14 16:30:00.000 +0900,,501174,501174,player_game_stats_insert,2026-05-26 16:59:56.333 +0900
1430,"55000566","53000063","6",2023-01-14 16:30:00.000 +0900,,501174,501174,player_game_stats_insert,2026-05-26 16:59:56.333 +0900
1388,"51000222","729","7",2022-12-24 15:05:00.000 +0900,2023-01-14 16:30:00.000 +0900,500273,501174,player_game_stats_insert,2026-05-26 16:59:54.477 +0900
1433,"55000569","53000063","10",2023-01-14 16:30:00.000 +0900,,501174,501174,player_game_stats_insert,2026-05-26 16:59:56.333 +0900
1435,"55000424","53000063","12",2023-01-14 16:30:00.000 +0900,,501174,501174,player_game_stats_insert,2026-05-26 16:59:56.333 +0900
1436,"55000067","53000063","13",2023-01-14 16:30:00.000 +0900,,501174,501174,player_game_stats_insert,2026-05-26 16:59:56.333 +0900
1437,"55000570","53000063","14",2023-01-14 16:30:00.000 +0900,,501174,501174,player_game_stats_insert,2026-05-26 16:59:56.333 +0900
1439,"55000572","53000062","4",2023-01-14 16:30:00.000 +0900,,501174,501174,player_game_stats_insert,2026-05-26 16:59:56.333 +0900
1385,"51000225","694","31",2022-12-24 15:05:00.000 +0900,2023-01-14 16:30:00.000 +0900,500263,501174,player_game_stats_insert,2026-05-26 16:59:54.128 +0900
1440,"51000225","53000062","5",2023-01-14 16:30:00.000 +0900,,501174,501174,player_game_stats_transfer,2026-05-26 16:59:56.333 +0900
1441,"55000574","53000062","6",2023-01-14 16:30:00.000 +0900,,501174,501174,player_game_stats_insert,2026-05-26 16:59:56.333 +0900
1444,"55000363","53000062","9",2023-01-14 16:30:00.000 +0900,,501174,501174,player_game_stats_insert,2026-05-26 16:59:56.333 +0900
1447,"55000450","53000062","12",2023-01-14 16:30:00.000 +0900,,501174,501174,player_game_stats_insert,2026-05-26 16:59:56.333 +0900
1448,"55000219","53000062","13",2023-01-14 16:30:00.000 +0900,,501174,501174,player_game_stats_insert,2026-05-26 16:59:56.333 +0900
1449,"55000308","53000062","14",2023-01-14 16:30:00.000 +0900,,501174,501174,player_game_stats_insert,2026-05-26 16:59:56.333 +0900
1450,"55000575","53000062","15",2023-01-14 16:30:00.000 +0900,,501174,501174,player_game_stats_insert,2026-05-26 16:59:56.333 +0900
109,"9369","692","15",2016-10-01 18:00:00.000 +0900,2021-03-20 19:05:00.000 +0900,20,6302,player_game_stats_insert,2026-05-26 16:51:46.578 +0900
1468,"8589","836","6",2023-01-14 19:15:00.000 +0900,2023-10-07 15:05:00.000 +0900,501172,501295,player_game_stats_transfer,2026-05-26 16:59:56.699 +0900
1471,"9489","836","16",2023-01-14 19:15:00.000 +0900,2023-10-07 15:05:00.000 +0900,501172,501295,player_game_stats_transfer,2026-05-26 16:59:56.699 +0900
1457,"8503","835","13",2023-01-14 19:15:00.000 +0900,2023-10-07 16:05:00.000 +0900,501172,501307,player_game_stats_transfer,2026-05-26 16:59:56.333 +0900
1423,"5100000041","53000064","12",2023-01-13 19:00:00.000 +0900,2023-10-07 16:35:00.000 +0900,501173,501291,player_game_stats_transfer,2026-05-26 16:59:56.333 +0900
1473,"15829","836","23",2023-01-14 19:15:00.000 +0900,2023-10-07 16:35:00.000 +0900,501172,501291,player_game_stats_transfer,2026-05-26 16:59:56.699 +0900
1464,"8587","836","0",2023-01-14 19:15:00.000 +0900,2023-10-07 16:35:00.000 +0900,501172,501293,player_game_stats_transfer,2026-05-26 16:59:56.699 +0900
108,"8480","692","14",2016-10-01 18:00:00.000 +0900,,20,533,player_game_stats_insert,2026-05-26 16:51:46.578 +0900
1427,"5100000069","53000064","22",2023-01-13 19:00:00.000 +0900,2023-10-07 16:35:00.000 +0900,501173,501303,player_game_stats_transfer,2026-05-26 16:59:56.333 +0900
111,"8725","692","33",2016-10-01 18:00:00.000 +0900,,20,533,player_game_stats_insert,2026-05-26 16:51:46.578 +0900
1432,"51000222","53000063","8",2023-01-14 16:30:00.000 +0900,2023-10-07 16:35:00.000 +0900,501174,501303,player_game_stats_transfer,2026-05-26 16:59:56.333 +0900
293,"10875","692","44",2017-02-17 19:10:00.000 +0900,,321,533,player_game_stats_insert,2026-05-26 16:52:24.256 +0900
1462,"12633","835","34",2023-01-14 19:15:00.000 +0900,2023-10-07 16:35:00.000 +0900,501172,501303,player_game_stats_transfer,2026-05-26 16:59:56.699 +0900
113,"8745","692","",2016-10-01 18:00:00.000 +0900,,20,533,player_game_stats_insert,2026-05-26 16:51:46.578 +0900
1454,"8447","835","9",2023-01-14 19:15:00.000 +0900,2023-10-07 16:35:00.000 +0900,501172,501303,player_game_stats_transfer,2026-05-26 16:59:56.333 +0900
1470,"8592","836","14",2023-01-14 19:15:00.000 +0900,2023-10-07 18:05:00.000 +0900,501172,501297,player_game_stats_transfer,2026-05-26 16:59:56.699 +0900
1460,"8561","835","25",2023-01-14 19:15:00.000 +0900,2023-10-21 17:05:00.000 +0900,501172,501341,player_game_stats_transfer,2026-05-26 16:59:56.699 +0900
1442,"55000203","53000062","7",2023-01-14 16:30:00.000 +0900,2023-12-30 14:05:00.000 +0900,501174,501579,player_game_stats_insert,2026-05-26 16:59:56.333 +0900
1443,"51000202","53000062","8",2023-01-14 16:30:00.000 +0900,2023-12-30 14:05:00.000 +0900,501174,501579,player_game_stats_transfer,2026-05-26 16:59:56.333 +0900
1434,"55000076","53000063","11",2023-01-14 16:30:00.000 +0900,2024-01-14 11:45:00.000 +0900,501174,502495,player_game_stats_insert,2026-05-26 16:59:56.333 +0900
1438,"55000571","53000063","15",2023-01-14 16:30:00.000 +0900,2024-01-14 11:45:00.000 +0900,501174,502495,player_game_stats_insert,2026-05-26 16:59:56.333 +0900
1446,"55000162","53000062","11",2023-01-14 16:30:00.000 +0900,2024-01-14 11:45:00.000 +0900,501174,502495,player_game_stats_insert,2026-05-26 16:59:56.333 +0900
1431,"55000567","53000063","7",2023-01-14 16:30:00.000 +0900,2024-01-14 11:45:00.000 +0900,501174,502495,player_game_stats_insert,2026-05-26 16:59:56.333 +0900
1445,"55000576","53000062","10",2023-01-14 16:30:00.000 +0900,2024-01-14 11:45:00.000 +0900,501174,502495,player_game_stats_insert,2026-05-26 16:59:56.333 +0900
1425,"5100000062","53000064","15",2023-01-13 19:00:00.000 +0900,2024-10-05 16:30:00.000 +0900,501173,502710,player_game_stats_transfer,2026-05-26 16:59:56.333 +0900
242,"10297","702","33",2016-12-30 19:00:00.000 +0900,2017-09-30 15:05:00.000 +0900,244,1581,player_game_stats_insert,2026-05-26 16:51:52.608 +0900
289,"10822","703","46",2017-01-29 14:10:00.000 +0900,2018-10-06 16:05:00.000 +0900,297,2998,player_game_stats_insert,2026-05-26 16:52:22.852 +0900
199,"8694","700","",2016-10-01 18:00:00.000 +0900,,27,2102,player_game_stats_insert,2026-05-26 16:51:46.578 +0900
333,"8457","728","8",2017-09-29 19:05:00.000 +0900,2019-10-05 17:05:00.000 +0900,1573,4163,player_game_stats_transfer,2026-05-26 16:58:35.305 +0900
1475,"12631","836","40",2023-01-14 19:15:00.000 +0900,2023-10-07 16:05:00.000 +0900,501172,501305,player_game_stats_transfer,2026-05-26 16:59:56.699 +0900
1476,"8500","836","51",2023-01-14 19:15:00.000 +0900,2023-10-07 16:35:00.000 +0900,501172,501291,player_game_stats_transfer,2026-05-26 16:59:56.699 +0900
1479,"5100000034","713","0",2023-01-18 19:05:00.000 +0900,2024-01-20 14:05:00.000 +0900,500351,501657,player_game_stats_transfer,2026-05-26 16:59:56.699 +0900
1474,"19956","836","32",2023-01-14 19:15:00.000 +0900,2024-02-03 15:05:00.000 +0900,501172,501713,player_game_stats_transfer,2026-05-26 16:59:56.699 +0900
1271,"30463","712","88",2022-10-01 15:05:00.000 +0900,2025-10-04 15:05:00.000 +0900,500003,504730,player_game_stats_transfer,2026-05-26 16:59:49.705 +0900
380,"9264","720","11",2017-09-30 14:35:00.000 +0900,2019-10-05 16:05:00.000 +0900,1579,4165,player_game_stats_insert,2026-05-26 16:58:35.305 +0900
1387,"51000165","697","9",2022-12-24 15:05:00.000 +0900,,500269,500712,player_game_stats_transfer,2026-05-26 16:59:54.128 +0900
1386,"51000226","720","9",2022-12-24 15:05:00.000 +0900,2023-03-08 19:05:00.000 +0900,500267,500465,player_game_stats_insert,2026-05-26 16:59:54.128 +0900
1484,"10256","716","2",2023-01-21 14:05:00.000 +0900,,500377,500669,player_game_stats_transfer,2026-05-26 16:59:56.699 +0900
1308,"51000175","729","5",2022-10-01 15:05:00.000 +0900,,500018,501241,player_game_stats_insert,2026-05-26 16:59:49.705 +0900
1398,"51000217","717","16",2023-01-07 15:05:00.000 +0900,,500325,502000,player_game_stats_insert,2026-05-26 16:59:56.333 +0900
1478,"15817","692","14",2023-01-18 19:05:00.000 +0900,2025-10-04 14:05:00.000 +0900,500350,504748,player_game_stats_transfer,2026-05-26 16:59:56.699 +0900
1331,"8481","692","91",2022-10-01 16:05:00.000 +0900,,500019,503413,player_game_stats_transfer,2026-05-26 16:59:49.705 +0900
1399,"51000234","702","15",2023-01-07 17:05:00.000 +0900,,500331,505483,player_game_stats_insert,2026-05-26 16:59:56.333 +0900
1330,"51000144","692","45",2022-10-01 16:05:00.000 +0900,,500019,505491,player_game_stats_insert,2026-05-26 16:59:49.705 +0900
1488,"36416","696","23",2023-01-28 17:35:00.000 +0900,,500397,501746,player_game_stats_transfer,2026-05-26 16:59:57.033 +0900
10,"8760","693","23",2016-10-01 14:00:00.000 +0900,,21,361,player_game_stats_insert,2026-05-26 16:51:46.578 +0900
1382,"36416","699","23",2022-12-10 17:05:00.000 +0900,2023-01-28 17:35:00.000 +0900,500199,500397,player_game_stats_transfer,2026-05-26 16:59:53.771 +0900
1487,"51000243","696","10",2023-01-28 17:35:00.000 +0900,,500397,501506,player_game_stats_insert,2026-05-26 16:59:57.033 +0900
1323,"10263","692","7",2022-10-01 16:05:00.000 +0900,,500019,501994,player_game_stats_transfer,2026-05-26 16:59:49.705 +0900
1286,"51000191","698","1",2022-10-01 15:05:00.000 +0900,,500005,500716,player_game_stats_insert,2026-05-26 16:59:49.705 +0900
1325,"8840","692","12",2022-10-01 16:05:00.000 +0900,,500019,500698,player_game_stats_transfer,2026-05-26 16:59:49.705 +0900
1379,"30436","713","2",2022-12-03 17:05:00.000 +0900,2024-10-05 16:30:00.000 +0900,500171,502710,player_game_stats_transfer,2026-05-26 16:59:53.771 +0900
1327,"9383","692","24",2022-10-01 16:05:00.000 +0900,,500019,500698,player_game_stats_transfer,2026-05-26 16:59:49.705 +0900
1477,"39621","692","11",2023-01-18 19:05:00.000 +0900,,500350,500434,player_game_stats_insert,2026-05-26 16:59:56.699 +0900
381,"8683","720","18",2017-09-30 14:35:00.000 +0900,2022-10-01 15:05:00.000 +0900,1579,500003,player_game_stats_transfer,2026-05-26 16:58:35.305 +0900
378,"8724","720","9",2017-09-30 14:35:00.000 +0900,,1579,2112,player_game_stats_transfer,2026-05-26 16:58:35.305 +0900
510,"15848","720","12",2018-03-03 18:35:00.000 +0900,,1929,2112,player_game_stats_insert,2026-05-26 16:58:46.645 +0900
503,"9266","720","30",2018-02-10 18:05:00.000 +0900,,1883,2112,player_game_stats_transfer,2026-05-26 16:58:44.875 +0900
349,"12640","694","34",2017-09-29 19:05:00.000 +0900,,1577,2112,player_game_stats_insert,2026-05-26 16:58:35.305 +0900
420,"10896","697","6",2017-09-30 18:05:00.000 +0900,,1583,2104,player_game_stats_transfer,2026-05-26 16:58:35.305 +0900
456,"9494","697","32",2017-12-09 17:05:00.000 +0900,,1754,2104,player_game_stats_transfer,2026-05-26 16:58:40.771 +0900
163,"9354","697","2",2016-10-01 18:00:00.000 +0900,2019-12-11 19:05:00.000 +0900,25,4318,player_game_stats_insert,2026-05-26 16:51:46.578 +0900
149,"8663","696","7",2016-10-01 18:00:00.000 +0900,,25,2110,player_game_stats_insert,2026-05-26 16:51:46.578 +0900
508,"9041","696","13",2018-03-03 18:05:00.000 +0900,,1923,2110,player_game_stats_transfer,2026-05-26 16:58:46.645 +0900
159,"8502","696","34",2016-10-01 18:00:00.000 +0900,,25,2110,player_game_stats_insert,2026-05-26 16:51:46.578 +0900
348,"12454","694","21",2017-09-29 19:05:00.000 +0900,2020-01-18 19:10:00.000 +0900,1577,5633,player_game_stats_insert,2026-05-26 16:58:35.305 +0900
386,"9276","720","",2017-09-30 14:35:00.000 +0900,,1579,4573,player_game_stats_insert,2026-05-26 16:58:35.305 +0900
392,"12517","696","",2017-09-30 15:05:00.000 +0900,,1581,2110,player_game_stats_insert,2026-05-26 16:58:35.305 +0900
233,"9489","698","7",2016-11-18 19:00:00.000 +0900,2018-10-06 14:05:00.000 +0900,127,2988,player_game_stats_insert,2026-05-26 16:51:50.418 +0900
376,"8836","720","5",2017-09-30 14:35:00.000 +0900,2020-10-03 14:05:00.000 +0900,1579,5862,player_game_stats_insert,2026-05-26 16:58:35.305 +0900
496,"15818","696","25",2018-01-20 18:05:00.000 +0900,2020-10-03 15:05:00.000 +0900,1831,5866,player_game_stats_insert,2026-05-26 16:58:42.946 +0900
375,"8839","720","1",2017-09-30 14:35:00.000 +0900,2020-10-03 15:05:00.000 +0900,1579,5872,player_game_stats_insert,2026-05-26 16:58:35.305 +0900
298,"10873","696","81",2017-02-18 18:00:00.000 +0900,2018-10-06 18:05:00.000 +0900,328,2994,player_game_stats_insert,2026-05-26 16:52:24.256 +0900
379,"9328","720","10",2017-09-30 14:35:00.000 +0900,2018-10-06 18:05:00.000 +0900,1579,3002,player_game_stats_transfer,2026-05-26 16:58:35.305 +0900
389,"10885","696","15",2017-09-30 15:05:00.000 +0900,2018-10-06 18:05:00.000 +0900,1581,3002,player_game_stats_insert,2026-05-26 16:58:35.305 +0900
241,"10265","696","45",2016-12-17 16:00:00.000 +0900,2018-10-06 18:05:00.000 +0900,208,3002,player_game_stats_insert,2026-05-26 16:51:52.608 +0900
374,"8475","720","0",2017-09-30 14:35:00.000 +0900,2020-10-03 18:05:00.000 +0900,1579,5860,player_game_stats_transfer,2026-05-26 16:58:35.305 +0900
511,"15845","702","12",2018-03-05 19:05:00.000 +0900,,1915,2096,player_game_stats_insert,2026-05-26 16:58:46.645 +0900
1369,"5100000063","699","34",2022-11-19 15:05:00.000 +0900,,500109,500716,player_game_stats_transfer,2026-05-26 16:59:51.794 +0900
383,"9283","720","22",2017-09-30 14:35:00.000 +0900,2019-10-05 14:05:00.000 +0900,1579,4153,player_game_stats_insert,2026-05-26 16:58:35.305 +0900
422,"9058","697","44",2017-09-30 18:05:00.000 +0900,2019-03-23 14:05:00.000 +0900,1583,3419,player_game_stats_transfer,2026-05-26 16:58:35.305 +0900
1480,"51000241","728","10",2023-01-18 19:05:00.000 +0900,,500354,500644,player_game_stats_insert,2026-05-26 16:59:56.699 +0900
1490,"51000235","712","7",2023-02-04 15:05:00.000 +0900,,500411,503407,player_game_stats_insert,2026-05-26 16:59:58.350 +0900
453,"8499","703","24",2017-12-02 15:05:00.000 +0900,2018-10-06 18:05:00.000 +0900,1726,3002,player_game_stats_transfer,2026-05-26 16:58:40.771 +0900
527,"8726","703","10",2018-05-13 14:05:00.000 +0900,2020-01-18 19:10:00.000 +0900,2683,5633,player_game_stats_transfer,2026-05-26 16:58:50.581 +0900
316,"8649","703","32",2017-05-13 16:05:00.000 +0900,2018-10-06 18:05:00.000 +0900,1322,3002,player_game_stats_transfer,2026-05-26 16:52:30.281 +0900
528,"12661","703","",2018-05-13 14:05:00.000 +0900,,2683,4556,player_game_stats_transfer,2026-05-26 16:58:50.581 +0900
1491,"51000232","699","16",2023-02-04 15:05:00.000 +0900,2023-12-31 14:05:00.000 +0900,500411,501586,player_game_stats_insert,2026-05-26 16:59:58.350 +0900
526,"8650","703","0",2018-05-13 14:05:00.000 +0900,2019-01-19 19:10:00.000 +0900,2683,4110,player_game_stats_transfer,2026-05-26 16:58:50.581 +0900
90,"8835","703","4",2016-10-01 16:00:00.000 +0900,2019-01-19 19:10:00.000 +0900,22,4110,player_game_stats_insert,2026-05-26 16:51:46.578 +0900
47,"9382","729","33",2016-10-01 14:10:00.000 +0900,2021-10-23 15:35:00.000 +0900,26,7506,player_game_stats_insert,2026-05-26 16:51:46.578 +0900
1299,"51000188","697","5",2022-10-01 15:05:00.000 +0900,2025-12-13 14:05:00.000 +0900,500015,505015,player_game_stats_insert,2026-05-26 16:59:49.705 +0900
1302,"20037","697","24",2022-10-01 15:05:00.000 +0900,,500015,505497,player_game_stats_transfer,2026-05-26 16:59:49.705 +0900
462,"15805","727","17",2017-12-30 18:05:00.000 +0900,,1811,2690,player_game_stats_insert,2026-05-26 16:58:41.489 +0900
1298,"51000157","697","4",2022-10-01 15:05:00.000 +0900,,500015,500712,player_game_stats_insert,2026-05-26 16:59:49.705 +0900
25,"8587","728","0",2016-10-01 14:10:00.000 +0900,2018-10-06 14:05:00.000 +0900,26,2988,player_game_stats_insert,2026-05-26 16:51:46.578 +0900
509,"15847","728","44",2018-03-03 18:05:00.000 +0900,,1925,2695,player_game_stats_insert,2026-05-26 16:58:46.645 +0900
339,"8588","729","3",2017-09-29 19:05:00.000 +0900,2018-10-06 14:05:00.000 +0900,1575,3000,player_game_stats_transfer,2026-05-26 16:58:35.305 +0900
1393,"51000124","706","12",2022-12-28 19:05:00.000 +0900,2025-01-04 13:35:00.000 +0900,500279,503036,player_game_stats_insert,2026-05-26 16:59:54.477 +0900
1255,"51000174","716","30",2022-10-01 14:00:00.000 +0900,,500013,501996,player_game_stats_insert,2026-05-26 16:59:49.705 +0900
525,"8589","728","6",2018-05-13 14:05:00.000 +0900,2019-01-16 19:05:00.000 +0900,2683,3266,player_game_stats_transfer,2026-05-26 16:58:50.581 +0900
1303,"30519","697","29",2022-10-01 15:05:00.000 +0900,2024-10-03 19:05:00.000 +0900,500015,502714,player_game_stats_transfer,2026-05-26 16:59:49.705 +0900
329,"8657","703","31",2017-09-29 19:05:00.000 +0900,2024-10-05 15:05:00.000 +0900,1573,502718,player_game_stats_transfer,2026-05-26 16:58:35.305 +0900
1397,"51000236","698","34",2023-01-07 14:05:00.000 +0900,2024-10-05 18:05:00.000 +0900,500327,502732,player_game_stats_insert,2026-05-26 16:59:56.333 +0900
1175,"8658","697","32",2021-10-02 17:05:00.000 +0900,2024-01-14 15:15:00.000 +0900,7432,502496,player_game_stats_transfer,2026-05-26 16:59:34.699 +0900
56,"8488","727","15",2016-10-01 15:00:00.000 +0900,2019-10-05 17:05:00.000 +0900,23,4163,player_game_stats_insert,2026-05-26 16:51:46.578 +0900
1395,"30396","721","34",2023-01-01 15:05:00.000 +0900,,500291,505505,player_game_stats_insert,2026-05-26 16:59:56.333 +0900
1492,"51000228","703","7",2023-02-05 13:05:00.000 +0900,,500420,506083,player_game_stats_insert,2026-05-26 16:59:58.350 +0900
1481,"51000240","695","60",2023-01-18 19:05:00.000 +0900,2026-02-14 15:05:00.000 +0900,500355,505213,player_game_stats_insert,2026-05-26 16:59:56.699 +0900
87,"8586","704","44",2016-10-01 16:00:00.000 +0900,,22,2700,player_game_stats_insert,2026-05-26 16:51:46.578 +0900
1367,"18396","698","13",2022-11-19 14:05:00.000 +0900,,500131,500442,player_game_stats_transfer,2026-05-26 16:59:51.794 +0900
1483,"39812","706","23",2023-01-21 14:00:00.000 +0900,,500383,500454,player_game_stats_insert,2026-05-26 16:59:56.699 +0900
1493,"9332","696","11",2023-02-11 14:05:00.000 +0900,,500443,500444,player_game_stats_insert,2026-05-26 16:59:58.350 +0900
1389,"40156","695","7",2022-12-24 15:05:00.000 +0900,,500273,500436,player_game_stats_insert,2026-05-26 16:59:54.477 +0900
82,"8582","704","25",2016-10-01 16:00:00.000 +0900,2018-10-06 14:05:00.000 +0900,22,3000,player_game_stats_insert,2026-05-26 16:51:46.578 +0900
1391,"5100000035","692","21",2022-12-28 19:05:00.000 +0900,2024-10-03 19:05:00.000 +0900,500277,502714,player_game_stats_transfer,2026-05-26 16:59:54.477 +0900
131,"8473","695","16",2016-10-01 18:00:00.000 +0900,,24,535,player_game_stats_insert,2026-05-26 16:51:46.578 +0900
1482,"32951","695","77",2023-01-18 19:05:00.000 +0900,,500355,500710,player_game_stats_insert,2026-05-26 16:59:56.699 +0900
238,"9495","697","7",2016-11-23 18:00:00.000 +0900,2018-11-17 14:05:00.000 +0900,150,3133,player_game_stats_insert,2026-05-26 16:51:50.759 +0900
85,"9057","704","33",2016-10-01 16:00:00.000 +0900,2017-12-01 19:05:00.000 +0900,22,1742,player_game_stats_insert,2026-05-26 16:51:46.578 +0900
301,"10898","692","21",2017-03-03 19:10:00.000 +0900,,364,533,player_game_stats_insert,2026-05-26 16:52:25.993 +0900
296,"9381","702","13",2017-02-17 19:10:00.000 +0900,,322,532,player_game_stats_transfer,2026-05-26 16:52:24.256 +0900
73,"8711","694","33",2016-10-01 15:00:00.000 +0900,,23,482,player_game_stats_insert,2026-05-26 16:51:46.578 +0900
1282,"5100000056","717","22",2022-10-01 15:05:00.000 +0900,,500003,505250,player_game_stats_insert,2026-05-26 16:59:49.705 +0900
457,"10897","704","8",2017-12-09 18:05:00.000 +0900,2018-10-06 18:05:00.000 +0900,1748,2994,player_game_stats_transfer,2026-05-26 16:58:40.771 +0900
1502,"51000264","729","15",2023-03-15 19:35:00.000 +0900,,500480,506095,player_game_stats_insert,2026-05-26 17:00:00.028 +0900
44,"8739","729","18",2016-10-01 14:10:00.000 +0900,,26,503421,player_game_stats_insert,2026-05-26 16:51:46.578 +0900
1501,"55000079","701","12",2023-03-15 19:35:00.000 +0900,,500480,500480,player_game_stats_insert,2026-05-26 17:00:00.028 +0900
1275,"51000118","717","7",2022-10-01 15:05:00.000 +0900,2024-10-23 19:05:00.000 +0900,500003,502788,player_game_stats_insert,2026-05-26 16:59:49.705 +0900
1498,"51000260","701","33",2023-03-08 19:35:00.000 +0900,,500468,501618,player_game_stats_insert,2026-05-26 17:00:00.028 +0900
1378,"40153","697","41",2022-12-03 15:05:00.000 +0900,,500181,500711,player_game_stats_insert,2026-05-26 16:59:53.771 +0900
630,"18459","694","12",2018-10-07 13:05:00.000 +0900,,2995,3146,player_game_stats_insert,2026-05-26 16:58:52.302 +0900
1496,"51000261","695","11",2023-03-08 19:05:00.000 +0900,,500462,500710,player_game_stats_insert,2026-05-26 17:00:00.028 +0900
1500,"8721","695","1",2023-03-15 19:05:00.000 +0900,,500474,500527,player_game_stats_transfer,2026-05-26 17:00:00.028 +0900
1293,"51000110","700","5",2022-10-01 15:05:00.000 +0900,,500007,500718,player_game_stats_transfer,2026-05-26 16:59:49.705 +0900
1274,"9418","717","3",2022-10-01 15:05:00.000 +0900,2024-10-05 16:40:00.000 +0900,500003,502728,player_game_stats_transfer,2026-05-26 16:59:49.705 +0900
619,"10885","753","15",2018-10-06 18:05:00.000 +0900,2025-10-03 19:05:00.000 +0900,3002,504734,player_game_stats_transfer,2026-05-26 16:58:52.302 +0900
589,"18166","729","2",2018-10-06 16:05:00.000 +0900,2019-10-06 15:05:00.000 +0900,2998,4151,player_game_stats_insert,2026-05-26 16:58:52.302 +0900
570,"8581","695","22",2018-10-06 14:05:00.000 +0900,2021-10-01 19:25:00.000 +0900,3000,7422,player_game_stats_transfer,2026-05-26 16:58:52.302 +0900
571,"9040","695","54",2018-10-06 14:05:00.000 +0900,2019-01-19 19:10:00.000 +0900,3000,4110,player_game_stats_transfer,2026-05-26 16:58:52.302 +0900
569,"9329","695","16",2018-10-06 14:05:00.000 +0900,2019-10-05 16:05:00.000 +0900,3000,4157,player_game_stats_transfer,2026-05-26 16:58:52.302 +0900
566,"8641","695","2",2018-10-06 14:05:00.000 +0900,2019-10-05 18:05:00.000 +0900,3000,4161,player_game_stats_insert,2026-05-26 16:58:52.302 +0900
567,"8588","695","3",2018-10-06 14:05:00.000 +0900,2020-10-03 17:05:00.000 +0900,3000,5858,player_game_stats_transfer,2026-05-26 16:58:52.302 +0900
568,"15757","695","14",2018-10-06 14:05:00.000 +0900,,3000,6053,player_game_stats_insert,2026-05-26 16:58:52.302 +0900
536,"8542","693","8",2018-10-06 14:05:00.000 +0900,,2988,3509,player_game_stats_insert,2026-05-26 16:58:52.302 +0900
1,"8466","693","2",2016-10-01 14:00:00.000 +0900,,21,534,player_game_stats_insert,2026-05-26 16:51:46.578 +0900
1288,"10820","698","9",2022-10-01 15:05:00.000 +0900,2023-10-07 16:05:00.000 +0900,500005,501305,player_game_stats_transfer,2026-05-26 16:59:49.705 +0900
632,"9345","693","28",2018-10-12 19:05:00.000 +0900,2020-10-03 17:05:00.000 +0900,3013,5868,player_game_stats_insert,2026-05-26 16:58:52.302 +0900
622,"10265","753","34",2018-10-06 18:05:00.000 +0900,,3002,3407,player_game_stats_transfer,2026-05-26 16:58:52.302 +0900
28,"8591","728","5",2016-10-01 14:10:00.000 +0900,2020-01-22 19:05:00.000 +0900,26,4416,player_game_stats_insert,2026-05-26 16:51:46.578 +0900
65,"8719","694","2",2016-10-01 15:00:00.000 +0900,,23,3515,player_game_stats_insert,2026-05-26 16:51:46.578 +0900
290,"10851","695","18",2017-02-04 13:00:00.000 +0900,2020-10-03 18:05:00.000 +0900,307,5860,player_game_stats_insert,2026-05-26 16:52:24.256 +0900
342,"10817","729","34",2017-09-29 19:05:00.000 +0900,2019-11-08 19:15:00.000 +0900,1575,4269,player_game_stats_transfer,2026-05-26 16:58:35.305 +0900
306,"10877","703","31",2017-03-26 14:00:00.000 +0900,,415,1323,player_game_stats_insert,2026-05-26 16:52:26.294 +0900
617,"12634","753","11",2018-10-06 18:05:00.000 +0900,2021-10-09 17:05:00.000 +0900,3002,7458,player_game_stats_insert,2026-05-26 16:58:52.302 +0900
75,"9335","694","",2016-10-01 15:00:00.000 +0900,,23,418,player_game_stats_insert,2026-05-26 16:51:46.578 +0900
580,"9062","700","25",2018-10-06 15:05:00.000 +0900,2020-01-22 19:05:00.000 +0900,2986,4416,player_game_stats_transfer,2026-05-26 16:58:52.302 +0900
564,"9039","698","35",2018-10-06 14:05:00.000 +0900,,3000,6451,player_game_stats_transfer,2026-05-26 16:58:52.302 +0900
635,"18441","704","7",2018-10-13 17:05:00.000 +0900,2021-10-01 19:25:00.000 +0900,3006,7422,player_game_stats_insert,2026-05-26 16:58:52.302 +0900
231,"9464","702","42",2016-11-05 15:00:00.000 +0900,,110,520,player_game_stats_insert,2026-05-26 16:51:50.418 +0900
1290,"8463","698","32",2022-10-01 15:05:00.000 +0900,2023-10-05 19:05:00.000 +0900,500005,501311,player_game_stats_transfer,2026-05-26 16:59:49.705 +0900
603,"12633","696","34",2018-10-06 18:05:00.000 +0900,2023-01-14 19:15:00.000 +0900,2994,501172,player_game_stats_transfer,2026-05-26 16:58:52.302 +0900
562,"18431","698","31",2018-10-06 14:05:00.000 +0900,,3000,3503,player_game_stats_insert,2026-05-26 16:58:52.302 +0900
560,"18171","698","10",2018-10-06 14:05:00.000 +0900,,3000,3487,player_game_stats_insert,2026-05-26 16:58:52.302 +0900
559,"9030","698","8",2018-10-06 14:05:00.000 +0900,,3000,3525,player_game_stats_transfer,2026-05-26 16:58:52.302 +0900
565,"8569","698","45",2018-10-06 14:05:00.000 +0900,,3000,3525,player_game_stats_transfer,2026-05-26 16:58:52.302 +0900
604,"18147","696","",2018-10-06 18:05:00.000 +0900,,2994,4565,player_game_stats_insert,2026-05-26 16:58:52.302 +0900
602,"9318","696","31",2018-10-06 18:05:00.000 +0900,,2994,4133,player_game_stats_insert,2026-05-26 16:58:52.302 +0900
563,"8463","698","32",2018-10-06 14:05:00.000 +0900,2020-10-03 15:05:00.000 +0900,3000,5866,player_game_stats_transfer,2026-05-26 16:58:52.302 +0900
561,"8582","698","25",2018-10-06 14:05:00.000 +0900,2020-10-03 15:05:00.000 +0900,3000,5872,player_game_stats_transfer,2026-05-26 16:58:52.302 +0900
637,"18444","697","23",2018-10-13 17:05:00.000 +0900,2018-11-07 19:05:00.000 +0900,3006,3101,player_game_stats_insert,2026-05-26 16:58:52.302 +0900
157,"8731","696","31",2016-10-01 18:00:00.000 +0900,2017-09-30 14:35:00.000 +0900,25,1579,player_game_stats_insert,2026-05-26 16:51:46.578 +0900
593,"18430","728","33",2018-10-06 16:05:00.000 +0900,2022-12-14 19:25:00.000 +0900,2998,500219,player_game_stats_insert,2026-05-26 16:58:52.302 +0900
1503,"42539","693","20",2023-03-25 15:05:00.000 +0900,,500519,503409,player_game_stats_insert,2026-05-26 17:00:00.392 +0900
609,"18169","694","36",2018-10-06 18:05:00.000 +0900,,2994,3026,player_game_stats_insert,2026-05-26 16:58:52.302 +0900
1265,"51000148","693","7",2022-10-01 14:05:00.000 +0900,2023-10-07 16:35:00.000 +0900,500001,501299,player_game_stats_insert,2026-05-26 16:59:49.705 +0900
1264,"51000209","693","00",2022-10-01 14:05:00.000 +0900,2024-11-02 17:05:00.000 +0900,500001,502840,player_game_stats_insert,2026-05-26 16:59:49.705 +0900
1258,"8736","706","2",2022-10-01 14:00:00.000 +0900,2024-03-02 15:05:00.000 +0900,500013,501777,player_game_stats_transfer,2026-05-26 16:59:49.705 +0900
308,"10896","694","6",2017-04-02 14:00:00.000 +0900,2017-09-30 18:05:00.000 +0900,435,1583,player_game_stats_insert,2026-05-26 16:52:28.188 +0900
294,"10874","698","9",2017-02-17 19:10:00.000 +0900,,321,438,player_game_stats_insert,2026-05-26 16:52:24.256 +0900
91,"8497","703","9",2016-10-01 16:00:00.000 +0900,2025-01-19 15:00:00.000 +0900,22,503882,player_game_stats_insert,2026-05-26 16:51:46.578 +0900
164,"8564","697","3",2016-10-01 18:00:00.000 +0900,,25,2104,player_game_stats_insert,2026-05-26 16:51:46.578 +0900
162,"8563","697","1",2016-10-01 18:00:00.000 +0900,,25,1908,player_game_stats_insert,2026-05-26 16:51:46.578 +0900
171,"8569","697","45",2016-10-01 18:00:00.000 +0900,2018-10-06 14:05:00.000 +0900,25,3000,player_game_stats_insert,2026-05-26 16:51:46.578 +0900
165,"9355","697","5",2016-10-01 18:00:00.000 +0900,,25,1320,player_game_stats_insert,2026-05-26 16:51:46.578 +0900
167,"8566","697","9",2016-10-01 18:00:00.000 +0900,,25,1320,player_game_stats_insert,2026-05-26 16:51:46.578 +0900
172,"8570","697","47",2016-10-01 18:00:00.000 +0900,,25,1320,player_game_stats_insert,2026-05-26 16:51:46.578 +0900
191,"8701","700","14",2016-10-01 18:00:00.000 +0900,,27,503067,player_game_stats_insert,2026-05-26 16:51:46.578 +0900
1317,"26876","699","13",2022-10-01 16:05:00.000 +0900,,500019,502004,player_game_stats_insert,2026-05-26 16:59:49.705 +0900
624,"8753","753","",2018-10-06 18:05:00.000 +0900,,3002,3032,player_game_stats_insert,2026-05-26 16:58:52.302 +0900
1499,"51000259","721","11",2023-03-08 19:35:00.000 +0900,2023-12-30 15:05:00.000 +0900,500468,501591,player_game_stats_insert,2026-05-26 17:00:00.028 +0900
1319,"51000169","699","31",2022-10-01 16:05:00.000 +0900,,500019,502004,player_game_stats_insert,2026-05-26 16:59:49.705 +0900
1313,"10852","699","3",2022-10-01 16:05:00.000 +0900,2025-10-04 18:05:00.000 +0900,500019,504738,player_game_stats_transfer,2026-05-26 16:59:49.705 +0900
1270,"15816","712","33",2022-10-01 15:05:00.000 +0900,,500003,500718,player_game_stats_transfer,2026-05-26 16:59:49.705 +0900
1312,"5100000083","699","1",2022-10-01 16:05:00.000 +0900,2023-10-07 16:05:00.000 +0900,500019,501305,player_game_stats_transfer,2026-05-26 16:59:49.705 +0900
1384,"5100000036","703","12",2022-12-17 16:05:00.000 +0900,,500240,506083,player_game_stats_transfer,2026-05-26 16:59:54.128 +0900
531,"8653","704","8",2018-10-04 19:05:00.000 +0900,2022-11-27 15:05:00.000 +0900,2990,500150,player_game_stats_transfer,2026-05-26 16:58:52.302 +0900
1316,"10871","699","9",2022-10-01 16:05:00.000 +0900,,500019,500716,player_game_stats_transfer,2026-05-26 16:59:49.705 +0900
1497,"51000226","699","77",2023-03-08 19:05:00.000 +0900,,500465,500716,player_game_stats_transfer,2026-05-26 17:00:00.028 +0900
1489,"33042","698","18",2023-02-04 14:05:00.000 +0900,,500425,500716,player_game_stats_insert,2026-05-26 16:59:58.350 +0900
1494,"51000262","702","13",2023-03-08 19:05:00.000 +0900,,500457,500700,player_game_stats_insert,2026-05-26 17:00:00.028 +0900
1148,"9033","700","15",2021-10-02 15:05:00.000 +0900,2024-01-14 15:15:00.000 +0900,7434,502496,player_game_stats_transfer,2026-05-26 16:59:34.699 +0900
1495,"5100000077","696","22",2023-03-08 19:05:00.000 +0900,,500461,502000,player_game_stats_insert,2026-05-26 17:00:00.028 +0900
1160,"10894","698","14",2021-10-02 17:05:00.000 +0900,2024-10-05 18:05:00.000 +0900,7432,502720,player_game_stats_transfer,2026-05-26 16:59:34.699 +0900
1309,"10821","728","1",2022-10-01 15:05:00.000 +0900,2025-10-04 15:05:00.000 +0900,500018,504730,player_game_stats_transfer,2026-05-26 16:59:49.705 +0900
1152,"8712","728","4",2021-10-02 15:05:00.000 +0900,,7434,500712,player_game_stats_transfer,2026-05-26 16:59:34.699 +0900
1469,"33094","836","7",2023-01-14 19:15:00.000 +0900,2023-05-12 19:05:00.000 +0900,501172,501243,player_game_stats_transfer,2026-05-26 16:59:56.699 +0900
1455,"26921","835","11",2023-01-14 19:15:00.000 +0900,2023-05-12 19:05:00.000 +0900,501172,501243,player_game_stats_transfer,2026-05-26 16:59:56.333 +0900
1458,"8649","835","22",2023-01-14 19:15:00.000 +0900,2023-05-12 19:05:00.000 +0900,501172,501243,player_game_stats_transfer,2026-05-26 16:59:56.333 +0900
1461,"14302","835","30",2023-01-14 19:15:00.000 +0900,2023-05-12 19:35:00.000 +0900,501172,501240,player_game_stats_transfer,2026-05-26 16:59:56.699 +0900
1463,"26914","835","45",2023-01-14 19:15:00.000 +0900,2023-05-12 19:35:00.000 +0900,501172,501240,player_game_stats_transfer,2026-05-26 16:59:56.699 +0900
794,"18399","728","7",2019-10-05 19:05:00.000 +0900,,4167,506086,player_game_stats_transfer,2026-05-26 16:59:07.291 +0900
1465,"9055","836","2",2023-01-14 19:15:00.000 +0900,2023-05-13 15:05:00.000 +0900,501172,501234,player_game_stats_transfer,2026-05-26 16:59:56.699 +0900
1154,"32982","728","18",2021-10-02 15:05:00.000 +0900,,7434,506086,player_game_stats_transfer,2026-05-26 16:59:34.699 +0900
972,"9040","728","54",2020-10-03 17:05:00.000 +0900,,5858,506086,player_game_stats_transfer,2026-05-26 16:59:19.085 +0900
1472,"8593","836","21",2023-01-14 19:15:00.000 +0900,2023-05-13 15:05:00.000 +0900,501172,501234,player_game_stats_transfer,2026-05-26 16:59:56.699 +0900
1466,"8487","836","3",2023-01-14 19:15:00.000 +0900,2023-05-13 15:05:00.000 +0900,501172,501234,player_game_stats_transfer,2026-05-26 16:59:56.699 +0900
1451,"8482","835","0",2023-01-14 19:15:00.000 +0900,2023-05-13 16:05:00.000 +0900,501172,501237,player_game_stats_transfer,2026-05-26 16:59:56.333 +0900
1453,"8484","835","7",2023-01-14 19:15:00.000 +0900,2023-05-13 16:05:00.000 +0900,501172,501237,player_game_stats_transfer,2026-05-26 16:59:56.333 +0900
1452,"30460","835","5",2023-01-14 19:15:00.000 +0900,2023-05-13 16:05:00.000 +0900,501172,501237,player_game_stats_transfer,2026-05-26 16:59:56.333 +0900
1517,"8482","727","0",2023-05-13 16:05:00.000 +0900,2024-01-14 15:15:00.000 +0900,501237,502496,player_game_stats_transfer,2026-05-26 17:00:04.592 +0900
1511,"14301","729","2",2023-05-12 19:35:00.000 +0900,2024-01-14 15:15:00.000 +0900,501240,502496,player_game_stats_transfer,2026-05-26 17:00:04.592 +0900
1518,"8484","727","7",2023-05-13 16:05:00.000 +0900,2024-01-14 15:15:00.000 +0900,501237,502496,player_game_stats_transfer,2026-05-26 17:00:04.592 +0900
1485,"51000245","728","30",2023-01-21 17:35:00.000 +0900,2023-12-16 15:05:00.000 +0900,500373,501529,player_game_stats_insert,2026-05-26 16:59:56.699 +0900
1519,"20018","727","11",2023-05-13 16:05:00.000 +0900,,501237,501998,player_game_stats_transfer,2026-05-26 17:00:04.592 +0900
626,"8499","703","13",2018-10-06 18:05:00.000 +0900,2020-01-18 19:10:00.000 +0900,3002,5633,player_game_stats_transfer,2026-05-26 16:58:52.302 +0900
627,"8649","703","22",2018-10-06 18:05:00.000 +0900,2020-01-18 19:10:00.000 +0900,3002,5633,player_game_stats_transfer,2026-05-26 16:58:52.302 +0900
95,"8496","703","21",2016-10-01 16:00:00.000 +0900,2020-10-03 18:05:00.000 +0900,22,5870,player_game_stats_insert,2026-05-26 16:51:46.578 +0900
409,"12582","706","53",2017-09-30 17:05:00.000 +0900,2023-10-05 19:05:00.000 +0900,1585,501311,player_game_stats_insert,2026-05-26 16:58:35.305 +0900
34,"8595","728","24",2016-10-01 14:10:00.000 +0900,2021-10-02 14:05:00.000 +0900,26,7428,player_game_stats_insert,2026-05-26 16:51:46.578 +0900
1396,"51000227","694","24",2023-01-07 14:05:00.000 +0900,,500319,505495,player_game_stats_insert,2026-05-26 16:59:56.333 +0900
15,"9031","706","10",2016-10-01 14:00:00.000 +0900,,21,506080,player_game_stats_insert,2026-05-26 16:51:46.578 +0900
1507,"8649","706","22",2023-05-12 19:05:00.000 +0900,,501243,506080,player_game_stats_transfer,2026-05-26 17:00:04.592 +0900
1515,"30400","721","0",2023-05-13 15:05:00.000 +0900,,501234,505399,player_game_stats_transfer,2026-05-26 17:00:04.592 +0900
1516,"8487","721","3",2023-05-13 15:05:00.000 +0900,2023-10-07 15:05:00.000 +0900,501234,501295,player_game_stats_transfer,2026-05-26 17:00:04.592 +0900
1336,"26922","694","10",2022-10-01 16:05:00.000 +0900,2023-10-07 16:05:00.000 +0900,500021,501305,player_game_stats_transfer,2026-05-26 16:59:49.705 +0900
1337,"5100000057","694","15",2022-10-01 16:05:00.000 +0900,,500021,501998,player_game_stats_insert,2026-05-26 16:59:49.705 +0900
1335,"30465","694","6",2022-10-01 16:05:00.000 +0900,2023-10-08 12:55:00.000 +0900,500021,501292,player_game_stats_transfer,2026-05-26 16:59:49.705 +0900
1486,"51000251","704","44",2023-01-28 15:05:00.000 +0900,2023-10-14 17:35:00.000 +0900,500403,501329,player_game_stats_insert,2026-05-26 16:59:57.033 +0900
1505,"20021","706","8",2023-05-12 19:05:00.000 +0900,2024-01-14 15:15:00.000 +0900,501243,502496,player_game_stats_transfer,2026-05-26 17:00:04.592 +0900
1520,"30460","694","5",2023-05-13 16:05:00.000 +0900,2024-01-14 15:15:00.000 +0900,501237,502496,player_game_stats_transfer,2026-05-26 17:00:04.592 +0900
1504,"33094","720","2",2023-05-12 19:05:00.000 +0900,2024-01-14 15:15:00.000 +0900,501243,502496,player_game_stats_transfer,2026-05-26 17:00:04.592 +0900
1506,"26921","706","11",2023-05-12 19:05:00.000 +0900,2025-01-19 15:00:00.000 +0900,501243,503882,player_game_stats_transfer,2026-05-26 17:00:04.592 +0900
35,"8596","728","32",2016-10-01 14:10:00.000 +0900,,26,4567,player_game_stats_insert,2026-05-26 16:51:46.578 +0900
558,"9321","698","1",2018-10-06 14:05:00.000 +0900,,3000,3525,player_game_stats_insert,2026-05-26 16:58:52.302 +0900
37,"9419","728","",2016-10-01 14:10:00.000 +0900,,26,4567,player_game_stats_insert,2026-05-26 16:51:46.578 +0900
584,"18397","706","51",2018-10-06 15:05:00.000 +0900,,2992,4150,player_game_stats_insert,2026-05-26 16:58:52.302 +0900
613,"9310","753","5",2018-10-06 18:05:00.000 +0900,2019-10-05 16:05:00.000 +0900,3002,4165,player_game_stats_transfer,2026-05-26 16:58:52.302 +0900
640,"10821","694","6",2018-10-24 19:05:00.000 +0900,2019-10-05 17:05:00.000 +0900,3053,4163,player_game_stats_transfer,2026-05-26 16:58:52.708 +0900
335,"9034","728","16",2017-09-29 19:05:00.000 +0900,2019-10-05 17:05:00.000 +0900,1573,4163,player_game_stats_transfer,2026-05-26 16:58:35.305 +0900
594,"10822","728","46",2018-10-06 16:05:00.000 +0900,2019-10-06 15:05:00.000 +0900,2998,4151,player_game_stats_transfer,2026-05-26 16:58:52.302 +0900
1203,"5100000055","704","34",2021-10-02 19:05:00.000 +0900,2025-10-04 18:05:00.000 +0900,7436,504738,player_game_stats_insert,2026-05-26 16:59:34.699 +0900
1394,"51000231","704","7",2022-12-28 19:05:00.000 +0900,,500280,501253,player_game_stats_insert,2026-05-26 16:59:54.477 +0900
615,"9313","753","8",2018-10-06 18:05:00.000 +0900,,3002,3523,player_game_stats_insert,2026-05-26 16:58:52.302 +0900
1514,"8593","704","21",2023-05-13 15:05:00.000 +0900,2023-10-07 15:05:00.000 +0900,501234,501295,player_game_stats_transfer,2026-05-26 17:00:04.592 +0900
1508,"22497","701","4",2023-05-12 19:35:00.000 +0900,2023-10-07 15:05:00.000 +0900,501240,501295,player_game_stats_transfer,2026-05-26 17:00:04.592 +0900
1513,"15811","704","14",2023-05-13 15:05:00.000 +0900,2023-10-21 14:05:00.000 +0900,501234,501351,player_game_stats_transfer,2026-05-26 17:00:04.592 +0900
1510,"26914","701","45",2023-05-12 19:35:00.000 +0900,2024-01-14 15:15:00.000 +0900,501240,502496,player_game_stats_transfer,2026-05-26 17:00:04.592 +0900
20,"9036","706","22",2016-10-01 14:00:00.000 +0900,,21,477,player_game_stats_insert,2026-05-26 16:51:46.578 +0900
1592,"15841","696","71",2023-10-07 16:05:00.000 +0900,,501307,501954,player_game_stats_insert,2026-05-26 17:00:06.242 +0900
1456,"19957","835","12",2023-01-14 19:15:00.000 +0900,2023-10-08 12:55:00.000 +0900,501172,501292,player_game_stats_transfer,2026-05-26 16:59:56.333 +0900
639,"9488","700","22",2018-10-17 19:05:00.000 +0900,2020-01-15 19:05:00.000 +0900,3029,4408,player_game_stats_transfer,2026-05-26 16:58:52.708 +0900
1629,"51000305","729","17",2023-10-07 16:35:00.000 +0900,2025-01-19 11:30:00.000 +0900,501303,503881,player_game_stats_insert,2026-05-26 17:00:06.242 +0900
1561,"51000268","717","11",2023-10-07 15:35:00.000 +0900,2025-10-04 16:05:00.000 +0900,501301,504744,player_game_stats_insert,2026-05-26 17:00:06.242 +0900
541,"8598","693","33",2018-10-06 14:05:00.000 +0900,,2988,3077,player_game_stats_insert,2026-05-26 16:58:52.302 +0900
135,"9040","695","54",2016-10-01 18:00:00.000 +0900,2018-01-14 15:05:00.000 +0900,24,2681,player_game_stats_insert,2026-05-26 16:51:46.578 +0900
1635,"8448","726","16",2023-10-07 16:35:00.000 +0900,,501303,501996,player_game_stats_transfer,2026-05-26 17:00:06.242 +0900
1562,"8727","717","15",2023-10-07 15:35:00.000 +0900,2024-10-05 16:05:00.000 +0900,501301,502726,player_game_stats_transfer,2026-05-26 17:00:06.242 +0900
1586,"10258","700","77",2023-10-07 16:05:00.000 +0900,2024-10-05 18:05:00.000 +0900,501307,502720,player_game_stats_transfer,2026-05-26 17:00:06.242 +0900
134,"9042","695","44",2016-10-01 18:00:00.000 +0900,,24,535,player_game_stats_insert,2026-05-26 16:51:46.578 +0900
1627,"51000222","729","7",2023-10-07 16:35:00.000 +0900,2024-01-14 11:45:00.000 +0900,501303,502495,player_game_stats_transfer,2026-05-26 17:00:06.242 +0900
1555,"5100000066","713","12",2023-10-07 15:05:00.000 +0900,,501295,501993,player_game_stats_transfer,2026-05-26 17:00:06.242 +0900
92,"8726","703","10",2016-10-01 16:00:00.000 +0900,2018-01-14 15:05:00.000 +0900,22,2681,player_game_stats_insert,2026-05-26 16:51:46.578 +0900
38,"8514","729","0",2016-10-01 14:10:00.000 +0900,2017-09-29 19:35:00.000 +0900,26,1589,player_game_stats_insert,2026-05-26 16:51:46.578 +0900
93,"8494","703","11",2016-10-01 16:00:00.000 +0900,2017-09-29 19:35:00.000 +0900,22,1589,player_game_stats_insert,2026-05-26 16:51:46.578 +0900
33,"8594","728","22",2016-10-01 14:10:00.000 +0900,2017-09-29 19:35:00.000 +0900,26,1589,player_game_stats_insert,2026-05-26 16:51:46.578 +0900
81,"8581","704","22",2016-10-01 16:00:00.000 +0900,2017-09-30 15:05:00.000 +0900,22,1581,player_game_stats_insert,2026-05-26 16:51:46.578 +0900
78,"8579","704","3",2016-10-01 16:00:00.000 +0900,2021-10-01 19:25:00.000 +0900,22,7422,player_game_stats_insert,2026-05-26 16:51:46.578 +0900
94,"8499","703","13",2016-10-01 16:00:00.000 +0900,2017-12-02 15:05:00.000 +0900,22,1726,player_game_stats_insert,2026-05-26 16:51:46.578 +0900
501,"15817","727","4",2018-02-03 18:05:00.000 +0900,2021-10-02 11:55:00.000 +0900,1875,7438,player_game_stats_insert,2026-05-26 16:58:44.875 +0900
1655,"8590","2488","4",2023-10-08 16:05:00.000 +0900,,501313,506099,player_game_stats_transfer,2026-05-26 17:00:06.242 +0900
1467,"8590","836","4",2023-01-14 19:15:00.000 +0900,2023-10-08 16:05:00.000 +0900,501172,501313,player_game_stats_transfer,2026-05-26 16:59:56.699 +0900
519,"8484","727","7",2018-05-12 14:05:00.000 +0900,2019-01-19 19:10:00.000 +0900,2688,4110,player_game_stats_transfer,2026-05-26 16:58:50.581 +0900
49,"8482","727","0",2016-10-01 15:00:00.000 +0900,2020-01-18 19:10:00.000 +0900,23,5633,player_game_stats_insert,2026-05-26 16:51:46.578 +0900
76,"8578","704","1",2016-10-01 16:00:00.000 +0900,2018-10-06 18:05:00.000 +0900,22,2994,player_game_stats_insert,2026-05-26 16:51:46.578 +0900
644,"18473","694","11",2018-11-03 18:05:00.000 +0900,,3084,3305,player_game_stats_insert,2026-05-26 16:58:54.388 +0900
96,"8834","703","24",2016-10-01 16:00:00.000 +0900,,22,1337,player_game_stats_insert,2026-05-26 16:51:46.578 +0900
1646,"8592","697","14",2023-10-07 18:05:00.000 +0900,2024-10-05 16:05:00.000 +0900,501297,502726,player_game_stats_transfer,2026-05-26 17:00:06.242 +0900
1544,"15835","728","24",2023-10-07 13:55:00.000 +0900,,501309,501736,player_game_stats_insert,2026-05-26 17:00:06.242 +0900
67,"9398","694","4",2016-10-01 15:00:00.000 +0900,2025-11-08 17:05:00.000 +0900,23,504905,player_game_stats_insert,2026-05-26 16:51:46.578 +0900
288,"10844","694","21",2017-01-28 18:00:00.000 +0900,2017-09-29 19:05:00.000 +0900,290,1577,player_game_stats_insert,2026-05-26 16:52:22.852 +0900
66,"8455","694","3",2016-10-01 15:00:00.000 +0900,,23,2112,player_game_stats_insert,2026-05-26 16:51:46.578 +0900
71,"8454","694","13",2016-10-01 15:00:00.000 +0900,,23,2112,player_game_stats_insert,2026-05-26 16:51:46.578 +0900
307,"12282","694","",2017-04-01 18:00:00.000 +0900,,428,2112,player_game_stats_insert,2026-05-26 16:52:28.188 +0900
70,"9400","694","10",2016-10-01 15:00:00.000 +0900,2018-10-06 15:05:00.000 +0900,23,2986,player_game_stats_insert,2026-05-26 16:51:46.578 +0900
1593,"8681","702","17",2023-10-07 16:35:00.000 +0900,,501291,501988,player_game_stats_transfer,2026-05-26 17:00:06.242 +0900
1557,"51000284","713","50",2023-10-07 15:05:00.000 +0900,,501295,501994,player_game_stats_insert,2026-05-26 17:00:06.242 +0900
69,"8710","694","7",2016-10-01 15:00:00.000 +0900,,23,535,player_game_stats_insert,2026-05-26 16:51:46.578 +0900
68,"8713","694","5",2016-10-01 15:00:00.000 +0900,,23,3515,player_game_stats_insert,2026-05-26 16:51:46.578 +0900
1580,"12631","694","40",2023-10-07 16:05:00.000 +0900,2024-01-14 15:15:00.000 +0900,501305,502496,player_game_stats_transfer,2026-05-26 17:00:06.242 +0900
1613,"32984","716","3",2023-10-07 16:35:00.000 +0900,,501299,501996,player_game_stats_transfer,2026-05-26 17:00:06.242 +0900
612,"8642","753","0",2018-10-06 18:05:00.000 +0900,2021-10-02 14:05:00.000 +0900,3002,7420,player_game_stats_transfer,2026-05-26 16:58:52.302 +0900
529,"18440","704","1",2018-10-04 19:05:00.000 +0900,2022-10-01 19:05:00.000 +0900,2990,500023,player_game_stats_insert,2026-05-26 16:58:52.302 +0900
641,"18471","753","",2018-10-24 19:05:00.000 +0900,,3056,3102,player_game_stats_insert,2026-05-26 16:58:52.708 +0900
618,"8654","753","13",2018-10-06 18:05:00.000 +0900,2020-01-04 15:05:00.000 +0900,3002,4385,player_game_stats_transfer,2026-05-26 16:58:52.302 +0900
614,"9311","753","6",2018-10-06 18:05:00.000 +0900,,3002,3523,player_game_stats_insert,2026-05-26 16:58:52.302 +0900
616,"9328","753","10",2018-10-06 18:05:00.000 +0900,,3002,3523,player_game_stats_transfer,2026-05-26 16:58:52.302 +0900
620,"9317","753","24",2018-10-06 18:05:00.000 +0900,2020-10-03 18:05:00.000 +0900,3002,5870,player_game_stats_insert,2026-05-26 16:58:52.302 +0900
623,"9319","753","41",2018-10-06 18:05:00.000 +0900,,3002,3523,player_game_stats_insert,2026-05-26 16:58:52.302 +0900
646,"18474","753","",2018-11-10 15:05:00.000 +0900,,3103,3523,player_game_stats_insert,2026-05-26 16:58:54.388 +0900
634,"18442","753","17",2018-10-13 14:05:00.000 +0900,2020-11-07 17:05:00.000 +0900,3019,5960,player_game_stats_insert,2026-05-26 16:58:52.302 +0900
621,"8731","753","31",2018-10-06 18:05:00.000 +0900,2019-01-19 19:10:00.000 +0900,3002,4110,player_game_stats_transfer,2026-05-26 16:58:52.302 +0900
517,"9055","704","2",2018-05-12 14:05:00.000 +0900,2019-01-19 19:10:00.000 +0900,2688,4110,player_game_stats_transfer,2026-05-26 16:58:50.581 +0900
1545,"8583","728","27",2023-10-07 13:55:00.000 +0900,,501309,506086,player_game_stats_transfer,2026-05-26 17:00:06.242 +0900
1591,"51000168","696","25",2023-10-07 16:05:00.000 +0900,,501307,501770,player_game_stats_transfer,2026-05-26 17:00:06.242 +0900
1619,"51000150","712","2",2023-10-07 16:35:00.000 +0900,,501299,503407,player_game_stats_transfer,2026-05-26 17:00:06.242 +0900
1663,"51000177","2488","36",2023-10-08 16:05:00.000 +0900,2024-10-05 15:05:00.000 +0900,501313,502718,player_game_stats_insert,2026-05-26 17:00:06.242 +0900
303,"10897","693","22",2017-03-11 18:00:00.000 +0900,2017-12-09 18:05:00.000 +0900,372,1748,player_game_stats_insert,2026-05-26 16:52:25.993 +0900
1571,"20024","699","11",2023-10-07 16:05:00.000 +0900,2024-10-05 16:05:00.000 +0900,501305,502726,player_game_stats_transfer,2026-05-26 17:00:06.242 +0900
156,"8504","696","30",2016-10-01 18:00:00.000 +0900,2017-09-29 19:05:00.000 +0900,25,1573,player_game_stats_insert,2026-05-26 16:51:46.578 +0900
178,"8457","699","8",2016-10-01 18:00:00.000 +0900,2017-09-29 19:05:00.000 +0900,27,1573,player_game_stats_insert,2026-05-26 16:51:46.578 +0900
606,"18168","694","8",2018-10-06 18:05:00.000 +0900,2019-01-05 19:05:00.000 +0900,2994,3263,player_game_stats_insert,2026-05-26 16:58:52.302 +0900
5,"8469","693","11",2016-10-01 14:00:00.000 +0900,2019-10-05 18:05:00.000 +0900,21,4161,player_game_stats_insert,2026-05-26 16:51:46.578 +0900
132,"8475","695","23",2016-10-01 18:00:00.000 +0900,2017-09-30 14:35:00.000 +0900,24,1579,player_game_stats_insert,2026-05-26 16:51:46.578 +0900
176,"8727","699","2",2016-10-01 18:00:00.000 +0900,2017-09-30 18:05:00.000 +0900,27,1583,player_game_stats_insert,2026-05-26 16:51:46.578 +0900
154,"9423","696","13",2016-10-01 18:00:00.000 +0900,2017-09-30 18:05:00.000 +0900,25,1583,player_game_stats_insert,2026-05-26 16:51:46.578 +0900
129,"8472","695","8",2016-10-01 18:00:00.000 +0900,,24,535,player_game_stats_insert,2026-05-26 16:51:46.578 +0900
309,"10895","695","22",2017-04-15 18:00:00.000 +0900,,464,535,player_game_stats_insert,2026-05-26 16:52:28.545 +0900
8,"8735","693","16",2016-10-01 14:00:00.000 +0900,,21,534,player_game_stats_insert,2026-05-26 16:51:46.578 +0900
9,"9060","693","18",2016-10-01 14:00:00.000 +0900,,21,534,player_game_stats_insert,2026-05-26 16:51:46.578 +0900
282,"10823","693","30",2017-01-18 19:00:00.000 +0900,,259,534,player_game_stats_insert,2026-05-26 16:52:22.529 +0900
11,"8661","693","",2016-10-01 14:00:00.000 +0900,,21,534,player_game_stats_insert,2026-05-26 16:51:46.578 +0900
130,"9041","695","13",2016-10-01 18:00:00.000 +0900,2018-03-03 18:05:00.000 +0900,24,1923,player_game_stats_insert,2026-05-26 16:51:46.578 +0900
160,"9054","696","42",2016-10-01 18:00:00.000 +0900,,25,536,player_game_stats_insert,2026-05-26 16:51:46.578 +0900
161,"8692","696","",2016-10-01 18:00:00.000 +0900,,25,536,player_game_stats_insert,2026-05-26 16:51:46.578 +0900
292,"10848","693","17",2017-02-04 17:00:00.000 +0900,2018-01-14 15:05:00.000 +0900,309,2681,player_game_stats_insert,2026-05-26 16:52:24.256 +0900
124,"9421","702","",2016-10-01 18:00:00.000 +0900,,20,2096,player_game_stats_insert,2026-05-26 16:51:46.578 +0900
302,"9385","699","22",2017-03-10 19:00:00.000 +0900,,371,537,player_game_stats_transfer,2026-05-26 16:52:25.993 +0900
297,"9026","729","23",2017-02-18 14:00:00.000 +0900,,330,537,player_game_stats_transfer,2026-05-26 16:52:24.256 +0900
48,"9429","729","",2016-10-01 14:10:00.000 +0900,,26,537,player_game_stats_insert,2026-05-26 16:51:46.578 +0900
198,"9063","700","55",2016-10-01 18:00:00.000 +0900,2017-09-29 19:35:00.000 +0900,27,1589,player_game_stats_insert,2026-05-26 16:51:46.578 +0900
42,"8515","729","11",2016-10-01 14:10:00.000 +0900,2017-09-30 14:35:00.000 +0900,26,1579,player_game_stats_insert,2026-05-26 16:51:46.578 +0900
194,"8683","700","18",2016-10-01 18:00:00.000 +0900,2017-09-30 14:35:00.000 +0900,27,1579,player_game_stats_insert,2026-05-26 16:51:46.578 +0900
189,"8682","700","8",2016-10-01 18:00:00.000 +0900,,27,538,player_game_stats_insert,2026-05-26 16:51:46.578 +0900
239,"9356","700","25",2016-12-10 18:00:00.000 +0900,,192,538,player_game_stats_transfer,2026-05-26 16:51:52.226 +0900
197,"9062","700","32",2016-10-01 18:00:00.000 +0900,2018-02-04 18:05:00.000 +0900,27,1873,player_game_stats_insert,2026-05-26 16:51:46.578 +0900
39,"8736","729","1",2016-10-01 14:10:00.000 +0900,2018-10-04 19:05:00.000 +0900,26,2990,player_game_stats_insert,2026-05-26 16:51:46.578 +0900
40,"8737","729","6",2016-10-01 14:10:00.000 +0900,2018-10-06 18:05:00.000 +0900,26,2994,player_game_stats_insert,2026-05-26 16:51:46.578 +0900
513,"8494","701","11",2018-05-12 13:00:00.000 +0900,2019-10-05 15:05:00.000 +0900,2691,4155,player_game_stats_transfer,2026-05-26 16:58:50.581 +0900
1533,"51000166","701","4",2023-10-05 19:05:00.000 +0900,2026-01-18 15:00:00.000 +0900,501311,506010,player_game_stats_transfer,2026-05-26 17:00:06.242 +0900
319,"9056","704","16",2017-05-13 16:05:00.000 +0900,2017-09-29 19:35:00.000 +0900,1322,1589,player_game_stats_transfer,2026-05-26 16:52:30.281 +0900
145,"8452","726","33",2016-10-01 18:00:00.000 +0900,2017-09-29 19:35:00.000 +0900,24,1589,player_game_stats_insert,2026-05-26 16:51:46.578 +0900
143,"8449","726","14",2016-10-01 18:00:00.000 +0900,2017-09-30 15:05:00.000 +0900,24,1581,player_game_stats_insert,2026-05-26 16:51:46.578 +0900
147,"8451","726","39",2016-10-01 18:00:00.000 +0900,2017-09-30 17:05:00.000 +0900,24,1585,player_game_stats_insert,2026-05-26 16:51:46.578 +0900
142,"8448","726","10",2016-10-01 18:00:00.000 +0900,2017-09-30 18:05:00.000 +0900,24,1587,player_game_stats_insert,2026-05-26 16:51:46.578 +0900
146,"9082","726","34",2016-10-01 18:00:00.000 +0900,,24,1317,player_game_stats_insert,2026-05-26 16:51:46.578 +0900
148,"9422","726","",2016-10-01 18:00:00.000 +0900,,24,1317,player_game_stats_insert,2026-05-26 16:51:46.578 +0900
1677,"55000578","704","00",2023-10-21 15:05:00.000 +0900,2025-01-19 11:30:00.000 +0900,501343,503881,player_game_stats_insert,2026-05-26 17:00:06.611 +0900
645,"18444","699","23",2018-11-07 19:05:00.000 +0900,,3101,3520,player_game_stats_transfer,2026-05-26 16:58:54.388 +0900
1666,"51000287","704","20",2023-10-08 16:05:00.000 +0900,,501313,501726,player_game_stats_insert,2026-05-26 17:00:06.242 +0900
1639,"51000292","727","20",2023-10-07 18:05:00.000 +0900,2025-10-04 14:05:00.000 +0900,501297,504750,player_game_stats_insert,2026-05-26 17:00:06.242 +0900
234,"9490","701","7",2016-11-19 14:00:00.000 +0900,,134,1326,player_game_stats_insert,2026-05-26 16:51:50.418 +0900
1638,"15853","727","12",2023-10-07 18:05:00.000 +0900,2025-10-04 18:05:00.000 +0900,501297,504736,player_game_stats_transfer,2026-05-26 17:00:06.242 +0900
45,"8517","729","21",2016-10-01 14:10:00.000 +0900,2022-10-01 15:05:00.000 +0900,26,500003,player_game_stats_insert,2026-05-26 16:51:46.578 +0900
341,"9383","729","24",2017-09-29 19:05:00.000 +0900,2022-10-01 16:05:00.000 +0900,1575,500019,player_game_stats_transfer,2026-05-26 16:58:35.305 +0900
1640,"18433","727","25",2023-10-07 18:05:00.000 +0900,,501297,505495,player_game_stats_transfer,2026-05-26 17:00:06.242 +0900
324,"8657","701","31",2017-05-13 16:05:00.000 +0900,2017-09-29 19:05:00.000 +0900,1325,1573,player_game_stats_transfer,2026-05-26 16:52:30.281 +0900
210,"9384","701","34",2016-10-01 19:00:00.000 +0900,2018-01-20 14:05:00.000 +0900,28,1837,player_game_stats_insert,2026-05-26 16:51:46.578 +0900
212,"8695","701","",2016-10-01 19:00:00.000 +0900,2018-10-27 18:05:00.000 +0900,28,3060,player_game_stats_insert,2026-05-26 16:51:46.578 +0900
1534,"30458","701","10",2023-10-05 19:05:00.000 +0900,,501311,506099,player_game_stats_transfer,2026-05-26 17:00:06.242 +0900
18,"9034","706","16",2016-10-01 14:00:00.000 +0900,2017-09-29 19:05:00.000 +0900,21,1573,player_game_stats_insert,2026-05-26 16:51:46.578 +0900
14,"9030","706","8",2016-10-01 14:00:00.000 +0900,2017-09-29 19:35:00.000 +0900,21,1589,player_game_stats_insert,2026-05-26 16:51:46.578 +0900
300,"10887","706","44",2017-02-25 17:00:00.000 +0900,,354,1330,player_game_stats_insert,2026-05-26 16:52:24.567 +0900
313,"9417","706","",2017-05-13 16:05:00.000 +0900,,1319,1330,player_game_stats_transfer,2026-05-26 16:52:30.281 +0900
209,"8658","701","32",2016-10-01 19:00:00.000 +0900,2017-09-29 19:35:00.000 +0900,28,1589,player_game_stats_insert,2026-05-26 16:51:46.578 +0900
203,"9328","701","10",2016-10-01 19:00:00.000 +0900,2017-09-30 14:35:00.000 +0900,28,1579,player_game_stats_insert,2026-05-26 16:51:46.578 +0900
32,"8593","728","21",2016-10-01 14:10:00.000 +0900,2017-09-30 18:05:00.000 +0900,26,1587,player_game_stats_insert,2026-05-26 16:51:46.578 +0900
310,"9028","706","2",2017-05-13 16:05:00.000 +0900,,1319,1330,player_game_stats_transfer,2026-05-26 16:52:30.281 +0900
1641,"15826","727","37",2023-10-07 18:05:00.000 +0900,2024-10-05 18:05:00.000 +0900,501297,502720,player_game_stats_insert,2026-05-26 17:00:06.242 +0900
322,"8651","701","5",2017-05-13 16:05:00.000 +0900,2020-10-17 15:05:00.000 +0900,1325,5908,player_game_stats_transfer,2026-05-26 16:52:30.281 +0900
633,"8684","694","7",2018-10-12 19:05:00.000 +0900,2019-10-06 15:05:00.000 +0900,3016,4151,player_game_stats_transfer,2026-05-26 16:58:52.302 +0900
54,"9334","727","12",2016-10-01 15:00:00.000 +0900,,23,1337,player_game_stats_insert,2026-05-26 16:51:46.578 +0900
299,"10886","706","23",2017-02-25 17:00:00.000 +0900,2018-10-06 14:05:00.000 +0900,354,2988,player_game_stats_insert,2026-05-26 16:52:24.567 +0900
317,"8660","703","",2017-05-13 16:05:00.000 +0900,2018-10-06 18:05:00.000 +0900,1322,2994,player_game_stats_transfer,2026-05-26 16:52:30.281 +0900
325,"8498","703","27",2017-05-20 13:05:00.000 +0900,2017-09-30 17:05:00.000 +0900,1331,1585,player_game_stats_transfer,2026-05-26 16:52:30.281 +0900
61,"8493","727","43",2016-10-01 15:00:00.000 +0900,2017-09-30 18:05:00.000 +0900,23,1583,player_game_stats_insert,2026-05-26 16:51:46.578 +0900
23,"9039","706","35",2016-10-01 14:00:00.000 +0900,2017-10-01 13:05:00.000 +0900,21,1582,player_game_stats_insert,2026-05-26 16:51:46.578 +0900
1668,"8452","704","50",2023-10-08 16:05:00.000 +0900,2024-10-03 19:05:00.000 +0900,501313,502714,player_game_stats_transfer,2026-05-26 17:00:06.242 +0900
1574,"15834","699","23",2023-10-07 16:05:00.000 +0900,2024-10-05 16:30:00.000 +0900,501305,502710,player_game_stats_transfer,2026-05-26 17:00:06.242 +0900
1632,"12598","726","8",2023-10-07 16:35:00.000 +0900,2024-01-14 15:15:00.000 +0900,501303,502496,player_game_stats_transfer,2026-05-26 17:00:06.242 +0900
1651,"8446","696","16",2023-10-08 14:05:00.000 +0900,,501308,502000,player_game_stats_transfer,2026-05-26 17:00:06.242 +0900
1566,"18478","721","14",2023-10-07 15:35:00.000 +0900,2024-01-17 19:05:00.000 +0900,501301,501627,player_game_stats_insert,2026-05-26 17:00:06.242 +0900
577,"18453","702","",2018-10-06 15:05:00.000 +0900,,2986,3154,player_game_stats_insert,2026-05-26 16:58:52.302 +0900
514,"8452","701","33",2018-05-12 13:00:00.000 +0900,2019-10-05 14:05:00.000 +0900,2691,4153,player_game_stats_transfer,2026-05-26 16:58:50.581 +0900
607,"12637","694","10",2018-10-06 18:05:00.000 +0900,2019-10-16 19:05:00.000 +0900,2994,4191,player_game_stats_insert,2026-05-26 16:58:52.302 +0900
1615,"51000148","716","7",2023-10-07 16:35:00.000 +0900,2024-10-05 16:30:00.000 +0900,501299,502710,player_game_stats_transfer,2026-05-26 17:00:06.242 +0900
1650,"19957","693","11",2023-10-08 12:55:00.000 +0900,2025-10-04 15:05:00.000 +0900,501292,504732,player_game_stats_transfer,2026-05-26 17:00:06.242 +0900
1595,"51000171","702","40",2023-10-07 16:35:00.000 +0900,2025-10-04 18:05:00.000 +0900,501291,504736,player_game_stats_insert,2026-05-26 17:00:06.242 +0900
524,"9037","706","24",2018-05-12 17:05:00.000 +0900,2019-01-19 19:10:00.000 +0900,2685,4110,player_game_stats_transfer,2026-05-26 16:58:50.581 +0900
1600,"51000316","693","30",2023-10-07 16:35:00.000 +0900,,501291,501376,player_game_stats_insert,2026-05-26 17:00:06.242 +0900
1597,"5100000041","693","1",2023-10-07 16:35:00.000 +0900,,501291,501990,player_game_stats_transfer,2026-05-26 17:00:06.242 +0900
1536,"51000274","720","10",2023-10-07 13:55:00.000 +0900,,501309,502006,player_game_stats_insert,2026-05-26 17:00:06.242 +0900
1599,"15829","693","21",2023-10-07 16:35:00.000 +0900,2024-10-05 15:05:00.000 +0900,501291,502712,player_game_stats_transfer,2026-05-26 17:00:06.242 +0900
1596,"10850","702","81",2023-10-07 16:35:00.000 +0900,2024-10-05 16:40:00.000 +0900,501291,502728,player_game_stats_transfer,2026-05-26 17:00:06.242 +0900
1661,"8512","2488","23",2023-10-08 16:05:00.000 +0900,,501313,501962,player_game_stats_transfer,2026-05-26 17:00:06.242 +0900
1598,"51000315","693","8",2023-10-07 16:35:00.000 +0900,,501291,501440,player_game_stats_insert,2026-05-26 17:00:06.242 +0900
1649,"30465","693","6",2023-10-08 12:55:00.000 +0900,2024-01-14 15:15:00.000 +0900,501292,502496,player_game_stats_transfer,2026-05-26 17:00:06.242 +0900
1594,"51000318","702","21",2023-10-07 16:35:00.000 +0900,,501291,501988,player_game_stats_insert,2026-05-26 17:00:06.242 +0900
1674,"51000283","702","37",2023-10-15 14:05:00.000 +0900,,501316,501858,player_game_stats_insert,2026-05-26 17:00:06.242 +0900
576,"12595","702","15",2018-10-06 15:05:00.000 +0900,2021-10-02 14:05:00.000 +0900,2986,7420,player_game_stats_transfer,2026-05-26 16:58:52.302 +0900
575,"18396","702","13",2018-10-06 15:05:00.000 +0900,2021-12-04 15:05:00.000 +0900,2986,7592,player_game_stats_insert,2026-05-26 16:58:52.302 +0900
574,"8597","702","10",2018-10-06 15:05:00.000 +0900,2024-10-05 14:05:00.000 +0900,2986,502724,player_game_stats_transfer,2026-05-26 16:58:52.302 +0900
304,"10880","702","17",2017-03-11 18:00:00.000 +0900,,379,4561,player_game_stats_insert,2026-05-26 16:52:25.993 +0900
573,"8614","702","2",2018-10-06 15:05:00.000 +0900,2019-11-01 19:25:00.000 +0900,2986,4243,player_game_stats_insert,2026-05-26 16:58:52.302 +0900
572,"9337","702","0",2018-10-06 15:05:00.000 +0900,,2986,3511,player_game_stats_insert,2026-05-26 16:58:52.302 +0900
122,"8512","702","23",2016-10-01 18:00:00.000 +0900,2019-10-05 16:05:00.000 +0900,20,4157,player_game_stats_insert,2026-05-26 16:51:46.578 +0900
1637,"8557","726","92",2023-10-07 16:35:00.000 +0900,2025-12-20 15:05:00.000 +0900,501303,505027,player_game_stats_insert,2026-05-26 17:00:06.242 +0900
1642,"32980","697","0",2023-10-07 18:05:00.000 +0900,2024-01-13 13:15:00.000 +0900,501297,502494,player_game_stats_transfer,2026-05-26 17:00:06.242 +0900
1672,"51000251","696","44",2023-10-14 17:35:00.000 +0900,,501329,502000,player_game_stats_transfer,2026-05-26 17:00:06.242 +0900
1588,"8503","696","11",2023-10-07 16:05:00.000 +0900,,501307,505505,player_game_stats_transfer,2026-05-26 17:00:06.242 +0900
1552,"22497","713","1",2023-10-07 15:05:00.000 +0900,,501295,506090,player_game_stats_transfer,2026-05-26 17:00:06.242 +0900
1589,"51000301","696","15",2023-10-07 16:05:00.000 +0900,2024-10-04 19:05:00.000 +0900,501307,502730,player_game_stats_insert,2026-05-26 17:00:06.242 +0900
1587,"51000180","696","4",2023-10-07 16:05:00.000 +0900,2024-10-04 19:05:00.000 +0900,501307,502730,player_game_stats_insert,2026-05-26 17:00:06.242 +0900
1680,"32997","713","33",2023-10-25 19:05:00.000 +0900,2023-12-16 15:35:00.000 +0900,501364,501531,player_game_stats_insert,2026-05-26 17:00:06.611 +0900
1553,"5100000016","713","8",2023-10-07 15:05:00.000 +0900,2025-01-18 16:00:00.000 +0900,501295,503880,player_game_stats_transfer,2026-05-26 17:00:06.242 +0900
1684,"12642","696","17",2023-10-28 18:05:00.000 +0900,2024-01-26 19:05:00.000 +0900,501397,501673,player_game_stats_insert,2026-05-26 17:00:06.932 +0900
1590,"10818","696","24",2023-10-07 16:05:00.000 +0900,,501307,502000,player_game_stats_transfer,2026-05-26 17:00:06.242 +0900
1616,"8722","716","11",2023-10-07 16:35:00.000 +0900,,501299,501996,player_game_stats_transfer,2026-05-26 17:00:06.242 +0900
1554,"8487","713","9",2023-10-07 15:05:00.000 +0900,2024-01-14 15:15:00.000 +0900,501295,502496,player_game_stats_transfer,2026-05-26 17:00:06.242 +0900
1556,"9489","713","16",2023-10-07 15:05:00.000 +0900,2024-01-14 15:15:00.000 +0900,501295,502496,player_game_stats_transfer,2026-05-26 17:00:06.242 +0900
1551,"8593","703","33",2023-10-07 15:05:00.000 +0900,2026-01-18 15:00:00.000 +0900,501295,506010,player_game_stats_transfer,2026-05-26 17:00:06.242 +0900
1607,"8839","706","1",2023-10-07 16:35:00.000 +0900,2025-11-08 19:05:00.000 +0900,501293,504903,player_game_stats_transfer,2026-05-26 17:00:06.242 +0900
1532,"5100000079","1638","60",2023-10-05 19:05:00.000 +0900,2025-12-20 15:05:00.000 +0900,501311,505035,player_game_stats_transfer,2026-05-26 17:00:06.242 +0900
1664,"51000286","704","5",2023-10-08 16:05:00.000 +0900,2023-12-02 14:05:00.000 +0900,501313,501471,player_game_stats_insert,2026-05-26 17:00:06.242 +0900
1685,"9382","693","33",2023-11-04 16:05:00.000 +0900,,501421,501440,player_game_stats_transfer,2026-05-26 17:00:08.312 +0900
1606,"8587","706","0",2023-10-07 16:35:00.000 +0900,2024-10-05 15:05:00.000 +0900,501293,502718,player_game_stats_transfer,2026-05-26 17:00:06.242 +0900
72,"8720","694","25",2016-10-01 15:00:00.000 +0900,,23,6443,player_game_stats_insert,2026-05-26 16:51:46.578 +0900
1620,"51000100","712","5",2023-10-07 16:35:00.000 +0900,2026-03-28 15:05:00.000 +0900,501299,505300,player_game_stats_transfer,2026-05-26 17:00:06.242 +0900
610,"10873","694","81",2018-10-06 18:05:00.000 +0900,,2994,6443,player_game_stats_transfer,2026-05-26 16:58:52.302 +0900
1568,"51000279","699","4",2023-10-07 16:05:00.000 +0900,,501305,501456,player_game_stats_insert,2026-05-26 17:00:06.242 +0900
1628,"51000278","729","10",2023-10-07 16:35:00.000 +0900,2024-10-05 15:05:00.000 +0900,501303,502718,player_game_stats_insert,2026-05-26 17:00:06.242 +0900
1584,"51000269","700","32",2023-10-07 16:05:00.000 +0900,2024-10-05 16:05:00.000 +0900,501307,502726,player_game_stats_insert,2026-05-26 17:00:06.242 +0900
652,"18846","694","33",2018-12-08 18:05:00.000 +0900,,3163,3514,player_game_stats_insert,2026-05-26 16:58:56.398 +0900
657,"19995","694","34",2018-12-26 19:05:00.000 +0900,,3223,3515,player_game_stats_insert,2026-05-26 16:58:56.777 +0900
605,"8721","694","1",2018-10-06 18:05:00.000 +0900,2019-01-19 19:10:00.000 +0900,2994,4110,player_game_stats_transfer,2026-05-26 16:58:52.302 +0900
650,"18845","698","13",2018-12-08 14:05:00.000 +0900,2021-10-02 14:05:00.000 +0900,3171,7420,player_game_stats_insert,2026-05-26 16:58:56.398 +0900
549,"8840","701","21",2018-10-06 14:05:00.000 +0900,2022-10-01 16:05:00.000 +0900,2988,500019,player_game_stats_transfer,2026-05-26 16:58:52.302 +0900
1652,"10893","2488","1",2023-10-08 16:05:00.000 +0900,,501313,506099,player_game_stats_insert,2026-05-26 17:00:06.242 +0900
1603,"33036","692","9",2023-10-07 16:35:00.000 +0900,2024-01-13 13:15:00.000 +0900,501293,502494,player_game_stats_transfer,2026-05-26 17:00:06.242 +0900
1654,"51000306","2488","3",2023-10-08 16:05:00.000 +0900,,501313,502004,player_game_stats_insert,2026-05-26 17:00:06.242 +0900
1604,"15756","692","13",2023-10-07 16:35:00.000 +0900,2024-10-04 19:05:00.000 +0900,501293,502730,player_game_stats_transfer,2026-05-26 17:00:06.242 +0900
1602,"22401","692","6",2023-10-07 16:35:00.000 +0900,2024-10-05 14:05:00.000 +0900,501293,502724,player_game_stats_transfer,2026-05-26 17:00:06.242 +0900
546,"8587","701","1",2018-10-06 14:05:00.000 +0900,2019-10-06 15:05:00.000 +0900,2988,4151,player_game_stats_transfer,2026-05-26 16:58:52.302 +0900
1656,"26886","2488","5",2023-10-08 16:05:00.000 +0900,2024-10-05 14:05:00.000 +0900,501313,502724,player_game_stats_transfer,2026-05-26 17:00:06.242 +0900
548,"10886","701","12",2018-10-06 14:05:00.000 +0900,2019-12-07 14:05:00.000 +0900,2988,4307,player_game_stats_transfer,2026-05-26 16:58:52.302 +0900
1605,"51000294","692","52",2023-10-07 16:35:00.000 +0900,2024-10-05 14:05:00.000 +0900,501293,502724,player_game_stats_insert,2026-05-26 17:00:06.242 +0900
611,"8660","694","",2018-10-06 18:05:00.000 +0900,,2994,4443,player_game_stats_transfer,2026-05-26 16:58:52.302 +0900
1653,"51000252","2488","2",2023-10-08 16:05:00.000 +0900,2024-10-05 18:05:00.000 +0900,501313,502720,player_game_stats_insert,2026-05-26 17:00:06.242 +0900
1686,"40169","692","8",2023-11-08 19:05:00.000 +0900,2024-01-31 19:05:00.000 +0900,501423,501697,player_game_stats_insert,2026-05-26 17:00:08.312 +0900
550,"12631","701","40",2018-10-06 14:05:00.000 +0900,2020-10-03 15:05:00.000 +0900,2988,5854,player_game_stats_transfer,2026-05-26 16:58:52.302 +0900
547,"9489","701","3",2018-10-06 14:05:00.000 +0900,2019-01-19 19:10:00.000 +0900,2988,4110,player_game_stats_transfer,2026-05-26 16:58:52.302 +0900
515,"8500","701","51",2018-05-12 13:00:00.000 +0900,2019-10-05 14:05:00.000 +0900,2691,4153,player_game_stats_transfer,2026-05-26 16:58:50.581 +0900
1535,"12582","701","53",2023-10-05 19:05:00.000 +0900,,501311,506099,player_game_stats_transfer,2026-05-26 17:00:06.242 +0900
1675,"51000320","728","5",2023-10-15 15:05:00.000 +0900,,501334,501774,player_game_stats_insert,2026-05-26 17:00:06.611 +0900
1521,"33100","1638","2",2023-10-05 19:05:00.000 +0900,,501311,505485,player_game_stats_insert,2026-05-26 17:00:06.242 +0900
1522,"9310","1638","5",2023-10-05 19:05:00.000 +0900,,501311,505485,player_game_stats_transfer,2026-05-26 17:00:06.242 +0900
1524,"18461","1638","20",2023-10-05 19:05:00.000 +0900,,501311,505485,player_game_stats_transfer,2026-05-26 17:00:06.242 +0900
661,"15838","706","21",2019-01-05 15:05:00.000 +0900,,3247,506080,player_game_stats_transfer,2026-05-26 16:58:58.497 +0900
1523,"15818","1638","11",2023-10-05 19:05:00.000 +0900,2025-10-29 19:05:00.000 +0900,501311,504852,player_game_stats_transfer,2026-05-26 17:00:06.242 +0900
1525,"51000317","1638","23",2023-10-05 19:05:00.000 +0900,,501311,503429,player_game_stats_insert,2026-05-26 17:00:06.242 +0900
662,"18168","701","32",2019-01-05 19:05:00.000 +0900,2019-04-14 16:05:00.000 +0900,3263,3497,player_game_stats_transfer,2026-05-26 16:58:58.497 +0900
1658,"9405","2488","9",2023-10-08 16:05:00.000 +0900,,501313,503425,player_game_stats_transfer,2026-05-26 17:00:06.242 +0900
1626,"5100000069","729","1",2023-10-07 16:35:00.000 +0900,2024-10-05 14:05:00.000 +0900,501303,502724,player_game_stats_transfer,2026-05-26 17:00:06.242 +0900
1582,"8507","700","8",2023-10-07 16:05:00.000 +0900,2024-10-05 16:30:00.000 +0900,501307,502710,player_game_stats_transfer,2026-05-26 17:00:06.242 +0900
629,"18452","703","25",2018-10-06 18:05:00.000 +0900,,3002,3248,player_game_stats_insert,2026-05-26 16:58:52.302 +0900
1617,"51000108","716","14",2023-10-07 16:35:00.000 +0900,2024-10-05 16:40:00.000 +0900,501299,502728,player_game_stats_transfer,2026-05-26 17:00:06.242 +0900
654,"19955","693","22",2018-12-22 18:05:00.000 +0900,,3202,3508,player_game_stats_insert,2026-05-26 16:58:56.777 +0900
638,"8554","726","2",2018-10-13 18:05:00.000 +0900,,3008,3513,player_game_stats_insert,2026-05-26 16:58:52.302 +0900
534,"18427","727","31",2018-10-04 19:05:00.000 +0900,,2990,4136,player_game_stats_insert,2026-05-26 16:58:52.302 +0900
586,"10819","726","6",2018-10-06 15:05:00.000 +0900,2019-01-19 19:10:00.000 +0900,2992,4110,player_game_stats_transfer,2026-05-26 16:58:52.302 +0900
668,"10819","835","00",2019-01-19 19:10:00.000 +0900,,4110,4110,player_game_stats_transfer,2026-05-26 16:58:58.497 +0900
522,"12577","706","6",2018-05-12 17:05:00.000 +0900,2019-01-19 19:10:00.000 +0900,2685,4110,player_game_stats_transfer,2026-05-26 16:58:50.581 +0900
516,"8738","729","8",2018-05-12 13:00:00.000 +0900,2019-01-19 19:10:00.000 +0900,2691,4110,player_game_stats_transfer,2026-05-26 16:58:50.581 +0900
1612,"51000308","716","0",2023-10-07 16:35:00.000 +0900,,501299,501996,player_game_stats_insert,2026-05-26 17:00:06.242 +0900
599,"8503","696","11",2018-10-06 18:05:00.000 +0900,2019-01-19 19:10:00.000 +0900,2994,4110,player_game_stats_transfer,2026-05-26 16:58:52.302 +0900
321,"8592","728","14",2017-05-13 16:05:00.000 +0900,2019-01-19 19:10:00.000 +0900,1325,4110,player_game_stats_transfer,2026-05-26 16:52:30.281 +0900
437,"8593","704","21",2017-09-30 18:05:00.000 +0900,2019-01-19 19:10:00.000 +0900,1587,4110,player_game_stats_transfer,2026-05-26 16:58:35.305 +0900
520,"8490","727","22",2018-05-12 14:05:00.000 +0900,2019-01-19 19:10:00.000 +0900,2688,4110,player_game_stats_transfer,2026-05-26 16:58:50.581 +0900
601,"8449","696","24",2018-10-06 18:05:00.000 +0900,2019-01-19 19:10:00.000 +0900,2994,4110,player_game_stats_transfer,2026-05-26 16:58:52.302 +0900
674,"8655","835","14",2019-01-19 19:10:00.000 +0900,2019-04-27 13:10:00.000 +0900,4110,4138,player_game_stats_transfer,2026-05-26 16:58:58.497 +0900
681,"8738","836","8",2019-01-19 19:10:00.000 +0900,2019-04-27 13:10:00.000 +0900,4110,4138,player_game_stats_transfer,2026-05-26 16:58:58.497 +0900
678,"9055","836","2",2019-01-19 19:10:00.000 +0900,2019-04-27 15:05:00.000 +0900,4110,4132,player_game_stats_transfer,2026-05-26 16:58:58.497 +0900
685,"8593","836","21",2019-01-19 19:10:00.000 +0900,2019-04-27 15:05:00.000 +0900,4110,4132,player_game_stats_transfer,2026-05-26 16:58:58.497 +0900
682,"8501","836","9",2019-01-19 19:10:00.000 +0900,2019-04-27 15:05:00.000 +0900,4110,4132,player_game_stats_transfer,2026-05-26 16:58:58.497 +0900
683,"8503","836","11",2019-01-19 19:10:00.000 +0900,2019-04-27 15:05:00.000 +0900,4110,4132,player_game_stats_transfer,2026-05-26 16:58:58.497 +0900
687,"8449","836","24",2019-01-19 19:10:00.000 +0900,2019-04-27 15:05:00.000 +0900,4110,4132,player_game_stats_transfer,2026-05-26 16:58:58.497 +0900
672,"12577","835","6",2019-01-19 19:10:00.000 +0900,2019-04-27 18:05:00.000 +0900,4110,4141,player_game_stats_transfer,2026-05-26 16:58:58.497 +0900
675,"9037","835","24",2019-01-19 19:10:00.000 +0900,2019-04-27 18:05:00.000 +0900,4110,4141,player_game_stats_transfer,2026-05-26 16:58:58.497 +0900
677,"12512","835","",2019-01-19 19:10:00.000 +0900,2019-04-27 18:05:00.000 +0900,4110,4141,player_game_stats_transfer,2026-05-26 16:58:58.497 +0900
673,"8447","835","9",2019-01-19 19:10:00.000 +0900,2019-10-05 16:05:00.000 +0900,4110,4157,player_game_stats_transfer,2026-05-26 16:58:58.497 +0900
669,"8721","835","1",2019-01-19 19:10:00.000 +0900,2019-10-05 19:05:00.000 +0900,4110,4167,player_game_stats_transfer,2026-05-26 16:58:58.497 +0900
684,"8592","836","14",2019-01-19 19:10:00.000 +0900,2019-10-05 19:05:00.000 +0900,4110,4167,player_game_stats_transfer,2026-05-26 16:58:58.497 +0900
679,"8509","836","6",2019-01-19 19:10:00.000 +0900,2019-10-06 15:05:00.000 +0900,4110,4151,player_game_stats_transfer,2026-05-26 16:58:58.497 +0900
649,"18479","728","3",2018-11-24 14:05:00.000 +0900,2019-10-12 15:05:00.000 +0900,3140,4170,player_game_stats_insert,2026-05-26 16:58:54.750 +0900
676,"8731","835","31",2019-01-19 19:10:00.000 +0900,2020-10-03 18:05:00.000 +0900,4110,5870,player_game_stats_transfer,2026-05-26 16:58:58.497 +0900
1611,"51000291","706","77",2023-10-07 16:35:00.000 +0900,,501293,503070,player_game_stats_insert,2026-05-26 17:00:06.242 +0900
667,"8650","835","0",2019-01-19 19:10:00.000 +0900,2019-04-26 19:05:00.000 +0900,4110,4135,player_game_stats_transfer,2026-05-26 16:58:58.497 +0900
671,"8835","835","4",2019-01-19 19:10:00.000 +0900,2019-04-26 19:05:00.000 +0900,4110,4135,player_game_stats_transfer,2026-05-26 16:58:58.497 +0900
680,"8484","836","7",2019-01-19 19:10:00.000 +0900,2019-04-26 19:05:00.000 +0900,4110,4135,player_game_stats_transfer,2026-05-26 16:58:58.497 +0900
686,"8490","836","22",2019-01-19 19:10:00.000 +0900,2019-04-26 19:05:00.000 +0900,4110,4135,player_game_stats_transfer,2026-05-26 16:58:58.497 +0900
670,"9489","835","3",2019-01-19 19:10:00.000 +0900,2019-04-27 13:10:00.000 +0900,4110,4138,player_game_stats_transfer,2026-05-26 16:58:58.497 +0900
88,"8749","704","",2016-10-01 16:00:00.000 +0900,2019-01-19 19:10:00.000 +0900,22,4110,player_game_stats_insert,2026-05-26 16:51:46.578 +0900
1576,"10832","699","34",2023-10-07 16:05:00.000 +0900,2025-10-04 15:05:00.000 +0900,501305,504746,player_game_stats_transfer,2026-05-26 17:00:06.242 +0900
1567,"8504","721","30",2023-10-07 15:35:00.000 +0900,,501301,505505,player_game_stats_transfer,2026-05-26 17:00:06.242 +0900
555,"9341","699","13",2018-10-06 14:05:00.000 +0900,,2996,3280,player_game_stats_insert,2026-05-26 16:58:52.302 +0900
689,"8749","836","",2019-01-19 19:10:00.000 +0900,2019-04-27 15:05:00.000 +0900,4110,4132,player_game_stats_transfer,2026-05-26 16:58:58.497 +0900
688,"9040","836","54",2019-01-19 19:10:00.000 +0900,2019-04-27 18:05:00.000 +0900,4110,4141,player_game_stats_transfer,2026-05-26 16:58:58.497 +0900
631,"18436","728","0",2018-10-07 15:05:00.000 +0900,2019-12-07 15:05:00.000 +0900,2999,4303,player_game_stats_insert,2026-05-26 16:58:52.302 +0900
1577,"18475","699","77",2023-10-07 16:05:00.000 +0900,2024-01-13 13:15:00.000 +0900,501305,502494,player_game_stats_transfer,2026-05-26 17:00:06.242 +0900
1512,"9055","704","2",2023-05-13 15:05:00.000 +0900,2024-01-14 15:15:00.000 +0900,501234,502496,player_game_stats_transfer,2026-05-26 17:00:04.592 +0900
628,"8485","703","24",2018-10-06 18:05:00.000 +0900,,3002,3481,player_game_stats_transfer,2026-05-26 16:58:52.302 +0900
1676,"15811","729","14",2023-10-21 14:05:00.000 +0900,,501351,506095,player_game_stats_transfer,2026-05-26 17:00:06.611 +0900
692,"20024","696","12",2019-01-26 18:05:00.000 +0900,2019-10-05 18:05:00.000 +0900,3295,4161,player_game_stats_insert,2026-05-26 16:58:58.873 +0900
693,"20023","696","3",2019-01-27 13:05:00.000 +0900,2024-10-05 15:05:00.000 +0900,3296,502718,player_game_stats_insert,2026-05-26 16:58:58.873 +0900
656,"19958","702","6",2018-12-23 14:05:00.000 +0900,,3217,3511,player_game_stats_insert,2026-05-26 16:58:56.777 +0900
1683,"9369","721","15",2023-10-28 15:05:00.000 +0900,2025-10-04 14:05:00.000 +0900,501383,504748,player_game_stats_transfer,2026-05-26 17:00:06.932 +0900
1541,"51000312","728","0",2023-10-07 13:55:00.000 +0900,2025-10-04 14:05:00.000 +0900,501309,504750,player_game_stats_insert,2026-05-26 17:00:06.242 +0900
1565,"33040","721","4",2023-10-07 15:35:00.000 +0900,,501301,505505,player_game_stats_insert,2026-05-26 17:00:06.242 +0900
1542,"51000313","728","10",2023-10-07 13:55:00.000 +0900,,501309,506086,player_game_stats_insert,2026-05-26 17:00:06.242 +0900
1543,"30469","728","11",2023-10-07 13:55:00.000 +0900,,501309,506086,player_game_stats_transfer,2026-05-26 17:00:06.242 +0900
1579,"10820","694","9",2023-10-07 16:05:00.000 +0900,2025-10-11 14:05:00.000 +0900,501305,504760,player_game_stats_transfer,2026-05-26 17:00:06.242 +0900
1682,"51000331","694","2",2023-10-28 15:05:00.000 +0900,,501383,501998,player_game_stats_insert,2026-05-26 17:00:06.932 +0900
1694,"51000230","721","17",2023-12-20 19:05:00.000 +0900,,501552,503068,player_game_stats_insert,2026-05-26 17:00:11.034 +0900
1669,"30468","694","12",2023-10-14 15:05:00.000 +0900,,501321,501998,player_game_stats_transfer,2026-05-26 17:00:06.242 +0900
1671,"30403","728","19",2023-10-14 15:05:00.000 +0900,2024-01-14 15:15:00.000 +0900,501333,502496,player_game_stats_transfer,2026-05-26 17:00:06.242 +0900
1509,"14302","701","30",2023-05-12 19:35:00.000 +0900,2024-01-14 15:15:00.000 +0900,501240,502496,player_game_stats_transfer,2026-05-26 17:00:04.592 +0900
1546,"51000314","728","43",2023-10-07 13:55:00.000 +0900,,501309,502530,player_game_stats_insert,2026-05-26 17:00:06.242 +0900
608,"9259","694","32",2018-10-06 18:05:00.000 +0900,2024-01-06 15:05:00.000 +0900,2994,501605,player_game_stats_insert,2026-05-26 16:58:52.302 +0900
1578,"5100000083","694","1",2023-10-07 16:05:00.000 +0900,,501305,501998,player_game_stats_transfer,2026-05-26 17:00:06.242 +0900
1681,"18460","716","9",2023-10-28 14:05:00.000 +0900,,501385,501570,player_game_stats_transfer,2026-05-26 17:00:06.611 +0900
694,"20025","701","7",2019-01-30 19:05:00.000 +0900,2021-10-02 11:55:00.000 +0900,3308,7438,player_game_stats_insert,2026-05-26 16:58:58.873 +0900
698,"9372","726","10",2019-02-03 14:05:00.000 +0900,,3313,3512,player_game_stats_insert,2026-05-26 16:59:00.217 +0900
123,"8513","702","32",2016-10-01 18:00:00.000 +0900,,20,4561,player_game_stats_insert,2026-05-26 16:51:46.578 +0900
700,"20037","700","24",2019-02-09 18:05:00.000 +0900,2022-10-01 15:05:00.000 +0900,3336,500015,player_game_stats_insert,2026-05-26 16:59:00.217 +0900
1704,"51000349","2488","8",2024-01-06 16:05:00.000 +0900,2025-10-04 16:05:00.000 +0900,501625,504744,player_game_stats_insert,2026-05-26 17:00:12.996 +0900
691,"20020","700","21",2019-01-23 19:05:00.000 +0900,,3281,3520,player_game_stats_insert,2026-05-26 16:58:58.497 +0900
1699,"51000202","702","34",2023-12-30 14:05:00.000 +0900,2024-10-05 16:40:00.000 +0900,501579,502728,player_game_stats_transfer,2026-05-26 17:00:11.034 +0900
582,"8643","700","32",2018-10-06 15:05:00.000 +0900,,2986,4573,player_game_stats_transfer,2026-05-26 16:58:52.302 +0900
596,"8737","696","6",2018-10-06 18:05:00.000 +0900,2020-10-03 15:05:00.000 +0900,2994,5854,player_game_stats_transfer,2026-05-26 16:58:52.302 +0900
595,"10897","696","0",2018-10-06 18:05:00.000 +0900,2020-10-24 16:05:00.000 +0900,2994,5930,player_game_stats_transfer,2026-05-26 16:58:52.302 +0900
690,"20021","700","8",2019-01-23 19:05:00.000 +0900,2021-01-02 15:05:00.000 +0900,3281,6108,player_game_stats_insert,2026-05-26 16:58:58.497 +0900
581,"8498","700","27",2018-10-06 15:05:00.000 +0900,2019-10-03 19:05:00.000 +0900,2986,4159,player_game_stats_transfer,2026-05-26 16:58:52.302 +0900
695,"9056","729","5",2019-01-30 19:05:00.000 +0900,2019-10-05 16:05:00.000 +0900,3309,4165,player_game_stats_transfer,2026-05-26 16:58:58.873 +0900
578,"18399","700","2",2018-10-06 15:05:00.000 +0900,2019-10-05 19:05:00.000 +0900,2986,4167,player_game_stats_insert,2026-05-26 16:58:52.302 +0900
579,"9400","700","10",2018-10-06 15:05:00.000 +0900,2019-10-06 15:05:00.000 +0900,2986,4151,player_game_stats_transfer,2026-05-26 16:58:52.302 +0900
1608,"30438","706","3",2023-10-07 16:35:00.000 +0900,2024-01-13 13:15:00.000 +0900,501293,502494,player_game_stats_transfer,2026-05-26 17:00:06.242 +0900
1548,"8589","703","6",2023-10-07 15:05:00.000 +0900,2024-01-14 15:15:00.000 +0900,501295,502496,player_game_stats_transfer,2026-05-26 17:00:06.242 +0900
1630,"12633","729","34",2023-10-07 16:35:00.000 +0900,2025-12-20 14:05:00.000 +0900,501303,505047,player_game_stats_transfer,2026-05-26 17:00:06.242 +0900
1621,"33039","712","9",2023-10-07 16:35:00.000 +0900,2024-01-17 19:30:00.000 +0900,501299,501632,player_game_stats_transfer,2026-05-26 17:00:06.242 +0900
665,"20018","727","11",2019-01-16 19:05:00.000 +0900,2023-01-13 19:00:00.000 +0900,3268,501173,player_game_stats_insert,2026-05-26 16:58:58.497 +0900
1547,"51000285","703","4",2023-10-07 15:05:00.000 +0900,2024-10-05 15:05:00.000 +0900,501295,502718,player_game_stats_insert,2026-05-26 17:00:06.242 +0900
625,"10297","703","11",2018-10-06 18:05:00.000 +0900,2020-02-15 15:05:00.000 +0900,3002,4488,player_game_stats_transfer,2026-05-26 16:58:52.302 +0900
1749,"55000589","53000072","15",2024-01-14 11:45:00.000 +0900,2025-10-18 16:35:00.000 +0900,502495,504793,player_game_stats_insert,2026-05-26 17:00:12.996 +0900
1706,"45868","3012","8",2024-01-13 13:15:00.000 +0900,,502494,502494,player_game_stats_insert,2026-05-26 17:00:12.996 +0900
1707,"45870","3012","9",2024-01-13 13:15:00.000 +0900,,502494,502494,player_game_stats_insert,2026-05-26 17:00:12.996 +0900
1713,"45866","3012","25",2024-01-13 13:15:00.000 +0900,,502494,502494,player_game_stats_insert,2026-05-26 17:00:12.996 +0900
1714,"45867","3012","34",2024-01-13 13:15:00.000 +0900,,502494,502494,player_game_stats_insert,2026-05-26 17:00:12.996 +0900
1717,"45869","3012","88",2024-01-13 13:15:00.000 +0900,,502494,502494,player_game_stats_insert,2026-05-26 17:00:12.996 +0900
1718,"45871","3012","99",2024-01-13 13:15:00.000 +0900,,502494,502494,player_game_stats_insert,2026-05-26 17:00:12.996 +0900
1719,"45873","3012","",2024-01-13 13:15:00.000 +0900,,502494,502494,player_game_stats_insert,2026-05-26 17:00:12.996 +0900
1720,"45847","3013","0",2024-01-13 13:15:00.000 +0900,,502494,502494,player_game_stats_insert,2026-05-26 17:00:12.996 +0900
1737,"45872","3013","",2024-01-13 13:15:00.000 +0900,,502494,502494,player_game_stats_insert,2026-05-26 17:00:12.996 +0900
1738,"55000076","53000072","4",2024-01-14 11:45:00.000 +0900,,502495,502495,player_game_stats_transfer,2026-05-26 17:00:12.996 +0900
1739,"55000015","53000072","5",2024-01-14 11:45:00.000 +0900,,502495,502495,player_game_stats_insert,2026-05-26 17:00:12.996 +0900
1740,"55000423","53000072","6",2024-01-14 11:45:00.000 +0900,,502495,502495,player_game_stats_insert,2026-05-26 17:00:12.996 +0900
1695,"51000342","692","96",2023-12-23 16:05:00.000 +0900,2024-01-14 11:45:00.000 +0900,501557,502495,player_game_stats_insert,2026-05-26 17:00:11.034 +0900
1745,"55000077","53000072","11",2024-01-14 11:45:00.000 +0900,,502495,502495,player_game_stats_insert,2026-05-26 17:00:12.996 +0900
1746,"55000960","53000072","12",2024-01-14 11:45:00.000 +0900,,502495,502495,player_game_stats_insert,2026-05-26 17:00:12.996 +0900
1747,"55000811","53000072","13",2024-01-14 11:45:00.000 +0900,,502495,502495,player_game_stats_insert,2026-05-26 17:00:12.996 +0900
1751,"55000752","53000073","5",2024-01-14 11:45:00.000 +0900,,502495,502495,player_game_stats_insert,2026-05-26 17:00:12.996 +0900
1698,"55000203","702","13",2023-12-30 14:05:00.000 +0900,2024-01-14 11:45:00.000 +0900,501579,502495,player_game_stats_transfer,2026-05-26 17:00:11.034 +0900
1755,"55000961","53000073","9",2024-01-14 11:45:00.000 +0900,,502495,502495,player_game_stats_insert,2026-05-26 17:00:12.996 +0900
1758,"55000009","53000073","12",2024-01-14 11:45:00.000 +0900,,502495,502495,player_game_stats_insert,2026-05-26 17:00:12.996 +0900
1705,"30438","3012","3",2024-01-13 13:15:00.000 +0900,2024-05-10 19:05:00.000 +0900,502494,502526,player_game_stats_transfer,2026-05-26 17:00:12.996 +0900
1724,"32980","3013","5",2024-01-13 13:15:00.000 +0900,2024-05-11 13:05:00.000 +0900,502494,502523,player_game_stats_transfer,2026-05-26 17:00:12.996 +0900
1741,"51000222","53000072","7",2024-01-14 11:45:00.000 +0900,2024-05-11 15:05:00.000 +0900,502495,502529,player_game_stats_transfer,2026-05-26 17:00:12.996 +0900
1709,"30437","3012","17",2024-01-13 13:15:00.000 +0900,2024-10-04 19:05:00.000 +0900,502494,502730,player_game_stats_transfer,2026-05-26 17:00:12.996 +0900
1750,"55000162","53000073","4",2024-01-14 11:45:00.000 +0900,2024-10-04 19:05:00.000 +0900,502495,502730,player_game_stats_transfer,2026-05-26 17:00:12.996 +0900
1715,"15815","3012","75",2024-01-13 13:15:00.000 +0900,2024-10-05 15:05:00.000 +0900,502494,502718,player_game_stats_transfer,2026-05-26 17:00:12.996 +0900
1716,"18475","3012","77",2024-01-13 13:15:00.000 +0900,2024-10-05 16:05:00.000 +0900,502494,502726,player_game_stats_transfer,2026-05-26 17:00:12.996 +0900
1728,"33036","3013","9",2024-01-13 13:15:00.000 +0900,2024-10-05 16:30:00.000 +0900,502494,502710,player_game_stats_transfer,2026-05-26 17:00:12.996 +0900
1753,"55000567","53000073","7",2024-01-14 11:45:00.000 +0900,2024-11-06 19:35:00.000 +0900,502495,502853,player_game_stats_transfer,2026-05-26 17:00:12.996 +0900
1752,"55000203","53000073","6",2024-01-14 11:45:00.000 +0900,2024-12-07 14:05:00.000 +0900,502495,502902,player_game_stats_transfer,2026-05-26 17:00:12.996 +0900
1744,"55000818","53000072","10",2024-01-14 11:45:00.000 +0900,2025-01-19 11:30:00.000 +0900,502495,503881,player_game_stats_insert,2026-05-26 17:00:12.996 +0900
1754,"55000845","53000073","8",2024-01-14 11:45:00.000 +0900,2025-01-19 11:30:00.000 +0900,502495,503881,player_game_stats_insert,2026-05-26 17:00:12.996 +0900
1756,"55000576","53000073","10",2024-01-14 11:45:00.000 +0900,2025-01-19 11:30:00.000 +0900,502495,503881,player_game_stats_transfer,2026-05-26 17:00:12.996 +0900
1757,"55000453","53000073","11",2024-01-14 11:45:00.000 +0900,2025-01-19 11:30:00.000 +0900,502495,503881,player_game_stats_insert,2026-05-26 17:00:12.996 +0900
1759,"55000174","53000073","13",2024-01-14 11:45:00.000 +0900,2025-01-19 11:30:00.000 +0900,502495,503881,player_game_stats_insert,2026-05-26 17:00:12.996 +0900
1748,"55000571","53000072","14",2024-01-14 11:45:00.000 +0900,,502495,503881,player_game_stats_transfer,2026-05-26 17:00:12.996 +0900
1760,"55000463","53000073","14",2024-01-14 11:45:00.000 +0900,,502495,502495,player_game_stats_insert,2026-05-26 17:00:12.996 +0900
1761,"55000826","53000073","15",2024-01-14 11:45:00.000 +0900,,502495,502495,player_game_stats_insert,2026-05-26 17:00:12.996 +0900
1531,"9063","1638","55",2023-10-05 19:05:00.000 +0900,,501311,505485,player_game_stats_transfer,2026-05-26 17:00:06.242 +0900
1657,"51000304","2488","7",2023-10-08 16:05:00.000 +0900,,501313,506099,player_game_stats_insert,2026-05-26 17:00:06.242 +0900
1776,"30460","836","5",2024-01-14 15:15:00.000 +0900,,502496,502496,player_game_stats_transfer,2026-05-26 17:00:12.996 +0900
1777,"33094","836","7",2024-01-14 15:15:00.000 +0900,,502496,502496,player_game_stats_transfer,2026-05-26 17:00:12.996 +0900
1779,"8509","836","11",2024-01-14 15:15:00.000 +0900,,502496,502496,player_game_stats_transfer,2026-05-26 17:00:12.996 +0900
1665,"51000267","704","12",2023-10-08 16:05:00.000 +0900,2024-01-14 15:15:00.000 +0900,501313,502496,player_game_stats_insert,2026-05-26 17:00:06.242 +0900
1673,"12577","2488","18",2023-10-14 17:35:00.000 +0900,2024-01-14 15:15:00.000 +0900,501329,502496,player_game_stats_transfer,2026-05-26 17:00:06.242 +0900
1786,"12631","836","40",2024-01-14 15:15:00.000 +0900,,502496,502496,player_game_stats_transfer,2026-05-26 17:00:12.996 +0900
707,"22397","697","10",2019-03-03 14:05:00.000 +0900,,3357,3357,player_game_stats_insert,2026-05-26 16:59:01.912 +0900
1771,"26914","835","45",2024-01-14 15:15:00.000 +0900,2024-05-10 19:05:00.000 +0900,502496,502526,player_game_stats_transfer,2026-05-26 17:00:12.996 +0900
1764,"8589","835","6",2024-01-14 15:15:00.000 +0900,2024-05-10 19:25:00.000 +0900,502496,502520,player_game_stats_transfer,2026-05-26 17:00:12.996 +0900
1770,"5100000081","835","42",2024-01-14 15:15:00.000 +0900,2024-05-10 19:25:00.000 +0900,502496,502520,player_game_stats_transfer,2026-05-26 17:00:12.996 +0900
1784,"12577","836","18",2024-01-14 15:15:00.000 +0900,2024-10-04 19:05:00.000 +0900,502496,502730,player_game_stats_transfer,2026-05-26 17:00:12.996 +0900
1774,"9055","836","2",2024-01-14 15:15:00.000 +0900,2024-05-10 19:25:00.000 +0900,502496,502520,player_game_stats_transfer,2026-05-26 17:00:12.996 +0900
1766,"12598","835","8",2024-01-14 15:15:00.000 +0900,2024-10-04 19:05:00.000 +0900,502496,502730,player_game_stats_transfer,2026-05-26 17:00:12.996 +0900
1782,"9033","836","15",2024-01-14 15:15:00.000 +0900,2024-10-05 14:05:00.000 +0900,502496,502724,player_game_stats_transfer,2026-05-26 17:00:12.996 +0900
1783,"9489","836","16",2024-01-14 15:15:00.000 +0900,2024-10-05 15:35:00.000 +0900,502496,502722,player_game_stats_transfer,2026-05-26 17:00:12.996 +0900
1780,"51000267","836","12",2024-01-14 15:15:00.000 +0900,2024-05-10 19:25:00.000 +0900,502496,502520,player_game_stats_transfer,2026-05-26 17:00:12.996 +0900
1601,"8500","693","51",2023-10-07 16:35:00.000 +0900,2024-10-05 16:05:00.000 +0900,501291,502726,player_game_stats_transfer,2026-05-26 17:00:06.242 +0900
1691,"51000178","2488","13",2023-12-09 16:05:00.000 +0900,2024-10-05 16:30:00.000 +0900,501515,502710,player_game_stats_insert,2026-05-26 17:00:10.686 +0900
1785,"8658","836","32",2024-01-14 15:15:00.000 +0900,2024-05-11 13:05:00.000 +0900,502496,502523,player_game_stats_transfer,2026-05-26 17:00:12.996 +0900
1781,"33097","836","13",2024-01-14 15:15:00.000 +0900,2024-05-11 13:05:00.000 +0900,502496,502523,player_game_stats_transfer,2026-05-26 17:00:12.996 +0900
1763,"14301","835","2",2024-01-14 15:15:00.000 +0900,2024-05-11 15:05:00.000 +0900,502496,502529,player_game_stats_transfer,2026-05-26 17:00:12.996 +0900
1768,"30403","835","19",2024-01-14 15:15:00.000 +0900,2024-05-11 15:05:00.000 +0900,502496,502529,player_game_stats_transfer,2026-05-26 17:00:12.996 +0900
1762,"8482","835","0",2024-01-14 15:15:00.000 +0900,2024-10-03 19:05:00.000 +0900,502496,502714,player_game_stats_transfer,2026-05-26 17:00:12.996 +0900
1778,"8487","836","9",2024-01-14 15:15:00.000 +0900,2024-10-03 19:05:00.000 +0900,502496,502714,player_game_stats_transfer,2026-05-26 17:00:12.996 +0900
1773,"20021","835","91",2024-01-14 15:15:00.000 +0900,2024-05-10 19:05:00.000 +0900,502496,502526,player_game_stats_transfer,2026-05-26 17:00:12.996 +0900
1767,"8655","835","14",2024-01-14 15:15:00.000 +0900,2024-05-10 19:05:00.000 +0900,502496,502526,player_game_stats_transfer,2026-05-26 17:00:12.996 +0900
1775,"8467","836","3",2024-01-14 15:15:00.000 +0900,2024-10-05 16:40:00.000 +0900,502496,502728,player_game_stats_transfer,2026-05-26 17:00:12.996 +0900
1769,"14302","835","30",2024-01-14 15:15:00.000 +0900,2024-05-10 19:05:00.000 +0900,502496,502526,player_game_stats_transfer,2026-05-26 17:00:12.996 +0900
1765,"8484","835","7",2024-01-14 15:15:00.000 +0900,2024-10-05 18:05:00.000 +0900,502496,502720,player_game_stats_transfer,2026-05-26 17:00:12.996 +0900
1772,"30465","835","50",2024-01-14 15:15:00.000 +0900,2024-10-05 18:05:00.000 +0900,502496,502720,player_game_stats_transfer,2026-05-26 17:00:12.996 +0900
696,"20022","695","10",2019-02-02 15:05:00.000 +0900,,3316,4563,player_game_stats_insert,2026-05-26 16:59:00.217 +0900
1575,"30521","699","24",2023-10-07 16:05:00.000 +0900,,501305,505506,player_game_stats_transfer,2026-05-26 17:00:06.242 +0900
659,"19997","698","23",2018-12-29 18:05:00.000 +0900,2019-03-03 15:05:00.000 +0900,3243,3349,player_game_stats_insert,2026-05-26 16:58:56.777 +0900
648,"9495","697","1",2018-11-17 14:05:00.000 +0900,,3133,3517,player_game_stats_transfer,2026-05-26 16:58:54.750 +0900
1791,"51000354","700","3",2024-01-21 14:05:00.000 +0900,,501654,503425,player_game_stats_insert,2026-05-26 17:00:13.382 +0900
592,"18167","729","13",2018-10-06 16:05:00.000 +0900,2021-10-01 19:25:00.000 +0900,2998,7422,player_game_stats_insert,2026-05-26 16:58:52.302 +0900
1793,"51000361","693","12",2024-01-26 19:05:00.000 +0900,,501673,505485,player_game_stats_insert,2026-05-26 17:00:13.382 +0900
1647,"5100000025","697","15",2023-10-07 18:05:00.000 +0900,2025-10-04 18:05:00.000 +0900,501297,504752,player_game_stats_transfer,2026-05-26 17:00:06.242 +0900
1696,"51000340","1638","12",2023-12-23 16:05:00.000 +0900,,501577,501660,player_game_stats_insert,2026-05-26 17:00:11.034 +0900
1689,"51000335","693","15",2023-12-02 14:05:00.000 +0900,,501471,504884,player_game_stats_insert,2026-05-26 17:00:10.336 +0900
1792,"12642","693","7",2024-01-26 19:05:00.000 +0900,2026-03-28 14:05:00.000 +0900,501673,505302,player_game_stats_transfer,2026-05-26 17:00:13.382 +0900
1697,"51000341","1638","13",2023-12-23 16:05:00.000 +0900,,501577,503269,player_game_stats_insert,2026-05-26 17:00:11.034 +0900
1788,"51000353","704","18",2024-01-17 19:05:00.000 +0900,2024-10-05 15:35:00.000 +0900,501629,502722,player_game_stats_insert,2026-05-26 17:00:12.996 +0900
1787,"18478","712","14",2024-01-17 19:05:00.000 +0900,,501627,505487,player_game_stats_transfer,2026-05-26 17:00:12.996 +0900
1624,"30510","712","22",2023-10-07 16:35:00.000 +0900,2025-03-22 15:05:00.000 +0900,501299,503234,player_game_stats_insert,2026-05-26 17:00:06.242 +0900
1693,"32997","692","33",2023-12-16 15:35:00.000 +0900,2024-02-10 16:05:00.000 +0900,501531,501743,player_game_stats_transfer,2026-05-26 17:00:10.686 +0900
1623,"51000311","712","18",2023-10-07 16:35:00.000 +0900,2024-10-05 14:05:00.000 +0900,501299,502724,player_game_stats_insert,2026-05-26 17:00:06.242 +0900
1609,"51000290","706","23",2023-10-07 16:35:00.000 +0900,,501293,503893,player_game_stats_insert,2026-05-26 17:00:06.242 +0900
1622,"51000138","712","12",2023-10-07 16:35:00.000 +0900,2024-10-19 15:05:00.000 +0900,501299,502766,player_game_stats_transfer,2026-05-26 17:00:06.242 +0900
1795,"51000360","712","8",2024-01-27 15:05:00.000 +0900,,501665,501724,player_game_stats_insert,2026-05-26 17:00:13.382 +0900
1797,"55000123","693","13",2024-01-31 19:05:00.000 +0900,,501689,505236,player_game_stats_insert,2026-05-26 17:00:13.717 +0900
1634,"9037","726","13",2023-10-07 16:35:00.000 +0900,2025-01-19 15:00:00.000 +0900,501303,503882,player_game_stats_transfer,2026-05-26 17:00:06.242 +0900
1563,"51000167","717","24",2023-10-07 15:35:00.000 +0900,,501301,502000,player_game_stats_transfer,2026-05-26 17:00:06.242 +0900
1625,"51000277","729","0",2023-10-07 16:35:00.000 +0900,2024-10-05 15:05:00.000 +0900,501303,502712,player_game_stats_insert,2026-05-26 17:00:06.242 +0900
1701,"51000116","701","18",2023-12-31 13:05:00.000 +0900,2025-01-18 16:00:00.000 +0900,501601,503880,player_game_stats_transfer,2026-05-26 17:00:11.377 +0900
1631,"51000280","726","5",2023-10-07 16:35:00.000 +0900,2025-10-04 15:05:00.000 +0900,501303,504730,player_game_stats_insert,2026-05-26 17:00:06.242 +0900
1790,"5100000034","726","3",2024-01-20 14:05:00.000 +0900,,501657,505501,player_game_stats_transfer,2026-05-26 17:00:13.382 +0900
1633,"8447","726","9",2023-10-07 16:35:00.000 +0900,,501303,505501,player_game_stats_transfer,2026-05-26 17:00:06.242 +0900
1538,"8654","720","13",2023-10-07 13:55:00.000 +0900,2025-10-04 18:05:00.000 +0900,501309,504738,player_game_stats_transfer,2026-05-26 17:00:06.242 +0900
1539,"51000275","720","20",2023-10-07 13:55:00.000 +0900,,501309,503890,player_game_stats_insert,2026-05-26 17:00:06.242 +0900
1540,"8483","720","32",2023-10-07 13:55:00.000 +0900,2025-10-04 18:05:00.000 +0900,501309,504738,player_game_stats_transfer,2026-05-26 17:00:06.242 +0900
1703,"9259","703","32",2024-01-06 15:05:00.000 +0900,2024-02-07 19:05:00.000 +0900,501605,501733,player_game_stats_transfer,2026-05-26 17:00:12.996 +0900
711,"22396","694","12",2019-03-24 14:05:00.000 +0900,,3416,3416,player_game_stats_insert,2026-05-26 16:59:02.271 +0900
1537,"12587","720","12",2023-10-07 13:55:00.000 +0900,,501309,502006,player_game_stats_transfer,2026-05-26 17:00:06.242 +0900
1679,"8835","726","4",2023-10-21 17:05:00.000 +0900,2024-10-05 15:05:00.000 +0900,501345,502718,player_game_stats_transfer,2026-05-26 17:00:06.611 +0900
1802,"9259","720","33",2024-02-07 19:05:00.000 +0900,2024-10-05 16:05:00.000 +0900,501733,502726,player_game_stats_transfer,2026-05-26 17:00:15.070 +0900
1645,"51000276","697","11",2023-10-07 18:05:00.000 +0900,,501297,501750,player_game_stats_insert,2026-05-26 17:00:06.242 +0900
1798,"40169","2488","99",2024-01-31 19:05:00.000 +0900,,501697,501793,player_game_stats_transfer,2026-05-26 17:00:13.717 +0900
712,"20032","696","5",2019-03-27 19:05:00.000 +0900,,3431,3431,player_game_stats_insert,2026-05-26 16:59:02.613 +0900
57,"8489","727","18",2016-10-01 15:00:00.000 +0900,2025-10-04 15:05:00.000 +0900,23,504730,player_game_stats_insert,2026-05-26 16:51:46.578 +0900
1804,"9431","702","5",2024-02-10 18:05:00.000 +0900,,501757,501783,player_game_stats_transfer,2026-05-26 17:00:15.406 +0900
664,"19998","726","44",2019-01-16 19:05:00.000 +0900,2024-10-05 16:40:00.000 +0900,3267,502728,player_game_stats_insert,2026-05-26 16:58:58.497 +0900
1794,"51000350","702","6",2024-01-27 15:05:00.000 +0900,,501663,505483,player_game_stats_insert,2026-05-26 17:00:13.382 +0900
1527,"8463","1638","30",2023-10-05 19:05:00.000 +0900,,501311,503429,player_game_stats_transfer,2026-05-26 17:00:06.242 +0900
1564,"26912","717","54",2023-10-07 15:35:00.000 +0900,,501301,505503,player_game_stats_transfer,2026-05-26 17:00:06.242 +0900
1618,"51000302","716","21",2023-10-07 16:35:00.000 +0900,,501299,501789,player_game_stats_insert,2026-05-26 17:00:06.242 +0900
1526,"51000111","1638","25",2023-10-05 19:05:00.000 +0900,2025-01-18 16:00:00.000 +0900,501311,503880,player_game_stats_insert,2026-05-26 17:00:06.242 +0900
1614,"51000323","716","4",2023-10-07 16:35:00.000 +0900,,501299,501996,player_game_stats_insert,2026-05-26 17:00:06.242 +0900
1688,"51000286","716","25",2023-12-02 14:05:00.000 +0900,,501471,501996,player_game_stats_transfer,2026-05-26 17:00:10.336 +0900
1789,"33039","716","26",2024-01-17 19:30:00.000 +0900,,501632,501996,player_game_stats_transfer,2026-05-26 17:00:12.996 +0900
533,"18426","727","21",2018-10-04 19:05:00.000 +0900,,2990,4136,player_game_stats_insert,2026-05-26 16:58:52.302 +0900
521,"8691","727","",2018-05-12 14:05:00.000 +0900,,2688,4136,player_game_stats_transfer,2026-05-26 16:58:50.581 +0900
1670,"51000322","716","5",2023-10-14 15:05:00.000 +0900,,501323,501973,player_game_stats_insert,2026-05-26 17:00:06.242 +0900
1809,"51000376","1638","17",2024-03-06 19:05:00.000 +0900,,501792,505401,player_game_stats_insert,2026-05-26 17:00:16.939 +0900
1803,"32997","727","1",2024-02-10 16:05:00.000 +0900,,501743,501789,player_game_stats_transfer,2026-05-26 17:00:15.406 +0900
1807,"51000369","712","23",2024-03-06 19:05:00.000 +0900,,501785,501797,player_game_stats_insert,2026-05-26 17:00:16.939 +0900
1808,"55000868","712","39",2024-03-06 19:05:00.000 +0900,,501785,501797,player_game_stats_insert,2026-05-26 17:00:16.939 +0900
1702,"51000232","697","16",2023-12-31 14:05:00.000 +0900,2024-12-18 19:05:00.000 +0900,501586,502963,player_game_stats_transfer,2026-05-26 17:00:11.377 +0900
1801,"26889","1638","66",2024-02-03 16:05:00.000 +0900,,501719,503019,player_game_stats_insert,2026-05-26 17:00:15.070 +0900
1662,"26891","2488","33",2023-10-08 16:05:00.000 +0900,,501313,501816,player_game_stats_transfer,2026-05-26 17:00:06.242 +0900
709,"19997","753","23",2019-03-03 15:05:00.000 +0900,,3349,3505,player_game_stats_transfer,2026-05-26 16:59:01.912 +0900
1805,"8736","693","2",2024-03-02 15:05:00.000 +0900,2025-10-04 15:05:00.000 +0900,501777,504746,player_game_stats_transfer,2026-05-26 17:00:16.939 +0900
1636,"8493","726","43",2023-10-07 16:35:00.000 +0900,,501303,505501,player_game_stats_transfer,2026-05-26 17:00:06.242 +0900
710,"9058","701","22",2019-03-23 14:05:00.000 +0900,,3419,3507,player_game_stats_transfer,2026-05-26 16:59:02.271 +0900
703,"22395","703","7",2019-03-02 17:05:00.000 +0900,,3356,4145,player_game_stats_insert,2026-05-26 16:59:01.912 +0900
1572,"30522","699","15",2023-10-07 16:05:00.000 +0900,2024-10-12 15:05:00.000 +0900,501305,502734,player_game_stats_insert,2026-05-26 17:00:06.242 +0900
16,"9032","706","13",2016-10-01 14:00:00.000 +0900,,21,505448,player_game_stats_insert,2026-05-26 16:51:46.578 +0900
1659,"5100000012","2488","11",2023-10-08 16:05:00.000 +0900,2024-11-30 15:05:00.000 +0900,501313,502878,player_game_stats_transfer,2026-05-26 17:00:06.242 +0900
1558,"8688","717","6",2023-10-07 15:35:00.000 +0900,,501301,502000,player_game_stats_transfer,2026-05-26 17:00:06.242 +0900
1700,"51000259","694","11",2023-12-30 15:05:00.000 +0900,2024-10-05 15:05:00.000 +0900,501591,502718,player_game_stats_transfer,2026-05-26 17:00:11.377 +0900
1690,"51000334","712","84",2023-12-02 15:05:00.000 +0900,,501461,501870,player_game_stats_insert,2026-05-26 17:00:10.336 +0900
663,"8589","703","6",2019-01-16 19:05:00.000 +0900,2020-01-18 19:10:00.000 +0900,3266,5633,player_game_stats_transfer,2026-05-26 16:58:58.497 +0900
523,"9033","706","15",2018-05-12 17:05:00.000 +0900,2020-01-18 19:10:00.000 +0900,2685,5633,player_game_stats_transfer,2026-05-26 16:58:50.581 +0900
585,"8784","726","3",2018-10-06 15:05:00.000 +0900,2022-10-01 17:35:00.000 +0900,2992,500011,player_game_stats_transfer,2026-05-26 16:58:52.302 +0900
1559,"5100000014","717","8",2023-10-07 15:35:00.000 +0900,2025-01-18 16:00:00.000 +0900,501301,503880,player_game_stats_transfer,2026-05-26 17:00:06.242 +0900
452,"14301","706","2",2017-12-02 14:05:00.000 +0900,2019-10-05 17:05:00.000 +0900,1736,4163,player_game_stats_insert,2026-05-26 16:58:40.771 +0900
655,"19956","706","32",2018-12-22 18:05:00.000 +0900,2019-10-05 17:05:00.000 +0900,3206,4163,player_game_stats_insert,2026-05-26 16:58:56.777 +0900
642,"8695","726","",2018-10-27 18:05:00.000 +0900,,3060,4559,player_game_stats_transfer,2026-05-26 16:58:52.708 +0900
13,"9029","706","7",2016-10-01 14:00:00.000 +0900,,21,4569,player_game_stats_insert,2026-05-26 16:51:46.578 +0900
27,"8590","728","4",2016-10-01 14:10:00.000 +0900,2019-10-05 17:05:00.000 +0900,26,4163,player_game_stats_insert,2026-05-26 16:51:46.578 +0900
542,"8756","693","34",2018-10-06 14:05:00.000 +0900,2019-10-05 19:05:00.000 +0900,2988,4167,player_game_stats_insert,2026-05-26 16:58:52.302 +0900
587,"18398","726","34",2018-10-06 15:05:00.000 +0900,,2992,501996,player_game_stats_insert,2026-05-26 16:58:52.302 +0900
1806,"51000374","712","32",2024-03-02 17:35:00.000 +0900,2024-10-05 15:35:00.000 +0900,501769,502722,player_game_stats_insert,2026-05-26 17:00:16.939 +0900
658,"15829","693","21",2018-12-27 19:05:00.000 +0900,2023-01-14 19:15:00.000 +0900,3221,501172,player_game_stats_insert,2026-05-26 16:58:56.777 +0900
535,"8486","693","7",2018-10-06 14:05:00.000 +0900,2021-10-01 19:25:00.000 +0900,2988,7422,player_game_stats_transfer,2026-05-26 16:58:52.302 +0900
543,"18172","693","40",2018-10-06 14:05:00.000 +0900,2021-10-01 19:25:00.000 +0900,2988,7422,player_game_stats_insert,2026-05-26 16:58:52.302 +0900
538,"10845","693","13",2018-10-06 14:05:00.000 +0900,,2988,3509,player_game_stats_insert,2026-05-26 16:58:52.302 +0900
545,"12520","693","",2018-10-06 14:05:00.000 +0900,,2988,3509,player_game_stats_insert,2026-05-26 16:58:52.302 +0900
653,"19957","728","11",2018-12-22 14:05:00.000 +0900,2021-10-02 18:05:00.000 +0900,3210,7430,player_game_stats_insert,2026-05-26 16:58:56.777 +0900
556,"18461","699","20",2018-10-06 14:05:00.000 +0900,2023-10-05 19:05:00.000 +0900,2996,501311,player_game_stats_insert,2026-05-26 16:58:52.302 +0900
334,"8510","728","12",2017-09-29 19:05:00.000 +0900,2019-10-05 18:05:00.000 +0900,1573,4161,player_game_stats_transfer,2026-05-26 16:58:35.305 +0900
647,"18475","728","30",2018-11-16 19:05:00.000 +0900,2019-10-05 19:05:00.000 +0900,3135,4167,player_game_stats_insert,2026-05-26 16:58:54.750 +0900
708,"20033","697","22",2019-03-03 14:05:00.000 +0900,2019-12-07 14:05:00.000 +0900,3357,4307,player_game_stats_insert,2026-05-26 16:59:01.912 +0900
544,"12459","693","43",2018-10-06 14:05:00.000 +0900,,2988,6195,player_game_stats_insert,2026-05-26 16:58:52.302 +0900
226,"8470","693","55",2016-10-09 13:15:00.000 +0900,2020-10-03 15:05:00.000 +0900,46,5872,player_game_stats_insert,2026-05-26 16:51:46.578 +0900
537,"8734","693","9",2018-10-06 14:05:00.000 +0900,2020-10-03 17:05:00.000 +0900,2988,5868,player_game_stats_transfer,2026-05-26 16:58:52.302 +0900
30,"9405","728","9",2016-10-01 14:10:00.000 +0900,2020-10-03 18:05:00.000 +0900,26,5860,player_game_stats_insert,2026-05-26 16:51:46.578 +0900
539,"8544","693","15",2018-10-06 14:05:00.000 +0900,2020-10-03 18:05:00.000 +0900,2988,5864,player_game_stats_insert,2026-05-26 16:58:52.302 +0900
1812,"51000379","700","11",2024-03-20 19:35:00.000 +0900,2025-10-04 15:05:00.000 +0900,501806,504732,player_game_stats_insert,2026-05-26 17:00:17.282 +0900
540,"10848","693","17",2018-10-06 14:05:00.000 +0900,,2988,505485,player_game_stats_transfer,2026-05-26 16:58:52.302 +0900
1660,"12605","2488","14",2023-10-08 16:05:00.000 +0900,2025-10-04 18:05:00.000 +0900,501313,504736,player_game_stats_insert,2026-05-26 17:00:06.242 +0900
643,"8568","697","15",2018-10-27 18:05:00.000 +0900,2021-10-02 14:05:00.000 +0900,3062,7428,player_game_stats_transfer,2026-05-26 16:58:52.708 +0900
583,"9063","700","55",2018-10-06 15:05:00.000 +0900,2021-10-02 18:05:00.000 +0900,2986,7424,player_game_stats_transfer,2026-05-26 16:58:52.302 +0900
636,"8552","697","7",2018-10-13 17:05:00.000 +0900,,3006,3517,player_game_stats_transfer,2026-05-26 16:58:52.302 +0900
1678,"8561","712","25",2023-10-21 17:05:00.000 +0900,,501341,505487,player_game_stats_transfer,2026-05-26 17:00:06.611 +0900
713,"18168","695","8",2019-04-14 16:05:00.000 +0900,,3497,3515,player_game_stats_transfer,2026-05-26 16:59:04.527 +0900
702,"22398","753","58",2019-03-02 15:05:00.000 +0900,,3348,3523,player_game_stats_insert,2026-05-26 16:59:01.912 +0900
1811,"51000378","2488","40",2024-03-20 15:45:00.000 +0900,,501805,502004,player_game_stats_insert,2026-05-26 17:00:16.939 +0900
173,"8571","697","73",2016-10-01 18:00:00.000 +0900,2019-10-05 16:05:00.000 +0900,25,4157,player_game_stats_insert,2026-05-26 16:51:46.578 +0900
1813,"33095","702","22",2024-03-23 15:05:00.000 +0900,2024-10-04 19:05:00.000 +0900,501807,502730,player_game_stats_transfer,2026-05-26 17:00:17.282 +0900
412,"8483","699","7",2017-09-30 18:05:00.000 +0900,2019-10-05 16:05:00.000 +0900,1583,4157,player_game_stats_transfer,2026-05-26 16:58:35.305 +0900
243,"10262","699","45",2017-01-02 16:00:00.000 +0900,2019-10-05 16:05:00.000 +0900,256,4165,player_game_stats_insert,2026-05-26 16:52:22.529 +0900
1581,"8510","700","7",2023-10-07 16:05:00.000 +0900,,501307,501986,player_game_stats_transfer,2026-05-26 17:00:06.242 +0900
552,"8577","697","6",2018-10-06 14:05:00.000 +0900,2019-10-05 19:05:00.000 +0900,2996,4167,player_game_stats_transfer,2026-05-26 16:58:52.302 +0900
305,"10878","693","24",2017-03-25 17:00:00.000 +0900,2024-10-05 15:35:00.000 +0900,408,502722,player_game_stats_insert,2026-05-26 16:52:26.294 +0900
554,"12663","697","45",2018-10-06 14:05:00.000 +0900,2019-12-15 14:05:00.000 +0900,2996,4329,player_game_stats_transfer,2026-05-26 16:58:52.302 +0900
174,"8747","697","",2016-10-01 18:00:00.000 +0900,2019-12-21 19:05:00.000 +0900,25,4356,player_game_stats_insert,2026-05-26 16:51:46.578 +0900
704,"22399","698","5",2019-03-02 18:05:00.000 +0900,2020-12-02 19:05:00.000 +0900,3360,6005,player_game_stats_insert,2026-05-26 16:59:01.912 +0900
1796,"51000362","728","16",2024-01-27 15:05:00.000 +0900,,501669,505184,player_game_stats_insert,2026-05-26 17:00:13.382 +0900
1810,"51000159","696","19",2024-03-20 15:05:00.000 +0900,2024-12-07 15:05:00.000 +0900,501801,502912,player_game_stats_transfer,2026-05-26 17:00:16.939 +0900
287,"10815","729","9",2017-01-18 19:00:00.000 +0900,2021-10-02 14:00:00.000 +0900,264,7441,player_game_stats_insert,2026-05-26 16:52:22.529 +0900
701,"20034","729","31",2019-02-10 15:05:00.000 +0900,2021-10-02 15:05:00.000 +0900,3341,7434,player_game_stats_insert,2026-05-26 16:59:00.217 +0900
1560,"30512","717","10",2023-10-07 15:35:00.000 +0900,,501301,505472,player_game_stats_transfer,2026-05-26 17:00:06.242 +0900
726,"8449","696","24",2019-04-27 15:05:00.000 +0900,2019-10-03 19:05:00.000 +0900,4132,4159,player_game_stats_transfer,2026-05-26 16:59:04.527 +0900
588,"8462","729","0",2018-10-06 16:05:00.000 +0900,2022-10-01 16:05:00.000 +0900,2998,500019,player_game_stats_transfer,2026-05-26 16:58:52.302 +0900
720,"8738","729","8",2019-04-27 13:10:00.000 +0900,2020-01-18 19:10:00.000 +0900,4138,5633,player_game_stats_transfer,2026-05-26 16:59:04.527 +0900
344,"12518","729","",2017-09-29 19:05:00.000 +0900,,1575,4571,player_game_stats_insert,2026-05-26 16:58:35.305 +0900
600,"9423","696","13",2018-10-06 18:05:00.000 +0900,,2994,4133,player_game_stats_transfer,2026-05-26 16:58:52.302 +0900
590,"10844","729","3",2018-10-06 16:05:00.000 +0900,2020-10-03 18:05:00.000 +0900,2998,5870,player_game_stats_transfer,2026-05-26 16:58:52.302 +0900
1800,"51000233","727","42",2024-02-03 15:05:00.000 +0900,,501715,503355,player_game_stats_transfer,2026-05-26 17:00:15.070 +0900
1692,"51000245","696","30",2023-12-16 15:05:00.000 +0900,,501529,502000,player_game_stats_transfer,2026-05-26 17:00:10.686 +0900
1583,"5100000053","700","21",2023-10-07 16:05:00.000 +0900,,501307,502006,player_game_stats_transfer,2026-05-26 17:00:06.242 +0900
1585,"51000270","700","34",2023-10-07 16:05:00.000 +0900,,501307,502006,player_game_stats_insert,2026-05-26 17:00:06.242 +0900
727,"9040","695","54",2019-04-27 18:05:00.000 +0900,2019-10-05 19:05:00.000 +0900,4141,4167,player_game_stats_transfer,2026-05-26 16:59:04.527 +0900
728,"12577","706","6",2019-04-27 18:05:00.000 +0900,2023-10-14 17:35:00.000 +0900,4141,501329,player_game_stats_transfer,2026-05-26 16:59:04.527 +0900
1648,"51000271","697","23",2023-10-07 18:05:00.000 +0900,2025-10-04 14:05:00.000 +0900,501297,504750,player_game_stats_insert,2026-05-26 17:00:06.242 +0900
1529,"26888","1638","34",2023-10-05 19:05:00.000 +0900,,501311,505485,player_game_stats_insert,2026-05-26 17:00:06.242 +0900
1824,"8658","697","32",2024-05-11 13:05:00.000 +0900,2025-10-04 18:05:00.000 +0900,502523,504736,player_game_stats_transfer,2026-05-26 17:00:21.285 +0900
1570,"26922","699","10",2023-10-07 16:05:00.000 +0900,,501305,505507,player_game_stats_transfer,2026-05-26 17:00:06.242 +0900
1644,"30513","697","5",2023-10-07 18:05:00.000 +0900,,501297,505497,player_game_stats_transfer,2026-05-26 17:00:06.242 +0900
1530,"51000135","1638","36",2023-10-05 19:05:00.000 +0900,2025-11-05 19:05:00.000 +0900,501311,504884,player_game_stats_insert,2026-05-26 17:00:06.242 +0900
1573,"20017","699","21",2023-10-07 16:05:00.000 +0900,2024-10-04 19:05:00.000 +0900,501305,502730,player_game_stats_transfer,2026-05-26 17:00:06.242 +0900
1528,"8662","1638","32",2023-10-05 19:05:00.000 +0900,,501311,503429,player_game_stats_transfer,2026-05-26 17:00:06.242 +0900
666,"20017","701","44",2019-01-16 19:05:00.000 +0900,2019-10-20 15:05:00.000 +0900,3273,4201,player_game_stats_insert,2026-05-26 16:58:58.497 +0900
1643,"5100000048","697","4",2023-10-07 18:05:00.000 +0900,2024-10-05 16:40:00.000 +0900,501297,502728,player_game_stats_transfer,2026-05-26 17:00:06.242 +0900
1569,"51000187","699","7",2023-10-07 16:05:00.000 +0900,2024-10-05 18:05:00.000 +0900,501305,502720,player_game_stats_transfer,2026-05-26 17:00:06.242 +0900
83,"8583","704","27",2016-10-01 16:00:00.000 +0900,2019-10-05 16:05:00.000 +0900,22,4157,player_game_stats_insert,2026-05-26 16:51:46.578 +0900
1823,"32980","697","0",2024-05-11 13:05:00.000 +0900,,502523,502524,player_game_stats_transfer,2026-05-26 17:00:21.285 +0900
1390,"5100000033","704","3",2022-12-24 19:05:00.000 +0900,2025-10-04 15:05:00.000 +0900,500257,504746,player_game_stats_transfer,2026-05-26 16:59:54.477 +0900
1799,"19956","728","32",2024-02-03 15:05:00.000 +0900,,501713,506086,player_game_stats_transfer,2026-05-26 17:00:15.070 +0900
591,"8479","729","6",2018-10-06 16:05:00.000 +0900,,2998,503421,player_game_stats_transfer,2026-05-26 16:58:52.302 +0900
1820,"5100000081","703","42",2024-05-10 19:25:00.000 +0900,2026-01-18 15:00:00.000 +0900,502520,506010,player_game_stats_transfer,2026-05-26 17:00:21.285 +0900
1828,"30403","728","19",2024-05-11 15:05:00.000 +0900,2026-01-18 15:00:00.000 +0900,502529,506010,player_game_stats_transfer,2026-05-26 17:00:21.285 +0900
1549,"32958","703","14",2023-10-07 15:05:00.000 +0900,,501295,503899,player_game_stats_insert,2026-05-26 17:00:06.242 +0900
1822,"51000267","704","12",2024-05-10 19:25:00.000 +0900,2025-01-18 16:00:00.000 +0900,502520,503880,player_game_stats_transfer,2026-05-26 17:00:21.285 +0900
1827,"51000222","729","7",2024-05-11 15:05:00.000 +0900,2025-01-19 11:30:00.000 +0900,502529,503881,player_game_stats_transfer,2026-05-26 17:00:21.285 +0900
1826,"14301","729","2",2024-05-11 15:05:00.000 +0900,2025-01-19 15:00:00.000 +0900,502529,503882,player_game_stats_transfer,2026-05-26 17:00:21.285 +0900
1819,"8589","703","6",2024-05-10 19:25:00.000 +0900,2025-01-19 15:00:00.000 +0900,502520,503882,player_game_stats_transfer,2026-05-26 17:00:21.285 +0900
1550,"33085","703","25",2023-10-07 15:05:00.000 +0900,2025-01-19 15:00:00.000 +0900,501295,503882,player_game_stats_transfer,2026-05-26 17:00:06.242 +0900
1821,"9055","704","2",2024-05-10 19:25:00.000 +0900,2025-01-19 15:00:00.000 +0900,502520,503882,player_game_stats_transfer,2026-05-26 17:00:21.285 +0900
1815,"20021","706","8",2024-05-10 19:05:00.000 +0900,2024-10-05 18:05:00.000 +0900,502526,502732,player_game_stats_transfer,2026-05-26 17:00:21.285 +0900
1667,"5100000087","704","22",2023-10-08 16:05:00.000 +0900,,501313,503149,player_game_stats_transfer,2026-05-26 17:00:06.242 +0900
1687,"42985","704","10",2023-11-30 19:05:00.000 +0900,,501479,502537,player_game_stats_insert,2026-05-26 17:00:08.653 +0900
751,"26921","726","2",2019-10-05 16:05:00.000 +0900,2020-01-18 19:10:00.000 +0900,4157,5633,player_game_stats_insert,2026-05-26 16:59:07.291 +0900
1837,"51000410","2488","13",2024-10-04 19:05:00.000 +0900,,502730,503425,player_game_stats_insert,2026-05-26 17:00:22.997 +0900
436,"8448","704","10",2017-09-30 18:05:00.000 +0900,2019-10-06 15:05:00.000 +0900,1587,4151,player_game_stats_transfer,2026-05-26 16:58:35.305 +0900
1817,"14302","701","30",2024-05-10 19:05:00.000 +0900,2024-11-09 19:05:00.000 +0900,502526,502858,player_game_stats_transfer,2026-05-26 17:00:21.285 +0900
784,"9379","697","33",2019-10-05 18:05:00.000 +0900,2019-12-25 19:05:00.000 +0900,4161,4366,player_game_stats_insert,2026-05-26 16:59:07.291 +0900
1825,"33097","721","13",2024-05-11 13:05:00.000 +0900,2025-01-19 15:00:00.000 +0900,502523,503882,player_game_stats_transfer,2026-05-26 17:00:21.285 +0900
1881,"51000285","745","2",2024-10-05 15:05:00.000 +0900,2025-10-04 15:05:00.000 +0900,502718,504730,player_game_stats_transfer,2026-05-26 17:00:22.997 +0900
1887,"5100000021","745","18",2024-10-05 15:05:00.000 +0900,2025-10-04 15:05:00.000 +0900,502718,504732,player_game_stats_transfer,2026-05-26 17:00:22.997 +0900
1892,"9489","717","3",2024-10-05 15:35:00.000 +0900,,502722,505503,player_game_stats_transfer,2026-05-26 17:00:22.997 +0900
1884,"20023","745","7",2024-10-05 15:05:00.000 +0900,,502718,505499,player_game_stats_transfer,2026-05-26 17:00:22.997 +0900
1886,"51000259","745","11",2024-10-05 15:05:00.000 +0900,,502718,505499,player_game_stats_transfer,2026-05-26 17:00:22.997 +0900
1891,"15815","745","75",2024-10-05 15:05:00.000 +0900,2025-01-18 16:00:00.000 +0900,502718,503880,player_game_stats_transfer,2026-05-26 17:00:22.997 +0900
1879,"30351","706","2",2024-10-05 15:05:00.000 +0900,2025-01-19 15:00:00.000 +0900,502718,503882,player_game_stats_transfer,2026-05-26 17:00:22.997 +0900
1890,"12658","745","49",2024-10-05 15:05:00.000 +0900,,502718,502865,player_game_stats_insert,2026-05-26 17:00:22.997 +0900
1882,"8835","745","4",2024-10-05 15:05:00.000 +0900,2025-01-19 15:00:00.000 +0900,502718,503882,player_game_stats_transfer,2026-05-26 17:00:22.997 +0900
1888,"8657","745","31",2024-10-05 15:05:00.000 +0900,,502718,505499,player_game_stats_transfer,2026-05-26 17:00:22.997 +0900
1880,"8587","745","0",2024-10-05 15:05:00.000 +0900,,502718,503089,player_game_stats_transfer,2026-05-26 17:00:22.997 +0900
1883,"32989","745","5",2024-10-05 15:05:00.000 +0900,,502718,503411,player_game_stats_transfer,2026-05-26 17:00:22.997 +0900
814,"10822","694","46",2019-10-06 15:05:00.000 +0900,2022-10-01 14:00:00.000 +0900,4151,500013,player_game_stats_transfer,2026-05-26 16:59:07.291 +0900
1885,"51000278","745","10",2024-10-05 15:05:00.000 +0900,,502718,503387,player_game_stats_transfer,2026-05-26 17:00:22.997 +0900
1920,"15834","692","23",2024-10-05 16:30:00.000 +0900,,502710,505491,player_game_stats_transfer,2026-05-26 17:00:22.997 +0900
788,"8662","701","32",2019-10-05 19:05:00.000 +0900,2023-10-05 19:05:00.000 +0900,4167,501311,player_game_stats_transfer,2026-05-26 16:59:07.291 +0900
790,"26914","701","45",2019-10-05 19:05:00.000 +0900,2023-01-14 19:15:00.000 +0900,4167,501172,player_game_stats_insert,2026-05-26 16:59:07.291 +0900
741,"10849","700","2",2019-10-05 14:05:00.000 +0900,2021-10-02 18:05:00.000 +0900,4153,7424,player_game_stats_transfer,2026-05-26 16:59:07.291 +0900
1913,"30436","692","2",2024-10-05 16:30:00.000 +0900,,502710,503413,player_game_stats_transfer,2026-05-26 17:00:22.997 +0900
768,"9056","729","20",2019-10-05 16:05:00.000 +0900,,4165,4498,player_game_stats_transfer,2026-05-26 16:59:07.291 +0900
800,"26890","704","10",2019-10-06 13:05:00.000 +0900,2020-10-03 15:05:00.000 +0900,4158,5866,player_game_stats_insert,2026-05-26 16:59:07.291 +0900
715,"8835","703","4",2019-04-26 19:05:00.000 +0900,2020-01-18 19:10:00.000 +0900,4135,5633,player_game_stats_transfer,2026-05-26 16:59:04.527 +0900
1949,"10849","701","3",2024-10-05 18:05:00.000 +0900,2025-10-04 18:05:00.000 +0900,502732,504738,player_game_stats_transfer,2026-05-26 17:00:22.997 +0900
1850,"51000428","704","1",2024-10-05 14:05:00.000 +0900,2025-01-19 15:00:00.000 +0900,502716,503882,player_game_stats_insert,2026-05-26 17:00:22.997 +0900
1933,"51000108","702","14",2024-10-05 16:40:00.000 +0900,,502728,505483,player_game_stats_transfer,2026-05-26 17:00:22.997 +0900
1956,"30522","702","24",2024-10-12 15:05:00.000 +0900,2025-10-04 14:05:00.000 +0900,502734,504748,player_game_stats_transfer,2026-05-26 17:00:22.997 +0900
1935,"19998","702","34",2024-10-05 16:40:00.000 +0900,,502728,505483,player_game_stats_transfer,2026-05-26 17:00:22.997 +0900
1874,"5100000032","712","17",2024-10-05 15:05:00.000 +0900,2025-10-04 16:25:00.000 +0900,502712,504728,player_game_stats_insert,2026-05-26 17:00:22.997 +0900
1872,"51000277","712","0",2024-10-05 15:05:00.000 +0900,,502712,505487,player_game_stats_transfer,2026-05-26 17:00:22.997 +0900
1873,"15829","712","3",2024-10-05 15:05:00.000 +0900,,502712,505487,player_game_stats_transfer,2026-05-26 17:00:22.997 +0900
1839,"30437","2488","17",2024-10-04 19:05:00.000 +0900,,502730,506099,player_game_stats_transfer,2026-05-26 17:00:22.997 +0900
1838,"51000301","2488","15",2024-10-04 19:05:00.000 +0900,2025-01-18 16:00:00.000 +0900,502730,503880,player_game_stats_transfer,2026-05-26 17:00:22.997 +0900
1840,"12577","2488","18",2024-10-04 19:05:00.000 +0900,2025-01-19 15:00:00.000 +0900,502730,503882,player_game_stats_transfer,2026-05-26 17:00:22.997 +0900
1842,"5100000015","2488","99",2024-10-04 19:05:00.000 +0900,2025-01-19 15:00:00.000 +0900,502730,503882,player_game_stats_transfer,2026-05-26 17:00:22.997 +0900
1841,"51000413","2488","20",2024-10-04 19:05:00.000 +0900,2024-11-09 17:05:00.000 +0900,502730,502862,player_game_stats_insert,2026-05-26 17:00:22.997 +0900
597,"8578","696","7",2018-10-06 18:05:00.000 +0900,,2994,8059,player_game_stats_transfer,2026-05-26 16:58:52.302 +0900
1957,"51000393","702","25",2024-10-12 15:05:00.000 +0900,,502734,503407,player_game_stats_insert,2026-05-26 17:00:22.997 +0900
1856,"22401","698","6",2024-10-05 14:05:00.000 +0900,,502724,505501,player_game_stats_transfer,2026-05-26 17:00:22.997 +0900
1876,"5100000044","712","34",2024-10-05 15:05:00.000 +0900,,502712,503387,player_game_stats_transfer,2026-05-26 17:00:22.997 +0900
1854,"51000425","703","15",2024-10-05 14:05:00.000 +0900,,502716,506083,player_game_stats_insert,2026-05-26 17:00:22.997 +0900
1855,"18166","698","2",2024-10-05 14:05:00.000 +0900,,502724,503423,player_game_stats_transfer,2026-05-26 17:00:22.997 +0900
1853,"51000430","704","10",2024-10-05 14:05:00.000 +0900,,502716,506092,player_game_stats_insert,2026-05-26 17:00:22.997 +0900
1857,"51000382","698","7",2024-10-05 14:05:00.000 +0900,2025-01-18 16:00:00.000 +0900,502724,503880,player_game_stats_insert,2026-05-26 17:00:22.997 +0900
1852,"51000429","704","7",2024-10-05 14:05:00.000 +0900,2025-01-18 16:00:00.000 +0900,502716,503880,player_game_stats_insert,2026-05-26 17:00:22.997 +0900
1875,"51000398","712","24",2024-10-05 15:05:00.000 +0900,2025-01-18 16:00:00.000 +0900,502712,503880,player_game_stats_insert,2026-05-26 17:00:22.997 +0900
1851,"8656","704","4",2024-10-05 14:05:00.000 +0900,2025-01-19 15:00:00.000 +0900,502716,503882,player_game_stats_transfer,2026-05-26 17:00:22.997 +0900
168,"8567","697","11",2016-10-01 18:00:00.000 +0900,,25,8069,player_game_stats_insert,2026-05-26 16:51:46.578 +0900
811,"26893","694","14",2019-10-06 15:05:00.000 +0900,,4151,4286,player_game_stats_insert,2026-05-26 16:59:07.291 +0900
820,"12637","694","11",2019-10-16 19:05:00.000 +0900,,4191,4493,player_game_stats_transfer,2026-05-26 16:59:07.291 +0900
824,"26892","728","40",2019-10-20 15:05:00.000 +0900,2019-12-07 15:05:00.000 +0900,4197,4295,player_game_stats_insert,2026-05-26 16:59:07.667 +0900
748,"26916","706","12",2019-10-05 15:05:00.000 +0900,,4155,4473,player_game_stats_insert,2026-05-26 16:59:07.291 +0900
816,"18479","702","1",2019-10-12 15:05:00.000 +0900,,4170,4484,player_game_stats_transfer,2026-05-26 16:59:07.291 +0900
1867,"51000396","700","11",2024-10-05 14:05:00.000 +0900,,502724,505487,player_game_stats_insert,2026-05-26 17:00:22.997 +0900
1870,"51000294","700","52",2024-10-05 14:05:00.000 +0900,,502724,505487,player_game_stats_transfer,2026-05-26 17:00:22.997 +0900
1868,"5100000017","700","12",2024-10-05 14:05:00.000 +0900,,502724,503425,player_game_stats_transfer,2026-05-26 17:00:22.997 +0900
1869,"9033","700","15",2024-10-05 14:05:00.000 +0900,2026-01-18 15:00:00.000 +0900,502724,506010,player_game_stats_transfer,2026-05-26 17:00:22.997 +0900
1871,"30398","700","88",2024-10-05 14:05:00.000 +0900,,502724,505396,player_game_stats_transfer,2026-05-26 17:00:22.997 +0900
1865,"5100000069","700","1",2024-10-05 14:05:00.000 +0900,2025-01-18 16:00:00.000 +0900,502724,503880,player_game_stats_transfer,2026-05-26 17:00:22.997 +0900
1866,"26886","700","5",2024-10-05 14:05:00.000 +0900,2025-01-19 15:00:00.000 +0900,502724,503882,player_game_stats_transfer,2026-05-26 17:00:22.997 +0900
1833,"51000397","713","32",2024-10-03 19:05:00.000 +0900,,502714,505457,player_game_stats_insert,2026-05-26 17:00:22.997 +0900
1958,"8683","700","18",2024-10-12 16:05:00.000 +0900,,502752,502871,player_game_stats_transfer,2026-05-26 17:00:22.997 +0900
808,"26915","694","7",2019-10-06 15:05:00.000 +0900,,4151,8067,player_game_stats_insert,2026-05-26 16:59:07.291 +0900
742,"26911","700","7",2019-10-05 14:05:00.000 +0900,2020-10-03 18:05:00.000 +0900,4153,5860,player_game_stats_insert,2026-05-26 16:59:07.291 +0900
1894,"51000380","717","17",2024-10-05 15:35:00.000 +0900,,502722,505503,player_game_stats_insert,2026-05-26 17:00:22.997 +0900
739,"8500","693","51",2019-10-05 14:05:00.000 +0900,2023-01-14 19:15:00.000 +0900,4153,501172,player_game_stats_transfer,2026-05-26 16:59:07.291 +0900
819,"26931","703","42",2019-10-16 19:05:00.000 +0900,,4188,4341,player_game_stats_insert,2026-05-26 16:59:07.291 +0900
1897,"33032","717","32",2024-10-05 15:35:00.000 +0900,2025-10-15 19:05:00.000 +0900,502722,504781,player_game_stats_transfer,2026-05-26 17:00:22.997 +0900
785,"25147","697","",2019-10-05 18:05:00.000 +0900,,4161,4240,player_game_stats_insert,2026-05-26 16:59:07.291 +0900
1893,"8591","717","5",2024-10-05 15:35:00.000 +0900,2025-01-11 13:05:00.000 +0900,502722,503054,player_game_stats_transfer,2026-05-26 17:00:22.997 +0900
1878,"30405","728","15",2024-10-05 15:05:00.000 +0900,2024-12-01 15:05:00.000 +0900,502712,502900,player_game_stats_insert,2026-05-26 17:00:22.997 +0900
1943,"51000384","693","0",2024-10-05 18:05:00.000 +0900,2025-01-18 16:00:00.000 +0900,502720,503880,player_game_stats_insert,2026-05-26 17:00:22.997 +0900
1936,"51000252","727","2",2024-10-05 18:05:00.000 +0900,2025-10-04 18:05:00.000 +0900,502720,504752,player_game_stats_transfer,2026-05-26 17:00:22.997 +0900
1843,"51000180","726","4",2024-10-04 19:05:00.000 +0900,,502730,505501,player_game_stats_transfer,2026-05-26 17:00:22.997 +0900
1942,"51000187","727","35",2024-10-05 18:05:00.000 +0900,2025-01-18 16:00:00.000 +0900,502720,503880,player_game_stats_transfer,2026-05-26 17:00:22.997 +0900
1898,"51000408","717","88",2024-10-05 15:35:00.000 +0900,2025-01-18 16:00:00.000 +0900,502722,503880,player_game_stats_insert,2026-05-26 17:00:22.997 +0900
776,"26910","698","23",2019-10-05 17:05:00.000 +0900,,4163,4248,player_game_stats_insert,2026-05-26 16:59:07.291 +0900
1845,"12598","726","8",2024-10-04 19:05:00.000 +0900,2025-01-19 15:00:00.000 +0900,502730,503882,player_game_stats_transfer,2026-05-26 17:00:22.997 +0900
1938,"8484","727","7",2024-10-05 18:05:00.000 +0900,2025-01-19 15:00:00.000 +0900,502720,503882,player_game_stats_transfer,2026-05-26 17:00:22.997 +0900
1899,"51000190","717","90",2024-10-05 15:35:00.000 +0900,,502722,503394,player_game_stats_insert,2026-05-26 17:00:22.997 +0900
755,"8583","726","27",2019-10-05 16:05:00.000 +0900,2023-10-07 13:55:00.000 +0900,4157,501309,player_game_stats_transfer,2026-05-26 16:59:07.291 +0900
1929,"30399","720","21",2024-10-05 16:40:00.000 +0900,,502728,505502,player_game_stats_transfer,2026-05-26 17:00:22.997 +0900
1926,"5100000048","720","1",2024-10-05 16:40:00.000 +0900,,502728,505503,player_game_stats_transfer,2026-05-26 17:00:22.997 +0900
1927,"8467","720","3",2024-10-05 16:40:00.000 +0900,2025-01-19 15:00:00.000 +0900,502728,503882,player_game_stats_transfer,2026-05-26 17:00:22.997 +0900
775,"8488","698","15",2019-10-05 17:05:00.000 +0900,2025-10-04 18:05:00.000 +0900,4163,504752,player_game_stats_transfer,2026-05-26 16:59:07.291 +0900
799,"26922","726","10",2019-10-06 13:05:00.000 +0900,2021-10-02 11:55:00.000 +0900,4158,7438,player_game_stats_insert,2026-05-26 16:59:07.291 +0900
773,"8590","698","4",2019-10-05 17:05:00.000 +0900,2023-01-14 19:15:00.000 +0900,4163,501172,player_game_stats_transfer,2026-05-26 16:59:07.291 +0900
829,"10817","698","33",2019-11-08 19:15:00.000 +0900,,4269,4484,player_game_stats_transfer,2026-05-26 16:59:09.289 +0900
1928,"32992","720","14",2024-10-05 16:40:00.000 +0900,,502728,505317,player_game_stats_transfer,2026-05-26 17:00:22.997 +0900
705,"22400","698","12",2019-03-02 18:05:00.000 +0900,,3360,4485,player_game_stats_insert,2026-05-26 16:59:01.912 +0900
772,"14301","698","2",2019-10-05 17:05:00.000 +0900,2020-10-03 15:05:00.000 +0900,4163,5866,player_game_stats_transfer,2026-05-26 16:59:07.291 +0900
774,"19956","698","6",2019-10-05 17:05:00.000 +0900,2020-01-18 19:10:00.000 +0900,4163,5633,player_game_stats_transfer,2026-05-26 16:59:07.291 +0900
822,"12636","696","33",2019-10-19 18:05:00.000 +0900,,4206,4344,player_game_stats_transfer,2026-05-26 16:59:07.667 +0900
762,"8532","720","6",2019-10-05 16:05:00.000 +0900,,4165,505178,player_game_stats_insert,2026-05-26 16:59:07.291 +0900
1930,"9418","720","33",2024-10-05 16:40:00.000 +0900,2025-10-04 15:05:00.000 +0900,502728,504732,player_game_stats_transfer,2026-05-26 17:00:22.997 +0900
1849,"55000162","726","77",2024-10-04 19:05:00.000 +0900,,502730,505501,player_game_stats_transfer,2026-05-26 17:00:22.997 +0900
767,"15855","720","75",2019-10-05 16:05:00.000 +0900,,4165,6453,player_game_stats_insert,2026-05-26 16:59:07.291 +0900
1829,"8482","713","0",2024-10-03 19:05:00.000 +0900,2025-01-19 15:00:00.000 +0900,502714,503882,player_game_stats_transfer,2026-05-26 17:00:22.997 +0900
759,"9264","720","1",2019-10-05 16:05:00.000 +0900,,4165,501245,player_game_stats_transfer,2026-05-26 16:59:07.291 +0900
761,"9310","720","5",2019-10-05 16:05:00.000 +0900,2023-10-05 19:05:00.000 +0900,4165,501311,player_game_stats_transfer,2026-05-26 16:59:07.291 +0900
764,"15756","720","13",2019-10-05 16:05:00.000 +0900,2023-10-07 16:35:00.000 +0900,4165,501293,player_game_stats_transfer,2026-05-26 16:59:07.291 +0900
763,"8531","720","7",2019-10-05 16:05:00.000 +0900,,4165,4573,player_game_stats_insert,2026-05-26 16:59:07.291 +0900
815,"8838","720","32",2019-10-11 19:05:00.000 +0900,,4169,4573,player_game_stats_transfer,2026-05-26 16:59:07.291 +0900
765,"26826","720","41",2019-10-05 16:05:00.000 +0900,,4165,4573,player_game_stats_insert,2026-05-26 16:59:07.291 +0900
766,"10262","720","45",2019-10-05 16:05:00.000 +0900,2020-10-03 17:05:00.000 +0900,4165,5868,player_game_stats_transfer,2026-05-26 16:59:07.291 +0900
780,"26897","697","2",2019-10-05 18:05:00.000 +0900,,4161,4498,player_game_stats_insert,2026-05-26 16:59:07.291 +0900
760,"26825","720","4",2019-10-05 16:05:00.000 +0900,2020-11-07 15:05:00.000 +0900,4165,5964,player_game_stats_insert,2026-05-26 16:59:07.291 +0900
1965,"51000431","704","6",2024-10-23 19:05:00.000 +0900,,502792,503007,player_game_stats_insert,2026-05-26 17:00:23.372 +0900
1911,"18475","699","77",2024-10-05 16:05:00.000 +0900,2025-10-04 15:05:00.000 +0900,502726,504730,player_game_stats_transfer,2026-05-26 17:00:22.997 +0900
1907,"51000269","699","32",2024-10-05 16:05:00.000 +0900,,502726,505507,player_game_stats_transfer,2026-05-26 17:00:22.997 +0900
1909,"26874","699","35",2024-10-05 16:05:00.000 +0900,,502726,505507,player_game_stats_transfer,2026-05-26 17:00:22.997 +0900
1906,"8727","699","15",2024-10-05 16:05:00.000 +0900,,502726,505344,player_game_stats_transfer,2026-05-26 17:00:22.997 +0900
1914,"51000409","692","6",2024-10-05 16:30:00.000 +0900,,502710,503413,player_game_stats_insert,2026-05-26 17:00:22.997 +0900
1915,"51000148","692","7",2024-10-05 16:30:00.000 +0900,,502710,503413,player_game_stats_transfer,2026-05-26 17:00:22.997 +0900
1908,"9259","699","33",2024-10-05 16:05:00.000 +0900,,502726,503423,player_game_stats_transfer,2026-05-26 17:00:22.997 +0900
804,"18166","702","2",2019-10-06 15:05:00.000 +0900,2024-10-05 14:05:00.000 +0900,4151,502724,player_game_stats_transfer,2026-05-26 16:59:07.291 +0900
801,"25267","693","32",2019-10-06 14:05:00.000 +0900,2024-10-05 14:05:00.000 +0900,4154,502724,player_game_stats_insert,2026-05-26 16:59:07.291 +0900
738,"8446","693","16",2019-10-05 14:05:00.000 +0900,2023-10-08 14:05:00.000 +0900,4153,501308,player_game_stats_transfer,2026-05-26 16:59:07.291 +0900
736,"8712","693","6",2019-10-05 14:05:00.000 +0900,2020-01-18 19:10:00.000 +0900,4153,5633,player_game_stats_transfer,2026-05-26 16:59:07.291 +0900
826,"26938","699","45",2019-10-26 14:05:00.000 +0900,,4235,4283,player_game_stats_insert,2026-05-26 16:59:07.667 +0900
732,"8449","727","24",2019-10-03 19:05:00.000 +0900,2020-01-18 19:10:00.000 +0900,4159,5633,player_game_stats_transfer,2026-05-26 16:59:07.291 +0900
733,"8498","727","27",2019-10-03 19:05:00.000 +0900,2020-01-18 19:10:00.000 +0900,4159,5633,player_game_stats_transfer,2026-05-26 16:59:07.291 +0900
740,"22495","693","",2019-10-05 14:05:00.000 +0900,,4153,4559,player_game_stats_insert,2026-05-26 16:59:07.291 +0900
737,"22496","693","11",2019-10-05 14:05:00.000 +0900,2020-10-03 17:05:00.000 +0900,4153,5868,player_game_stats_insert,2026-05-26 16:59:07.291 +0900
807,"8684","694","2",2019-10-06 15:05:00.000 +0900,2020-10-03 17:05:00.000 +0900,4151,5868,player_game_stats_transfer,2026-05-26 16:59:07.291 +0900
825,"20017","706","5",2019-10-20 15:05:00.000 +0900,2021-03-14 19:05:00.000 +0900,4201,7849,player_game_stats_transfer,2026-05-26 16:59:07.667 +0900
813,"22402","694","22",2019-10-06 15:05:00.000 +0900,,4151,6443,player_game_stats_insert,2026-05-26 16:59:07.291 +0900
1967,"5100000026","694","2",2024-10-26 14:05:00.000 +0900,,502802,503419,player_game_stats_transfer,2026-05-26 17:00:23.720 +0900
1904,"8585","699","0",2024-10-05 16:05:00.000 +0900,,502726,505507,player_game_stats_transfer,2026-05-26 17:00:22.997 +0900
1905,"20024","699","13",2024-10-05 16:05:00.000 +0900,,502726,505507,player_game_stats_transfer,2026-05-26 17:00:22.997 +0900
753,"9329","726","16",2019-10-05 16:05:00.000 +0900,2025-10-04 15:05:00.000 +0900,4157,504746,player_game_stats_transfer,2026-05-26 16:59:07.291 +0900
809,"26926","694","9",2019-10-06 15:05:00.000 +0900,2025-10-04 15:05:00.000 +0900,4151,504746,player_game_stats_insert,2026-05-26 16:59:07.291 +0900
731,"26875","727","21",2019-10-03 19:05:00.000 +0900,,4159,6948,player_game_stats_insert,2026-05-26 16:59:07.291 +0900
810,"8448","694","10",2019-10-06 15:05:00.000 +0900,2021-10-01 19:25:00.000 +0900,4151,7422,player_game_stats_transfer,2026-05-26 16:59:07.291 +0900
1917,"33036","692","9",2024-10-05 16:30:00.000 +0900,2025-01-19 15:00:00.000 +0900,502710,503882,player_game_stats_transfer,2026-05-26 17:00:22.997 +0900
716,"8484","727","7",2019-04-26 19:05:00.000 +0900,2023-01-14 19:15:00.000 +0900,4135,501172,player_game_stats_transfer,2026-05-26 16:59:04.527 +0900
752,"8447","726","9",2019-10-05 16:05:00.000 +0900,2023-01-14 19:15:00.000 +0900,4157,501172,player_game_stats_transfer,2026-05-26 16:59:07.291 +0900
1964,"51000388","699","11",2024-10-23 19:05:00.000 +0900,,502789,503306,player_game_stats_insert,2026-05-26 17:00:23.372 +0900
1918,"51000178","692","13",2024-10-05 16:30:00.000 +0900,,502710,503412,player_game_stats_transfer,2026-05-26 17:00:22.997 +0900
812,"8506","694","16",2019-10-06 15:05:00.000 +0900,2020-10-03 15:05:00.000 +0900,4151,5866,player_game_stats_transfer,2026-05-26 16:59:07.291 +0900
1916,"8507","692","8",2024-10-05 16:30:00.000 +0900,,502710,503413,player_game_stats_transfer,2026-05-26 17:00:22.997 +0900
1919,"51000122","692","22",2024-10-05 16:30:00.000 +0900,,502710,503413,player_game_stats_insert,2026-05-26 17:00:22.997 +0900
750,"10850","726","1",2019-10-05 16:05:00.000 +0900,2023-10-07 16:35:00.000 +0900,4157,501291,player_game_stats_transfer,2026-05-26 16:59:07.291 +0900
717,"8490","727","22",2019-04-26 19:05:00.000 +0900,2020-01-18 19:10:00.000 +0900,4135,5633,player_game_stats_transfer,2026-05-26 16:59:04.527 +0900
1966,"51000389","728","9",2024-10-26 14:00:00.000 +0900,,502808,505315,player_game_stats_insert,2026-05-26 17:00:23.720 +0900
1969,"51000209","2488","0",2024-11-02 17:05:00.000 +0900,2025-03-01 15:05:00.000 +0900,502840,503162,player_game_stats_transfer,2026-05-26 17:00:25.143 +0900
797,"26909","728","42",2019-10-05 19:05:00.000 +0900,,4167,4307,player_game_stats_insert,2026-05-26 16:59:07.291 +0900
1963,"51000118","698","8",2024-10-23 19:05:00.000 +0900,2025-10-04 15:05:00.000 +0900,502788,504746,player_game_stats_transfer,2026-05-26 17:00:23.372 +0900
1925,"51000394","694","21",2024-10-05 16:30:00.000 +0900,,502710,505495,player_game_stats_insert,2026-05-26 17:00:22.997 +0900
557,"18460","699","50",2018-10-06 14:05:00.000 +0900,2023-10-28 14:05:00.000 +0900,2996,501385,player_game_stats_insert,2026-05-26 16:58:52.302 +0900
1902,"51000374","729","32",2024-10-05 15:35:00.000 +0900,,502722,503421,player_game_stats_transfer,2026-05-26 17:00:22.997 +0900
1836,"8452","721","33",2024-10-03 19:05:00.000 +0900,2025-10-03 19:05:00.000 +0900,502714,504734,player_game_stats_transfer,2026-05-26 17:00:22.997 +0900
1973,"5100000012","692","11",2024-11-30 15:05:00.000 +0900,,502878,505491,player_game_stats_transfer,2026-05-26 17:00:25.492 +0900
1835,"5100000035","721","21",2024-10-03 19:05:00.000 +0900,,502714,505099,player_game_stats_transfer,2026-05-26 17:00:22.997 +0900
1912,"8592","1638","14",2024-10-05 16:05:00.000 +0900,2026-01-18 15:00:00.000 +0900,502726,506010,player_game_stats_transfer,2026-05-26 17:00:22.997 +0900
789,"8756","701","34",2019-10-05 19:05:00.000 +0900,,4167,506099,player_game_stats_transfer,2026-05-26 16:59:07.291 +0900
1960,"30459","701","47",2024-10-19 14:05:00.000 +0900,,502780,506099,player_game_stats_insert,2026-05-26 17:00:23.372 +0900
1968,"36414","721","7",2024-11-02 15:05:00.000 +0900,,502832,502861,player_game_stats_transfer,2026-05-26 17:00:25.143 +0900
1950,"51000163","701","12",2024-10-05 18:05:00.000 +0900,,502732,504798,player_game_stats_transfer,2026-05-26 17:00:22.997 +0900
1834,"51000307","721","1",2024-10-03 19:05:00.000 +0900,2025-01-18 16:00:00.000 +0900,502714,503880,player_game_stats_insert,2026-05-26 17:00:22.997 +0900
1970,"55000567","701","77",2024-11-06 19:35:00.000 +0900,2025-01-19 11:30:00.000 +0900,502853,503881,player_game_stats_transfer,2026-05-26 17:00:25.143 +0900
1816,"8655","701","14",2024-05-10 19:05:00.000 +0900,2025-01-19 15:00:00.000 +0900,502526,503882,player_game_stats_transfer,2026-05-26 17:00:21.285 +0900
1818,"26914","701","45",2024-05-10 19:05:00.000 +0900,2025-01-19 15:00:00.000 +0900,502526,503882,player_game_stats_transfer,2026-05-26 17:00:21.285 +0900
1976,"51000438","717","0",2024-11-30 15:05:00.000 +0900,2025-11-01 15:05:00.000 +0900,502886,504880,player_game_stats_insert,2026-05-26 17:00:25.492 +0900
817,"26898","697","7",2019-10-13 14:05:00.000 +0900,2019-12-11 19:35:00.000 +0900,4180,4321,player_game_stats_insert,2026-05-26 16:59:07.291 +0900
1863,"51000343","698","25",2024-10-05 14:05:00.000 +0900,,502724,505501,player_game_stats_insert,2026-05-26 17:00:22.997 +0900
802,"26912","700","54",2019-10-06 14:05:00.000 +0900,2021-10-02 17:05:00.000 +0900,4154,7432,player_game_stats_insert,2026-05-26 16:59:07.291 +0900
756,"8571","726","73",2019-10-05 16:05:00.000 +0900,,4157,500706,player_game_stats_transfer,2026-05-26 16:59:07.291 +0900
725,"8503","696","11",2019-04-27 15:05:00.000 +0900,2020-01-18 19:10:00.000 +0900,4132,5633,player_game_stats_transfer,2026-05-26 16:59:04.527 +0900
837,"18173","720","35",2019-12-14 18:35:00.000 +0900,,4338,4491,player_game_stats_insert,2026-05-26 16:59:11.079 +0900
1923,"51000406","694","8",2024-10-05 16:30:00.000 +0900,,502710,505495,player_game_stats_insert,2026-05-26 17:00:22.997 +0900
1959,"42537","728","5",2024-10-13 15:05:00.000 +0900,,502747,506086,player_game_stats_insert,2026-05-26 17:00:23.372 +0900
1900,"51000119","729","3",2024-10-05 15:35:00.000 +0900,,502722,506095,player_game_stats_insert,2026-05-26 17:00:22.997 +0900
836,"26898","699","1",2019-12-11 19:35:00.000 +0900,,4321,4571,player_game_stats_transfer,2026-05-26 16:59:11.079 +0900
1922,"20025","694","7",2024-10-05 16:30:00.000 +0900,,502710,503419,player_game_stats_transfer,2026-05-26 17:00:22.997 +0900
1924,"5100000062","694","15",2024-10-05 16:30:00.000 +0900,2025-01-18 16:00:00.000 +0900,502710,503880,player_game_stats_transfer,2026-05-26 17:00:22.997 +0900
1978,"55000203","702","13",2024-12-07 14:05:00.000 +0900,2025-01-19 11:30:00.000 +0900,502902,503881,player_game_stats_transfer,2026-05-26 17:00:27.163 +0900
1877,"8494","728","13",2024-10-05 15:05:00.000 +0900,2025-01-19 15:00:00.000 +0900,502712,503882,player_game_stats_transfer,2026-05-26 17:00:22.997 +0900
1952,"20021","697","10",2024-10-05 18:05:00.000 +0900,2025-01-19 15:00:00.000 +0900,502732,503882,player_game_stats_transfer,2026-05-26 17:00:22.997 +0900
770,"8457","699","8",2019-10-05 17:05:00.000 +0900,,4163,4571,player_game_stats_transfer,2026-05-26 16:59:07.291 +0900
823,"26913","701","4",2019-10-19 19:05:00.000 +0900,2020-10-03 17:05:00.000 +0900,4212,5868,player_game_stats_insert,2026-05-26 16:59:07.667 +0900
791,"10824","728","0",2019-10-05 19:05:00.000 +0900,2020-10-03 18:05:00.000 +0900,4167,5870,player_game_stats_insert,2026-05-26 16:59:07.291 +0900
793,"18475","728","2",2019-10-05 19:05:00.000 +0900,2020-10-03 18:05:00.000 +0900,4167,5870,player_game_stats_transfer,2026-05-26 16:59:07.291 +0900
833,"26892","697","32",2019-12-07 15:05:00.000 +0900,,4295,4459,player_game_stats_transfer,2026-05-26 16:59:11.079 +0900
843,"30347","706","22",2019-12-25 19:05:00.000 +0900,2021-10-02 14:00:00.000 +0900,4360,7441,player_game_stats_insert,2026-05-26 16:59:11.445 +0900
838,"12663","694","45",2019-12-15 14:05:00.000 +0900,,4329,4438,player_game_stats_transfer,2026-05-26 16:59:11.079 +0900
845,"9379","700","5",2019-12-25 19:05:00.000 +0900,2020-10-02 19:05:00.000 +0900,4366,5856,player_game_stats_transfer,2026-05-26 16:59:11.445 +0900
827,"8614","706","30",2019-11-01 19:25:00.000 +0900,2020-10-03 18:05:00.000 +0900,4243,5864,player_game_stats_transfer,2026-05-26 16:59:09.289 +0900
1986,"51000443","717","12",2024-12-28 14:05:00.000 +0900,,503018,505503,player_game_stats_insert,2026-05-26 17:00:27.868 +0900
1974,"33035","726","1",2024-11-30 15:05:00.000 +0900,,502884,502985,player_game_stats_transfer,2026-05-26 17:00:25.492 +0900
1962,"8588","697","33",2024-10-19 15:05:00.000 +0900,,502774,503897,player_game_stats_transfer,2026-05-26 17:00:23.372 +0900
1961,"51000138","745","12",2024-10-19 15:05:00.000 +0900,2025-02-01 17:05:00.000 +0900,502766,503126,player_game_stats_transfer,2026-05-26 17:00:23.372 +0900
1954,"51000236","697","14",2024-10-05 18:05:00.000 +0900,2025-01-18 16:00:00.000 +0900,502732,503880,player_game_stats_transfer,2026-05-26 17:00:22.997 +0900
1980,"51000439","701","2",2024-12-15 15:05:00.000 +0900,,502961,503188,player_game_stats_insert,2026-05-26 17:00:27.523 +0900
1991,"51000124","717","9",2025-01-04 13:35:00.000 +0900,,503036,504743,player_game_stats_transfer,2026-05-26 17:00:29.601 +0900
1830,"8487","713","9",2024-10-03 19:05:00.000 +0900,2025-01-19 15:00:00.000 +0900,502714,503882,player_game_stats_transfer,2026-05-26 17:00:22.997 +0900
1982,"32988","1638","24",2024-12-18 19:05:00.000 +0900,2025-01-25 17:05:00.000 +0900,502971,503090,player_game_stats_insert,2026-05-26 17:00:27.523 +0900
846,"30394","700","24",2019-12-25 19:05:00.000 +0900,,4366,4573,player_game_stats_insert,2026-05-26 16:59:11.445 +0900
1993,"8591","729","15",2025-01-11 13:05:00.000 +0900,,503054,503133,player_game_stats_transfer,2026-05-26 17:00:29.601 +0900
832,"20033","728","22",2019-12-07 14:05:00.000 +0900,2020-12-02 19:25:00.000 +0900,4307,6006,player_game_stats_transfer,2026-05-26 16:59:11.079 +0900
1864,"25267","698","32",2024-10-05 14:05:00.000 +0900,,502724,503032,player_game_stats_transfer,2026-05-26 17:00:22.997 +0900
1985,"51000440","1638","21",2024-12-28 14:05:00.000 +0900,,503018,505485,player_game_stats_insert,2026-05-26 17:00:27.868 +0900
1994,"51000447","694","88",2025-01-11 14:05:00.000 +0900,2025-10-04 18:05:00.000 +0900,503058,504738,player_game_stats_insert,2026-05-26 17:00:29.601 +0900
1997,"51000461","703","17",2025-01-11 15:05:00.000 +0900,,503050,505093,player_game_stats_insert,2026-05-26 17:00:29.601 +0900
1984,"51000451","693","22",2024-12-28 14:05:00.000 +0900,2026-01-24 14:05:00.000 +0900,503002,505118,player_game_stats_insert,2026-05-26 17:00:27.868 +0900
1860,"51000311","698","18",2024-10-05 14:05:00.000 +0900,2025-11-08 17:05:00.000 +0900,502724,504905,player_game_stats_transfer,2026-05-26 17:00:22.997 +0900
818,"25149","729","4",2019-10-14 14:05:00.000 +0900,,4179,4394,player_game_stats_insert,2026-05-26 16:59:07.291 +0900
1977,"30405","1638","15",2024-12-01 15:05:00.000 +0900,,502900,503195,player_game_stats_transfer,2026-05-26 17:00:27.163 +0900
1996,"22399","1638","7",2025-01-11 15:05:00.000 +0900,,503048,503429,player_game_stats_transfer,2026-05-26 17:00:29.601 +0900
821,"9316","696","22",2019-10-16 19:35:00.000 +0900,,4190,4443,player_game_stats_insert,2026-05-26 16:59:07.291 +0900
840,"30351","704","13",2019-12-21 15:05:00.000 +0900,2024-10-05 15:05:00.000 +0900,4342,502718,player_game_stats_insert,2026-05-26 16:59:11.445 +0900
2005,"51000116","53000065","18",2025-01-18 16:00:00.000 +0900,2025-05-09 19:35:00.000 +0900,503880,503889,player_game_stats_transfer,2026-05-26 17:00:30.018 +0900
2014,"51000429","53000064","7",2025-01-18 16:00:00.000 +0900,2025-05-10 13:05:00.000 +0900,503880,503892,player_game_stats_transfer,2026-05-26 17:00:30.018 +0900
2000,"51000267","53000065","2",2025-01-18 16:00:00.000 +0900,2025-05-10 13:05:00.000 +0900,503880,503892,player_game_stats_transfer,2026-05-26 17:00:30.018 +0900
2002,"5100000016","53000065","8",2025-01-18 16:00:00.000 +0900,2025-05-10 17:05:00.000 +0900,503880,503886,player_game_stats_transfer,2026-05-26 17:00:30.018 +0900
2011,"5100000069","53000064","1",2025-01-18 16:00:00.000 +0900,2025-10-04 14:05:00.000 +0900,503880,504748,player_game_stats_transfer,2026-05-26 17:00:30.018 +0900
2001,"51000117","53000065","5",2025-01-18 16:00:00.000 +0900,,503880,503880,player_game_stats_transfer,2026-05-26 17:00:30.018 +0900
2008,"51000111","53000065","25",2025-01-18 16:00:00.000 +0900,2025-10-04 14:05:00.000 +0900,503880,504750,player_game_stats_transfer,2026-05-26 17:00:30.018 +0900
2013,"51000382","53000064","5",2025-01-18 16:00:00.000 +0900,2025-10-04 14:05:00.000 +0900,503880,504750,player_game_stats_transfer,2026-05-26 17:00:30.018 +0900
2003,"5100000023","53000065","12",2025-01-18 16:00:00.000 +0900,2025-10-04 15:05:00.000 +0900,503880,504740,player_game_stats_transfer,2026-05-26 17:00:30.018 +0900
2010,"51000384","53000064","0",2025-01-18 16:00:00.000 +0900,,503880,503880,player_game_stats_transfer,2026-05-26 17:00:30.018 +0900
2018,"51000301","53000064","34",2025-01-18 16:00:00.000 +0900,2025-10-04 15:05:00.000 +0900,503880,504740,player_game_stats_transfer,2026-05-26 17:00:30.018 +0900
2015,"51000427","53000064","8",2025-01-18 16:00:00.000 +0900,,503880,503880,player_game_stats_insert,2026-05-26 17:00:30.018 +0900
2017,"51000398","53000064","24",2025-01-18 16:00:00.000 +0900,,503880,503880,player_game_stats_transfer,2026-05-26 17:00:30.018 +0900
2019,"51000187","53000064","35",2025-01-18 16:00:00.000 +0900,,503880,503880,player_game_stats_transfer,2026-05-26 17:00:30.018 +0900
862,"8508","835","9",2020-01-18 19:10:00.000 +0900,,5633,5633,player_game_stats_transfer,2026-05-26 16:59:13.083 +0900
2020,"51000408","53000064","88",2025-01-18 16:00:00.000 +0900,,503880,503880,player_game_stats_transfer,2026-05-26 17:00:30.018 +0900
1999,"51000307","53000065","1",2025-01-18 16:00:00.000 +0900,2025-10-25 16:05:00.000 +0900,503880,504839,player_game_stats_transfer,2026-05-26 17:00:30.018 +0900
729,"9037","706","24",2019-04-27 18:05:00.000 +0900,2020-01-18 19:10:00.000 +0900,4141,5633,player_game_stats_transfer,2026-05-26 16:59:04.527 +0900
745,"8452","700","33",2019-10-05 14:05:00.000 +0900,2020-01-18 19:10:00.000 +0900,4153,5633,player_game_stats_transfer,2026-05-26 16:59:07.291 +0900
806,"8509","702","11",2019-10-06 15:05:00.000 +0900,2020-01-18 19:10:00.000 +0900,4151,5633,player_game_stats_transfer,2026-05-26 16:59:07.291 +0900
730,"12512","706","",2019-04-27 18:05:00.000 +0900,2020-01-18 19:10:00.000 +0900,4141,5633,player_game_stats_transfer,2026-05-26 16:59:04.527 +0900
872,"12512","835","",2020-01-18 19:10:00.000 +0900,,5633,5633,player_game_stats_transfer,2026-05-26 16:59:13.083 +0900
721,"9055","704","2",2019-04-27 15:05:00.000 +0900,2020-01-18 19:10:00.000 +0900,4132,5633,player_game_stats_transfer,2026-05-26 16:59:04.527 +0900
795,"8592","728","14",2019-10-05 19:05:00.000 +0900,2020-01-18 19:10:00.000 +0900,4167,5633,player_game_stats_transfer,2026-05-26 16:59:07.291 +0900
798,"9040","728","54",2019-10-05 19:05:00.000 +0900,2020-01-18 19:10:00.000 +0900,4167,5633,player_game_stats_transfer,2026-05-26 16:59:07.291 +0900
723,"8749","704","",2019-04-27 15:05:00.000 +0900,2020-01-18 19:10:00.000 +0900,4132,5633,player_game_stats_transfer,2026-05-26 16:59:04.527 +0900
885,"8749","836","",2020-01-18 19:10:00.000 +0900,,5633,5633,player_game_stats_transfer,2026-05-26 16:59:13.083 +0900
866,"9033","835","15",2020-01-18 19:10:00.000 +0900,2020-10-02 19:05:00.000 +0900,5633,5856,player_game_stats_transfer,2026-05-26 16:59:13.083 +0900
869,"9037","835","24",2020-01-18 19:10:00.000 +0900,2020-10-02 19:05:00.000 +0900,5633,5856,player_game_stats_transfer,2026-05-26 16:59:13.083 +0900
873,"8482","836","0",2020-01-18 19:10:00.000 +0900,2020-10-02 19:05:00.000 +0900,5633,5856,player_game_stats_transfer,2026-05-26 16:59:13.083 +0900
880,"8490","836","22",2020-01-18 19:10:00.000 +0900,2020-10-02 19:05:00.000 +0900,5633,5856,player_game_stats_transfer,2026-05-26 16:59:13.083 +0900
878,"8449","836","12",2020-01-18 19:10:00.000 +0900,2020-10-02 19:05:00.000 +0900,5633,5856,player_game_stats_transfer,2026-05-26 16:59:13.083 +0900
882,"8498","836","27",2020-01-18 19:10:00.000 +0900,2020-10-02 19:05:00.000 +0900,5633,5856,player_game_stats_transfer,2026-05-26 16:59:13.083 +0900
875,"8712","836","6",2020-01-18 19:10:00.000 +0900,2020-10-03 14:05:00.000 +0900,5633,5862,player_game_stats_transfer,2026-05-26 16:59:13.083 +0900
859,"8835","835","4",2020-01-18 19:10:00.000 +0900,2020-10-03 15:05:00.000 +0900,5633,5854,player_game_stats_transfer,2026-05-26 16:59:13.083 +0900
860,"8589","835","6",2020-01-18 19:10:00.000 +0900,2020-10-03 15:05:00.000 +0900,5633,5854,player_game_stats_transfer,2026-05-26 16:59:13.083 +0900
863,"8726","835","10",2020-01-18 19:10:00.000 +0900,2020-10-03 15:05:00.000 +0900,5633,5854,player_game_stats_transfer,2026-05-26 16:59:13.083 +0900
865,"8499","835","13",2020-01-18 19:10:00.000 +0900,2020-10-03 15:05:00.000 +0900,5633,5854,player_game_stats_transfer,2026-05-26 16:59:13.083 +0900
868,"8649","835","22",2020-01-18 19:10:00.000 +0900,2020-10-03 15:05:00.000 +0900,5633,5854,player_game_stats_transfer,2026-05-26 16:59:13.083 +0900
881,"8656","836","24",2020-01-18 19:10:00.000 +0900,2020-10-03 15:05:00.000 +0900,5633,5854,player_game_stats_transfer,2026-05-26 16:59:13.083 +0900
876,"8738","836","8",2020-01-18 19:10:00.000 +0900,2020-10-03 15:05:00.000 +0900,5633,5866,player_game_stats_transfer,2026-05-26 16:59:13.083 +0900
861,"8507","835","8",2020-01-18 19:10:00.000 +0900,2020-10-03 15:05:00.000 +0900,5633,5866,player_game_stats_transfer,2026-05-26 16:59:13.083 +0900
871,"8509","835","39",2020-01-18 19:10:00.000 +0900,2020-10-03 15:05:00.000 +0900,5633,5866,player_game_stats_transfer,2026-05-26 16:59:13.083 +0900
870,"8452","835","33",2020-01-18 19:10:00.000 +0900,2020-10-03 15:05:00.000 +0900,5633,5872,player_game_stats_transfer,2026-05-26 16:59:13.083 +0900
867,"12454","835","21",2020-01-18 19:10:00.000 +0900,2020-10-03 15:05:00.000 +0900,5633,5872,player_game_stats_transfer,2026-05-26 16:59:13.083 +0900
879,"8592","836","14",2020-01-18 19:10:00.000 +0900,2020-10-03 17:05:00.000 +0900,5633,5858,player_game_stats_transfer,2026-05-26 16:59:13.083 +0900
883,"19956","836","32",2020-01-18 19:10:00.000 +0900,2020-10-03 17:05:00.000 +0900,5633,5858,player_game_stats_transfer,2026-05-26 16:59:13.083 +0900
884,"9040","836","54",2020-01-18 19:10:00.000 +0900,2020-10-03 17:05:00.000 +0900,5633,5858,player_game_stats_transfer,2026-05-26 16:59:13.083 +0900
874,"9055","836","2",2020-01-18 19:10:00.000 +0900,2020-10-03 18:05:00.000 +0900,5633,5864,player_game_stats_transfer,2026-05-26 16:59:13.083 +0900
877,"26921","836","11",2020-01-18 19:10:00.000 +0900,2020-10-03 18:05:00.000 +0900,5633,5864,player_game_stats_transfer,2026-05-26 16:59:13.083 +0900
864,"8503","835","11",2020-01-18 19:10:00.000 +0900,2020-10-03 18:05:00.000 +0900,5633,5870,player_game_stats_transfer,2026-05-26 16:59:13.083 +0900
858,"30437","703","17",2020-01-15 19:25:00.000 +0900,2021-01-23 14:00:00.000 +0900,4403,6124,player_game_stats_insert,2026-05-26 16:59:13.083 +0900
2021,"55000203","53000072","4",2025-01-19 11:30:00.000 +0900,,503881,503881,player_game_stats_transfer,2026-05-26 17:00:30.018 +0900
2022,"55000818","53000072","5",2025-01-19 11:30:00.000 +0900,,503881,503881,player_game_stats_transfer,2026-05-26 17:00:30.018 +0900
2025,"55000971","53000072","8",2025-01-19 11:30:00.000 +0900,2025-12-06 14:05:00.000 +0900,503881,504962,player_game_stats_insert,2026-05-26 17:00:30.018 +0900
2023,"55000845","53000072","6",2025-01-19 11:30:00.000 +0900,,503881,506011,player_game_stats_transfer,2026-05-26 17:00:30.018 +0900
2032,"55000567","53000073","5",2025-01-19 11:30:00.000 +0900,2025-12-24 19:35:00.000 +0900,503881,505065,player_game_stats_transfer,2026-05-26 17:00:30.018 +0900
2027,"55000576","53000072","10",2025-01-19 11:30:00.000 +0900,,503881,503881,player_game_stats_transfer,2026-05-26 17:00:30.018 +0900
2028,"55000453","53000072","11",2025-01-19 11:30:00.000 +0900,,503881,503881,player_game_stats_transfer,2026-05-26 17:00:30.018 +0900
2068,"51000464","721","11",2025-01-25 15:05:00.000 +0900,2026-02-14 15:05:00.000 +0900,503084,505223,player_game_stats_insert,2026-05-26 17:00:30.018 +0900
2030,"55000174","53000072","13",2025-01-19 11:30:00.000 +0900,,503881,503881,player_game_stats_transfer,2026-05-26 17:00:30.018 +0900
2029,"55000969","53000072","12",2025-01-19 11:30:00.000 +0900,2026-01-18 11:30:00.000 +0900,503881,506011,player_game_stats_insert,2026-05-26 17:00:30.018 +0900
2040,"55000963","53000073","13",2025-01-19 11:30:00.000 +0900,2026-01-18 11:30:00.000 +0900,503881,506011,player_game_stats_insert,2026-05-26 17:00:30.018 +0900
2033,"55000965","53000073","6",2025-01-19 11:30:00.000 +0900,,503881,503881,player_game_stats_insert,2026-05-26 17:00:30.018 +0900
2034,"55000578","53000073","7",2025-01-19 11:30:00.000 +0900,,503881,503881,player_game_stats_transfer,2026-05-26 17:00:30.018 +0900
1742,"51000342","53000072","8",2024-01-14 11:45:00.000 +0900,2025-01-19 11:30:00.000 +0900,502495,503881,player_game_stats_transfer,2026-05-26 17:00:12.996 +0900
2058,"8835","836","4",2025-01-19 15:00:00.000 +0900,2026-01-24 14:05:00.000 +0900,503882,505128,player_game_stats_transfer,2026-05-26 17:00:30.018 +0900
1743,"55000719","53000072","9",2024-01-14 11:45:00.000 +0900,2025-01-19 11:30:00.000 +0900,502495,503881,player_game_stats_insert,2026-05-26 17:00:12.996 +0900
2036,"55000719","53000073","9",2025-01-19 11:30:00.000 +0900,,503881,503881,player_game_stats_transfer,2026-05-26 17:00:30.018 +0900
2041,"55000964","53000073","14",2025-01-19 11:30:00.000 +0900,,503881,503881,player_game_stats_insert,2026-05-26 17:00:30.018 +0900
2037,"43470","53000073","10",2025-01-19 11:30:00.000 +0900,,503881,503881,player_game_stats_insert,2026-05-26 17:00:30.018 +0900
2059,"26886","836","5",2025-01-19 15:00:00.000 +0900,2025-10-04 14:05:00.000 +0900,503882,504748,player_game_stats_transfer,2026-05-26 17:00:30.018 +0900
2051,"12577","835","18",2025-01-19 15:00:00.000 +0900,2025-10-04 15:05:00.000 +0900,503882,504732,player_game_stats_transfer,2026-05-26 17:00:30.018 +0900
2043,"14301","835","2",2025-01-19 15:00:00.000 +0900,2025-10-04 16:05:00.000 +0900,503882,504744,player_game_stats_transfer,2026-05-26 17:00:30.018 +0900
2031,"51000222","53000073","4",2025-01-19 11:30:00.000 +0900,2025-10-04 16:05:00.000 +0900,503881,504744,player_game_stats_transfer,2026-05-26 17:00:30.018 +0900
2026,"51000305","53000072","9",2025-01-19 11:30:00.000 +0900,2025-10-04 16:05:00.000 +0900,503881,504744,player_game_stats_transfer,2026-05-26 17:00:30.018 +0900
2038,"55000968","53000073","11",2025-01-19 11:30:00.000 +0900,2025-10-04 16:05:00.000 +0900,503881,504744,player_game_stats_insert,2026-05-26 17:00:30.018 +0900
2035,"51000342","53000073","8",2025-01-19 11:30:00.000 +0900,2025-10-04 16:25:00.000 +0900,503881,504728,player_game_stats_transfer,2026-05-26 17:00:30.018 +0900
2061,"33036","836","9",2025-01-19 15:00:00.000 +0900,2025-10-04 16:25:00.000 +0900,503882,504728,player_game_stats_transfer,2026-05-26 17:00:30.018 +0900
2046,"12598","835","8",2025-01-19 15:00:00.000 +0900,2025-10-04 18:05:00.000 +0900,503882,504736,player_game_stats_transfer,2026-05-26 17:00:30.018 +0900
2052,"9037","835","24",2025-01-19 15:00:00.000 +0900,2025-10-04 18:05:00.000 +0900,503882,504736,player_game_stats_transfer,2026-05-26 17:00:30.018 +0900
2060,"8484","836","7",2025-01-19 15:00:00.000 +0900,2025-10-04 18:05:00.000 +0900,503882,504738,player_game_stats_transfer,2026-05-26 17:00:30.018 +0900
2049,"33097","835","13",2025-01-19 15:00:00.000 +0900,2025-10-04 18:05:00.000 +0900,503882,504738,player_game_stats_transfer,2026-05-26 17:00:30.018 +0900
830,"27051","701","41",2019-11-17 14:05:00.000 +0900,,4294,4418,player_game_stats_insert,2026-05-26 16:59:09.635 +0900
2064,"8655","836","14",2025-01-19 15:00:00.000 +0900,2025-10-04 18:05:00.000 +0900,503882,504752,player_game_stats_transfer,2026-05-26 17:00:30.018 +0900
2024,"55000970","53000072","7",2025-01-19 11:30:00.000 +0900,2025-10-12 17:05:00.000 +0900,503881,504772,player_game_stats_insert,2026-05-26 17:00:30.018 +0900
2054,"5100000015","835","99",2025-01-19 15:00:00.000 +0900,2025-10-15 19:05:00.000 +0900,503882,504792,player_game_stats_transfer,2026-05-26 17:00:30.018 +0900
2067,"26914","836","45",2025-01-19 15:00:00.000 +0900,2025-05-09 19:35:00.000 +0900,503882,503889,player_game_stats_transfer,2026-05-26 17:00:30.018 +0900
2057,"8467","836","3",2025-01-19 15:00:00.000 +0900,2025-05-09 19:35:00.000 +0900,503882,503889,player_game_stats_transfer,2026-05-26 17:00:30.018 +0900
2039,"55000966","53000073","12",2025-01-19 11:30:00.000 +0900,2025-10-18 16:35:00.000 +0900,503881,504793,player_game_stats_insert,2026-05-26 17:00:30.018 +0900
2050,"30351","835","15",2025-01-19 15:00:00.000 +0900,2025-05-10 13:05:00.000 +0900,503882,503892,player_game_stats_transfer,2026-05-26 17:00:30.018 +0900
2048,"26921","835","11",2025-01-19 15:00:00.000 +0900,2025-05-10 13:05:00.000 +0900,503882,503892,player_game_stats_transfer,2026-05-26 17:00:30.018 +0900
2055,"51000428","836","1",2025-01-19 15:00:00.000 +0900,2025-05-10 13:05:00.000 +0900,503882,503892,player_game_stats_transfer,2026-05-26 17:00:30.018 +0900
2056,"9055","836","2",2025-01-19 15:00:00.000 +0900,2025-05-10 13:05:00.000 +0900,503882,503892,player_game_stats_transfer,2026-05-26 17:00:30.018 +0900
2065,"8656","836","24",2025-01-19 15:00:00.000 +0900,2025-05-10 13:05:00.000 +0900,503882,503892,player_game_stats_transfer,2026-05-26 17:00:30.018 +0900
2066,"8584","836","31",2025-01-19 15:00:00.000 +0900,2025-05-10 13:05:00.000 +0900,503882,503892,player_game_stats_transfer,2026-05-26 17:00:30.018 +0900
2062,"20021","836","10",2025-01-19 15:00:00.000 +0900,2025-05-10 17:05:00.000 +0900,503882,503886,player_game_stats_transfer,2026-05-26 17:00:30.018 +0900
1979,"51000159","704","13",2024-12-07 15:05:00.000 +0900,,502912,503096,player_game_stats_transfer,2026-05-26 17:00:27.163 +0900
844,"30393","697","55",2019-12-25 19:05:00.000 +0900,,4361,4565,player_game_stats_insert,2026-05-26 16:59:11.445 +0900
2070,"32988","2488","25",2025-01-25 17:05:00.000 +0900,2025-11-08 19:05:00.000 +0900,503090,504903,player_game_stats_transfer,2026-05-26 17:00:30.018 +0900
2072,"51000457","706","8",2025-01-26 16:05:00.000 +0900,2026-01-03 14:05:00.000 +0900,503071,505112,player_game_stats_insert,2026-05-26 17:00:30.018 +0900
890,"30404","696","77",2020-01-29 19:05:00.000 +0900,2020-12-26 18:05:00.000 +0900,4443,6090,player_game_stats_insert,2026-05-26 16:59:13.431 +0900
722,"8593","704","21",2019-04-27 15:05:00.000 +0900,2023-01-14 19:15:00.000 +0900,4132,501172,player_game_stats_transfer,2026-05-26 16:59:04.527 +0900
888,"9062","695","0",2020-01-22 19:05:00.000 +0900,,4416,4495,player_game_stats_transfer,2026-05-26 16:59:13.083 +0900
894,"30468","693","12",2020-02-01 18:05:00.000 +0900,2020-12-26 18:05:00.000 +0900,4448,6096,player_game_stats_insert,2026-05-26 16:59:14.840 +0900
553,"8677","697","21",2018-10-06 14:05:00.000 +0900,2025-10-04 15:05:00.000 +0900,2996,504732,player_game_stats_insert,2026-05-26 16:58:52.302 +0900
897,"30469","699","11",2020-02-08 18:05:00.000 +0900,2023-10-07 13:55:00.000 +0900,4476,501309,player_game_stats_insert,2026-05-26 16:59:14.840 +0900
749,"26891","695","33",2019-10-05 15:05:00.000 +0900,2023-10-08 16:05:00.000 +0900,4155,501313,player_game_stats_insert,2026-05-26 16:59:07.291 +0900
166,"8565","697","8",2016-10-01 18:00:00.000 +0900,,25,503359,player_game_stats_insert,2026-05-26 16:51:46.578 +0900
848,"30400","699","0",2019-12-29 17:05:00.000 +0900,2021-10-02 11:55:00.000 +0900,4379,7438,player_game_stats_insert,2026-05-26 16:59:11.773 +0900
551,"18148","697","4",2018-10-06 14:05:00.000 +0900,2021-10-02 11:55:00.000 +0900,2996,7438,player_game_stats_insert,2026-05-26 16:58:52.302 +0900
783,"8510","697","13",2019-10-05 18:05:00.000 +0900,2021-10-02 14:05:00.000 +0900,4161,7420,player_game_stats_transfer,2026-05-26 16:59:07.291 +0900
849,"30401","699","7",2019-12-29 17:05:00.000 +0900,2021-10-02 18:05:00.000 +0900,4379,7426,player_game_stats_insert,2026-05-26 16:59:11.773 +0900
771,"9034","699","16",2019-10-05 17:05:00.000 +0900,2021-10-02 18:05:00.000 +0900,4163,7430,player_game_stats_transfer,2026-05-26 16:59:07.291 +0900
769,"10821","699","6",2019-10-05 17:05:00.000 +0900,2022-10-01 15:05:00.000 +0900,4163,500018,player_game_stats_transfer,2026-05-26 16:59:07.291 +0900
889,"30460","697","0",2020-01-25 17:05:00.000 +0900,2020-12-26 18:35:00.000 +0900,4431,6100,player_game_stats_insert,2026-05-26 16:59:13.431 +0900
660,"20003","699","15",2019-01-05 14:05:00.000 +0900,2020-10-03 15:05:00.000 +0900,3259,5866,player_game_stats_insert,2026-05-26 16:58:58.497 +0900
854,"30436","695","1",2020-01-15 19:05:00.000 +0900,2022-12-03 17:05:00.000 +0900,4406,500171,player_game_stats_insert,2026-05-26 16:59:13.083 +0900
851,"30399","720","21",2019-12-29 19:05:00.000 +0900,2020-10-03 18:05:00.000 +0900,4383,5860,player_game_stats_insert,2026-05-26 16:59:11.773 +0900
835,"9354","697","1",2019-12-11 19:05:00.000 +0900,2021-12-04 15:05:00.000 +0900,4318,7588,player_game_stats_transfer,2026-05-26 16:59:11.079 +0900
781,"25148","697","6",2019-10-05 18:05:00.000 +0900,,4161,5987,player_game_stats_insert,2026-05-26 16:59:07.291 +0900
136,"8746","695","",2016-10-01 18:00:00.000 +0900,,24,4563,player_game_stats_insert,2026-05-26 16:51:46.578 +0900
786,"9352","701","2",2019-10-05 19:05:00.000 +0900,,4167,4563,player_game_stats_insert,2026-05-26 16:59:07.291 +0900
782,"8478","697","9",2019-10-05 18:05:00.000 +0900,,4161,4565,player_game_stats_transfer,2026-05-26 16:59:07.291 +0900
828,"27047","697","",2019-11-02 17:05:00.000 +0900,,4253,4565,player_game_stats_insert,2026-05-26 16:59:09.289 +0900
697,"20019","699","10",2019-02-02 18:05:00.000 +0900,,3322,4571,player_game_stats_insert,2026-05-26 16:59:00.217 +0900
747,"8494","706","11",2019-10-05 15:05:00.000 +0900,2021-10-02 18:05:00.000 +0900,4155,7424,player_game_stats_transfer,2026-05-26 16:59:07.291 +0900
84,"8584","704","31",2016-10-01 16:00:00.000 +0900,2025-01-19 15:00:00.000 +0900,22,503882,player_game_stats_insert,2026-05-26 16:51:46.578 +0900
901,"30514","697","10",2020-02-15 17:05:00.000 +0900,2021-03-05 15:05:00.000 +0900,4498,7828,player_game_stats_insert,2026-05-26 16:59:15.150 +0900
855,"30435","728","21",2020-01-15 19:05:00.000 +0900,,4407,4566,player_game_stats_insert,2026-05-26 16:59:13.083 +0900
757,"22497","704","4",2019-10-05 16:05:00.000 +0900,2021-10-02 14:00:00.000 +0900,4157,7441,player_game_stats_insert,2026-05-26 16:59:07.291 +0900
530,"8468","704","5",2018-10-04 19:05:00.000 +0900,2021-10-02 14:05:00.000 +0900,2990,7420,player_game_stats_transfer,2026-05-26 16:58:52.302 +0900
532,"8736","704","15",2018-10-04 19:05:00.000 +0900,2022-10-01 14:00:00.000 +0900,2990,500013,player_game_stats_transfer,2026-05-26 16:58:52.302 +0900
857,"30438","703","7",2020-01-15 19:25:00.000 +0900,2022-10-01 15:05:00.000 +0900,4403,500005,player_game_stats_insert,2026-05-26 16:59:13.083 +0900
719,"8655","701","14",2019-04-27 13:10:00.000 +0900,2024-01-14 15:15:00.000 +0900,4138,502496,player_game_stats_transfer,2026-05-26 16:59:04.527 +0900
518,"8585","704","34",2018-05-12 14:05:00.000 +0900,2020-10-03 14:05:00.000 +0900,2688,5862,player_game_stats_transfer,2026-05-26 16:58:50.581 +0900
847,"30403","729","19",2019-12-28 17:05:00.000 +0900,2020-12-26 17:05:00.000 +0900,4373,6088,player_game_stats_insert,2026-05-26 16:59:11.445 +0900
787,"8577","701","9",2019-10-05 19:05:00.000 +0900,,4167,4487,player_game_stats_transfer,2026-05-26 16:59:07.291 +0900
899,"30521","704","24",2020-02-15 15:05:00.000 +0900,2023-10-07 16:05:00.000 +0900,4488,501305,player_game_stats_insert,2026-05-26 16:59:14.840 +0900
831,"10886","698","19",2019-12-07 14:05:00.000 +0900,2020-10-03 15:05:00.000 +0900,4307,5866,player_game_stats_transfer,2026-05-26 16:59:11.079 +0900
839,"12580","703","3",2019-12-21 15:05:00.000 +0900,2020-10-03 15:05:00.000 +0900,4340,5866,player_game_stats_transfer,2026-05-26 16:59:11.445 +0900
758,"8483","704","7",2019-10-05 16:05:00.000 +0900,2020-10-03 17:05:00.000 +0900,4157,5868,player_game_stats_transfer,2026-05-26 16:59:07.291 +0900
891,"10852","727","30",2020-01-29 19:05:00.000 +0900,2020-12-26 17:05:00.000 +0900,4444,6088,player_game_stats_insert,2026-05-26 16:59:13.431 +0900
856,"9488","727","23",2020-01-15 19:05:00.000 +0900,2021-03-20 15:05:00.000 +0900,4408,6288,player_game_stats_transfer,2026-05-26 16:59:13.083 +0900
904,"32953","694","14",2020-03-14 19:05:00.000 +0900,2021-10-01 19:25:00.000 +0900,4566,7422,player_game_stats_insert,2026-05-26 16:59:16.393 +0900
906,"30512","702","14",2020-03-15 16:05:00.000 +0900,2021-11-14 18:05:00.000 +0900,4561,7573,player_game_stats_insert,2026-05-26 16:59:16.393 +0900
743,"8594","700","8",2019-10-05 14:05:00.000 +0900,2025-10-12 15:05:00.000 +0900,4153,504759,player_game_stats_transfer,2026-05-26 16:59:07.291 +0900
900,"10297","700","11",2020-02-15 15:05:00.000 +0900,2024-10-05 14:05:00.000 +0900,4488,502724,player_game_stats_transfer,2026-05-26 16:59:14.840 +0900
887,"8591","696","5",2020-01-22 19:05:00.000 +0900,2024-10-05 15:35:00.000 +0900,4416,502722,player_game_stats_transfer,2026-05-26 16:59:13.083 +0900
896,"30515","729","1",2020-02-08 15:05:00.000 +0900,2025-11-05 19:05:00.000 +0900,4470,504886,player_game_stats_insert,2026-05-26 16:59:14.840 +0900
805,"9400","702","6",2019-10-06 15:05:00.000 +0900,2020-10-17 16:05:00.000 +0900,4151,5894,player_game_stats_transfer,2026-05-26 16:59:07.291 +0900
902,"32954","701","15",2020-03-14 15:05:00.000 +0900,,4562,4563,player_game_stats_insert,2026-05-26 16:59:16.393 +0900
842,"8747","701","",2019-12-21 19:05:00.000 +0900,,4356,4563,player_game_stats_transfer,2026-05-26 16:59:11.445 +0900
598,"8768","696","8",2018-10-06 18:05:00.000 +0900,,2994,4565,player_game_stats_insert,2026-05-26 16:58:52.302 +0900
746,"18423","700","",2019-10-05 14:05:00.000 +0900,,4153,4573,player_game_stats_insert,2026-05-26 16:59:07.291 +0900
735,"22483","727","",2019-10-03 19:05:00.000 +0900,,4159,4561,player_game_stats_insert,2026-05-26 16:59:07.291 +0900
651,"18842","702","",2018-12-08 18:05:00.000 +0900,,3157,4561,player_game_stats_insert,2026-05-26 16:58:56.398 +0900
907,"22404","728","5",2020-03-15 19:05:00.000 +0900,,4567,4567,player_game_stats_insert,2026-05-26 16:59:16.393 +0900
834,"18436","694","00",2019-12-07 15:05:00.000 +0900,,4303,4567,player_game_stats_transfer,2026-05-26 16:59:11.079 +0900
893,"30467","694","",2020-02-01 15:05:00.000 +0900,,4454,4567,player_game_stats_insert,2026-05-26 16:59:14.840 +0900
744,"9283","700","22",2019-10-05 14:05:00.000 +0900,2020-10-03 17:05:00.000 +0900,4153,5868,player_game_stats_transfer,2026-05-26 16:59:07.291 +0900
892,"30465","694","6",2020-02-01 15:05:00.000 +0900,2020-10-03 18:05:00.000 +0900,4454,5864,player_game_stats_insert,2026-05-26 16:59:14.840 +0900
778,"8469","696","10",2019-10-05 18:05:00.000 +0900,2020-10-03 18:05:00.000 +0900,4161,5870,player_game_stats_transfer,2026-05-26 16:59:07.291 +0900
924,"8585","716","34",2020-10-03 14:05:00.000 +0900,2021-10-02 18:05:00.000 +0900,5862,7430,player_game_stats_transfer,2026-05-26 16:59:19.085 +0900
950,"10258","700","7",2020-10-03 15:05:00.000 +0900,2021-10-02 18:05:00.000 +0900,5872,7426,player_game_stats_transfer,2026-05-26 16:59:19.085 +0900
967,"26928","728","0",2020-10-03 17:05:00.000 +0900,2020-10-10 19:05:00.000 +0900,5858,5892,player_game_stats_insert,2026-05-26 16:59:19.085 +0900
978,"8684","720","2",2020-10-03 17:05:00.000 +0900,,5868,6453,player_game_stats_transfer,2026-05-26 16:59:19.085 +0900
974,"9071","698","2",2020-10-03 17:05:00.000 +0900,,5868,5885,player_game_stats_insert,2026-05-26 16:59:19.085 +0900
997,"9448","697","33",2020-10-03 18:05:00.000 +0900,,5864,5883,player_game_stats_insert,2026-05-26 16:59:19.085 +0900
998,"12660","697","50",2020-10-03 18:05:00.000 +0900,,5864,5883,player_game_stats_insert,2026-05-26 16:59:19.085 +0900
1006,"10844","699","21",2020-10-03 18:05:00.000 +0900,,5870,500716,player_game_stats_transfer,2026-05-26 16:59:19.085 +0900
1004,"10824","699","1",2020-10-03 18:05:00.000 +0900,,5870,8075,player_game_stats_transfer,2026-05-26 16:59:19.085 +0900
1009,"12648","699","40",2020-10-03 18:05:00.000 +0900,,5870,5887,player_game_stats_insert,2026-05-26 16:59:19.085 +0900
979,"9418","720","3",2020-10-03 17:05:00.000 +0900,2022-10-01 15:05:00.000 +0900,5868,500003,player_game_stats_insert,2026-05-26 16:59:19.085 +0900
926,"25136","693","8",2020-10-03 14:05:00.000 +0900,,5862,5887,player_game_stats_insert,2026-05-26 16:59:19.085 +0900
948,"10834","700","0",2020-10-03 15:05:00.000 +0900,2022-10-01 15:05:00.000 +0900,5872,500003,player_game_stats_insert,2026-05-26 16:59:19.085 +0900
936,"9403","701","42",2020-10-03 15:05:00.000 +0900,2020-11-11 19:05:00.000 +0900,5854,5976,player_game_stats_transfer,2026-05-26 16:59:19.085 +0900
921,"18429","716","19",2020-10-03 14:05:00.000 +0900,2025-10-04 15:05:00.000 +0900,5862,504732,player_game_stats_insert,2026-05-26 16:59:19.085 +0900
966,"27048","726","25",2020-10-03 17:05:00.000 +0900,2026-01-24 15:05:00.000 +0900,5858,505142,player_game_stats_insert,2026-05-26 16:59:19.085 +0900
919,"8667","716","13",2020-10-03 14:05:00.000 +0900,,5862,6392,player_game_stats_insert,2026-05-26 16:59:19.085 +0900
792,"8721","728","1",2019-10-05 19:05:00.000 +0900,2023-03-15 19:05:00.000 +0900,4167,500474,player_game_stats_transfer,2026-05-26 16:59:07.291 +0900
1029,"33032","699","32",2020-10-17 15:05:00.000 +0900,2024-10-05 15:35:00.000 +0900,5912,502722,player_game_stats_insert,2026-05-26 16:59:19.476 +0900
1001,"30465","704","6",2020-10-03 18:05:00.000 +0900,2022-10-01 16:05:00.000 +0900,5864,500021,player_game_stats_transfer,2026-05-26 16:59:19.085 +0900
910,"9379","706","33",2020-10-02 19:05:00.000 +0900,2021-12-04 14:05:00.000 +0900,5856,7590,player_game_stats_transfer,2026-05-26 16:59:19.085 +0900
923,"12598","716","24",2020-10-03 14:05:00.000 +0900,2023-10-07 16:35:00.000 +0900,5862,501303,player_game_stats_insert,2026-05-26 16:59:19.085 +0900
1002,"15811","704","14",2020-10-03 18:05:00.000 +0900,2023-01-13 19:00:00.000 +0900,5864,501173,player_game_stats_transfer,2026-05-26 16:59:19.085 +0900
1000,"9055","704","2",2020-10-03 18:05:00.000 +0900,2023-01-14 19:15:00.000 +0900,5864,501172,player_game_stats_transfer,2026-05-26 16:59:19.085 +0900
1020,"32990","704","12",2020-10-10 18:30:00.000 +0900,,5876,6954,player_game_stats_insert,2026-05-26 16:59:19.085 +0900
1003,"26921","704","22",2020-10-03 18:05:00.000 +0900,2021-10-02 14:00:00.000 +0900,5864,7441,player_game_stats_transfer,2026-05-26 16:59:19.085 +0900
908,"9033","706","15",2020-10-02 19:05:00.000 +0900,2021-10-02 15:05:00.000 +0900,5856,7434,player_game_stats_transfer,2026-05-26 16:59:19.085 +0900
1019,"32994","702","2",2020-10-10 18:05:00.000 +0900,2021-10-09 15:05:00.000 +0900,5880,7446,player_game_stats_insert,2026-05-26 16:59:19.085 +0900
1037,"33030","697","9",2020-10-21 19:05:00.000 +0900,,5919,6447,player_game_stats_insert,2026-05-26 16:59:19.476 +0900
986,"26911","695","5",2020-10-03 18:05:00.000 +0900,,5860,5947,player_game_stats_transfer,2026-05-26 16:59:19.085 +0900
999,"8544","697","51",2020-10-03 18:05:00.000 +0900,,5864,5949,player_game_stats_transfer,2026-05-26 16:59:19.085 +0900
734,"26874","727","35",2019-10-03 19:05:00.000 +0900,2024-10-05 16:05:00.000 +0900,4159,502726,player_game_stats_insert,2026-05-26 16:59:07.291 +0900
1005,"8469","699","10",2020-10-03 18:05:00.000 +0900,2026-04-08 19:05:00.000 +0900,5870,505376,player_game_stats_transfer,2026-05-26 16:59:19.085 +0900
1021,"26928","695","0",2020-10-10 19:05:00.000 +0900,2020-12-12 18:05:00.000 +0900,5892,6062,player_game_stats_transfer,2026-05-26 16:59:19.085 +0900
1047,"32980","697","1",2020-11-07 18:35:00.000 +0900,2021-10-02 17:05:00.000 +0900,5970,7432,player_game_stats_insert,2026-05-26 16:59:21.148 +0900
1031,"33094","720","7",2020-10-17 16:05:00.000 +0900,2021-10-02 19:05:00.000 +0900,5894,7436,player_game_stats_insert,2026-05-26 16:59:19.476 +0900
1022,"33045","693","9",2020-10-17 14:05:00.000 +0900,,5896,8727,player_game_stats_insert,2026-05-26 16:59:19.085 +0900
928,"8589","703","6",2020-10-03 15:05:00.000 +0900,2023-01-14 19:15:00.000 +0900,5854,501172,player_game_stats_transfer,2026-05-26 16:59:19.085 +0900
981,"8734","720","15",2020-10-03 17:05:00.000 +0900,,5868,505503,player_game_stats_transfer,2026-05-26 16:59:19.085 +0900
976,"22496","698","11",2020-10-03 17:05:00.000 +0900,,5868,8073,player_game_stats_transfer,2026-05-26 16:59:19.085 +0900
920,"8458","716","15",2020-10-03 14:05:00.000 +0900,,5862,6392,player_game_stats_transfer,2026-05-26 16:59:19.085 +0900
965,"22491","721","77",2020-10-03 15:05:00.000 +0900,2021-10-02 17:05:00.000 +0900,5872,7432,player_game_stats_insert,2026-05-26 16:59:19.085 +0900
1054,"26928","721","23",2020-12-12 18:05:00.000 +0900,,6062,6123,player_game_stats_transfer,2026-05-26 16:59:23.318 +0900
994,"10851","694","18",2020-10-03 18:05:00.000 +0900,,5860,505495,player_game_stats_transfer,2026-05-26 16:59:19.085 +0900
995,"32956","694","30",2020-10-03 18:05:00.000 +0900,,5860,505495,player_game_stats_insert,2026-05-26 16:59:19.085 +0900
1053,"5100000010","700","9",2020-12-09 19:05:00.000 +0900,,6041,6939,player_game_stats_insert,2026-05-26 16:59:22.933 +0900
992,"33083","694","2",2020-10-03 18:05:00.000 +0900,2021-10-02 15:05:00.000 +0900,5860,7434,player_game_stats_insert,2026-05-26 16:59:19.085 +0900
1045,"26825","694","4",2020-11-07 15:05:00.000 +0900,2021-10-02 17:05:00.000 +0900,5964,7432,player_game_stats_transfer,2026-05-26 16:59:21.148 +0900
993,"9405","694","9",2020-10-03 18:05:00.000 +0900,2023-10-08 16:05:00.000 +0900,5860,501313,player_game_stats_transfer,2026-05-26 16:59:19.085 +0900
1051,"22399","695","5",2020-12-02 19:05:00.000 +0900,2021-10-02 14:00:00.000 +0900,6005,7441,player_game_stats_transfer,2026-05-26 16:59:22.933 +0900
987,"10894","695","13",2020-10-03 18:05:00.000 +0900,2021-10-02 17:05:00.000 +0900,5860,7432,player_game_stats_insert,2026-05-26 16:59:19.085 +0900
985,"32978","695","3",2020-10-03 18:05:00.000 +0900,,5860,8067,player_game_stats_insert,2026-05-26 16:59:19.085 +0900
922,"9064","716","21",2020-10-03 14:05:00.000 +0900,,5862,6105,player_game_stats_insert,2026-05-26 16:59:19.085 +0900
1024,"33096","701","41",2020-10-17 14:05:00.000 +0900,,5896,6952,player_game_stats_insert,2026-05-26 16:59:19.085 +0900
1061,"30468","726","12",2020-12-26 18:05:00.000 +0900,2023-10-14 15:05:00.000 +0900,6096,501321,player_game_stats_transfer,2026-05-26 16:59:23.759 +0900
1046,"18442","699","34",2020-11-07 17:05:00.000 +0900,,5960,6097,player_game_stats_transfer,2026-05-26 16:59:21.148 +0900
853,"30348","706","75",2020-01-04 15:05:00.000 +0900,,4385,506080,player_game_stats_insert,2026-05-26 16:59:13.083 +0900
1030,"9400","702","10",2020-10-17 16:05:00.000 +0900,,5894,6435,player_game_stats_transfer,2026-05-26 16:59:19.476 +0900
706,"22394","702","16",2019-03-02 18:05:00.000 +0900,2021-10-02 14:05:00.000 +0900,3362,7428,player_game_stats_insert,2026-05-26 16:59:01.912 +0900
951,"32982","700","8",2020-10-03 15:05:00.000 +0900,2021-10-02 15:05:00.000 +0900,5872,7434,player_game_stats_insert,2026-05-26 16:59:19.085 +0900
852,"8654","706","26",2020-01-04 15:05:00.000 +0900,2021-10-02 17:05:00.000 +0900,4385,7432,player_game_stats_transfer,2026-05-26 16:59:13.083 +0900
1050,"26886","727","5",2020-11-14 18:05:00.000 +0900,2023-10-08 16:05:00.000 +0900,5990,501313,player_game_stats_insert,2026-05-26 16:59:21.148 +0900
1052,"20033","727","44",2020-12-02 19:25:00.000 +0900,2021-01-23 15:05:00.000 +0900,6006,6140,player_game_stats_transfer,2026-05-26 16:59:22.933 +0900
941,"8506","702","3",2020-10-03 15:05:00.000 +0900,,5866,8059,player_game_stats_transfer,2026-05-26 16:59:19.085 +0900
942,"15818","702","5",2020-10-03 15:05:00.000 +0900,2021-10-02 11:55:00.000 +0900,5866,7438,player_game_stats_transfer,2026-05-26 16:59:19.085 +0900
754,"8512","726","23",2019-10-05 16:05:00.000 +0900,2023-10-08 16:05:00.000 +0900,4157,501313,player_game_stats_transfer,2026-05-26 16:59:07.291 +0900
699,"20031","702","7",2019-02-09 18:05:00.000 +0900,,3328,503407,player_game_stats_insert,2026-05-26 16:59:00.217 +0900
1063,"20021","706","8",2021-01-02 15:05:00.000 +0900,2023-01-13 19:00:00.000 +0900,6108,501173,player_game_stats_transfer,2026-05-26 16:59:25.177 +0900
930,"8499","703","13",2020-10-03 15:05:00.000 +0900,,5854,506083,player_game_stats_transfer,2026-05-26 16:59:19.085 +0900
931,"8649","703","22",2020-10-03 15:05:00.000 +0900,2021-10-02 14:00:00.000 +0900,5854,7441,player_game_stats_transfer,2026-05-26 16:59:19.085 +0900
954,"15852","721","0",2020-10-03 15:05:00.000 +0900,,5872,6162,player_game_stats_insert,2026-05-26 16:59:19.085 +0900
955,"8608","721","1",2020-10-03 15:05:00.000 +0900,2022-10-01 15:05:00.000 +0900,5872,500003,player_game_stats_insert,2026-05-26 16:59:19.085 +0900
914,"8498","727","27",2020-10-02 19:05:00.000 +0900,2025-10-04 15:05:00.000 +0900,5856,504732,player_game_stats_transfer,2026-05-26 16:59:19.085 +0900
911,"8482","727","0",2020-10-02 19:05:00.000 +0900,2023-01-14 19:15:00.000 +0900,5856,501172,player_game_stats_transfer,2026-05-26 16:59:19.085 +0900
913,"8449","727","24",2020-10-02 19:05:00.000 +0900,2023-01-14 19:15:00.000 +0900,5856,501172,player_game_stats_transfer,2026-05-26 16:59:19.085 +0900
912,"8490","727","22",2020-10-02 19:05:00.000 +0900,,5856,501998,player_game_stats_transfer,2026-05-26 16:59:19.085 +0900
905,"32952","727","34",2020-03-15 16:05:00.000 +0900,,4561,8733,player_game_stats_insert,2026-05-26 16:59:16.393 +0900
1067,"20033","701","22",2021-01-23 15:05:00.000 +0900,2022-11-19 15:05:00.000 +0900,6140,500121,player_game_stats_transfer,2026-05-26 16:59:25.177 +0900
1064,"5100000013","700","11",2021-01-02 15:05:00.000 +0900,,6108,6157,player_game_stats_insert,2026-05-26 16:59:25.177 +0900
939,"8738","729","8",2020-10-03 15:05:00.000 +0900,,5866,506095,player_game_stats_transfer,2026-05-26 16:59:19.085 +0900
996,"8614","697","2",2020-10-03 18:05:00.000 +0900,,5864,6447,player_game_stats_transfer,2026-05-26 16:59:19.085 +0900
1076,"5100000029","721","14",2021-01-31 14:05:00.000 +0900,,6163,8079,player_game_stats_insert,2026-05-26 16:59:25.532 +0900
1059,"30404","696","2",2020-12-26 18:05:00.000 +0900,,6090,500708,player_game_stats_transfer,2026-05-26 16:59:23.318 +0900
1077,"5100000026","729","33",2021-02-06 18:05:00.000 +0900,2024-10-26 14:05:00.000 +0900,6182,502802,player_game_stats_insert,2026-05-26 16:59:27.317 +0900
1041,"32992","726","14",2020-10-24 15:05:00.000 +0900,2024-10-05 16:40:00.000 +0900,5928,502728,player_game_stats_insert,2026-05-26 16:59:19.476 +0900
1057,"30403","695","19",2020-12-26 17:05:00.000 +0900,2021-10-02 15:05:00.000 +0900,6088,7434,player_game_stats_transfer,2026-05-26 16:59:23.318 +0900
1074,"5100000021","703","42",2021-01-30 17:05:00.000 +0900,2021-02-07 15:05:00.000 +0900,6160,7708,player_game_stats_insert,2026-05-26 16:59:25.532 +0900
1072,"5100000020","695","2",2021-01-24 13:05:00.000 +0900,,6131,6223,player_game_stats_insert,2026-05-26 16:59:25.177 +0900
952,"32983","700","10",2020-10-03 15:05:00.000 +0900,,5872,6939,player_game_stats_insert,2026-05-26 16:59:19.085 +0900
1032,"33095","720","8",2020-10-17 16:05:00.000 +0900,2024-03-23 15:05:00.000 +0900,5894,501807,player_game_stats_insert,2026-05-26 16:59:19.476 +0900
982,"9283","720","22",2020-10-03 17:05:00.000 +0900,,5868,8739,player_game_stats_transfer,2026-05-26 16:59:19.085 +0900
983,"26913","720","24",2020-10-03 17:05:00.000 +0900,2021-10-02 11:55:00.000 +0900,5868,7438,player_game_stats_transfer,2026-05-26 16:59:19.085 +0900
980,"10820","720","14",2020-10-03 17:05:00.000 +0900,2021-10-02 17:05:00.000 +0900,5868,7432,player_game_stats_transfer,2026-05-26 16:59:19.085 +0900
975,"8483","698","7",2020-10-03 17:05:00.000 +0900,2021-10-02 18:05:00.000 +0900,5868,7430,player_game_stats_transfer,2026-05-26 16:59:19.085 +0900
984,"9345","720","28",2020-10-03 17:05:00.000 +0900,2024-10-05 18:05:00.000 +0900,5868,502732,player_game_stats_transfer,2026-05-26 16:59:19.085 +0900
1073,"5100000016","726","86",2021-01-24 14:05:00.000 +0900,2021-01-24 19:05:00.000 +0900,6139,7751,player_game_stats_insert,2026-05-26 16:59:25.177 +0900
1056,"5100000012","703","11",2020-12-26 14:05:00.000 +0900,2023-10-08 16:05:00.000 +0900,6092,501313,player_game_stats_insert,2026-05-26 16:59:23.318 +0900
1078,"5100000034","701","31",2021-02-06 18:05:00.000 +0900,2023-01-18 19:05:00.000 +0900,6192,500351,player_game_stats_insert,2026-05-26 16:59:27.317 +0900
918,"18428","716","12",2020-10-03 14:05:00.000 +0900,,5862,501996,player_game_stats_insert,2026-05-26 16:59:19.085 +0900
909,"9037","706","24",2020-10-02 19:05:00.000 +0900,2023-10-07 16:35:00.000 +0900,5856,501303,player_game_stats_transfer,2026-05-26 16:59:19.085 +0900
1060,"5100000014","721","34",2020-12-26 18:05:00.000 +0900,2021-12-15 19:05:00.000 +0900,6090,7627,player_game_stats_insert,2026-05-26 16:59:23.759 +0900
1062,"30460","694","0",2020-12-26 18:35:00.000 +0900,2021-12-25 15:05:00.000 +0900,6100,7661,player_game_stats_transfer,2026-05-26 16:59:23.759 +0900
917,"8547","716","8",2020-10-03 14:05:00.000 +0900,,5862,8073,player_game_stats_insert,2026-05-26 16:59:19.085 +0900
1071,"5100000027","729","60",2021-01-23 18:05:00.000 +0900,2025-10-04 14:05:00.000 +0900,6136,504748,player_game_stats_insert,2026-05-26 16:59:25.177 +0900
1007,"9317","699","24",2020-10-03 18:05:00.000 +0900,,5870,6453,player_game_stats_transfer,2026-05-26 16:59:19.085 +0900
1083,"5100000039","696","10",2021-02-27 18:05:00.000 +0900,2022-10-01 16:05:00.000 +0900,6240,500021,player_game_stats_insert,2026-05-26 16:59:27.667 +0900
1068,"5100000025","697","21",2021-01-23 17:05:00.000 +0900,2023-10-07 18:05:00.000 +0900,6134,501297,player_game_stats_insert,2026-05-26 16:59:25.177 +0900
1065,"5100000023","702","12",2021-01-23 14:00:00.000 +0900,2021-12-26 14:05:00.000 +0900,6124,7654,player_game_stats_insert,2026-05-26 16:59:25.177 +0900
1075,"5100000024","694","23",2021-01-31 14:05:00.000 +0900,2025-01-18 16:00:00.000 +0900,6163,503880,player_game_stats_insert,2026-05-26 16:59:25.532 +0900
1069,"15815","697","75",2021-01-23 17:05:00.000 +0900,2021-01-24 19:05:00.000 +0900,6134,7754,player_game_stats_insert,2026-05-26 16:59:25.177 +0900
718,"9489","701","3",2019-04-27 13:10:00.000 +0900,2022-10-08 15:05:00.000 +0900,4138,500033,player_game_stats_transfer,2026-05-26 16:59:04.527 +0900
988,"30399","695","21",2020-10-03 18:05:00.000 +0900,2022-10-01 15:05:00.000 +0900,5860,500015,player_game_stats_transfer,2026-05-26 16:59:19.085 +0900
1079,"5100000035","693","10",2021-02-13 15:05:00.000 +0900,2021-12-15 19:05:00.000 +0900,6218,7627,player_game_stats_insert,2026-05-26 16:59:27.317 +0900
1049,"9403","695","42",2020-11-11 19:05:00.000 +0900,,5976,6443,player_game_stats_transfer,2026-05-26 16:59:21.148 +0900
991,"15816","695","33",2020-10-03 18:05:00.000 +0900,2021-10-02 17:05:00.000 +0900,5860,7432,player_game_stats_transfer,2026-05-26 16:59:19.085 +0900
990,"18433","695","25",2020-10-03 18:05:00.000 +0900,2023-10-07 18:05:00.000 +0900,5860,501297,player_game_stats_insert,2026-05-26 16:59:19.085 +0900
989,"8475","695","23",2020-10-03 18:05:00.000 +0900,,5860,8067,player_game_stats_transfer,2026-05-26 16:59:19.085 +0900
1058,"10852","695","30",2020-12-26 17:05:00.000 +0900,2022-10-01 16:05:00.000 +0900,6088,500019,player_game_stats_transfer,2026-05-26 16:59:23.318 +0900
841,"30349","700","13",2019-12-21 15:05:00.000 +0900,2022-10-01 15:05:00.000 +0900,4352,500003,player_game_stats_insert,2026-05-26 16:59:11.445 +0900
949,"32984","700","3",2020-10-03 15:05:00.000 +0900,2023-01-13 19:00:00.000 +0900,5872,501173,player_game_stats_insert,2026-05-26 16:59:19.085 +0900
1081,"5100000036","700","12",2021-02-13 16:05:00.000 +0900,2022-12-17 16:05:00.000 +0900,6212,500240,player_game_stats_insert,2026-05-26 16:59:27.317 +0900
1027,"33085","700","25",2020-10-17 15:05:00.000 +0900,2023-10-07 15:05:00.000 +0900,5912,501295,player_game_stats_insert,2026-05-26 16:59:19.476 +0900
1082,"5100000040","697","17",2021-02-27 17:05:00.000 +0900,2024-10-05 14:05:00.000 +0900,6244,502724,player_game_stats_insert,2026-05-26 16:59:27.667 +0900
1080,"5100000022","727","3",2021-02-13 16:05:00.000 +0900,2024-12-28 18:05:00.000 +0900,6204,503008,player_game_stats_insert,2026-05-26 16:59:27.317 +0900
1035,"33098","696","0",2020-10-17 18:05:00.000 +0900,,5906,6363,player_game_stats_insert,2026-05-26 16:59:19.476 +0900
947,"12580","702","31",2020-10-03 15:05:00.000 +0900,,5866,6353,player_game_stats_transfer,2026-05-26 16:59:19.085 +0900
1038,"32981","697","31",2020-10-21 19:05:00.000 +0900,,5919,6447,player_game_stats_insert,2026-05-26 16:59:19.476 +0900
1044,"33029","697","24",2020-10-28 19:05:00.000 +0900,2021-10-02 15:05:00.000 +0900,5949,7434,player_game_stats_insert,2026-05-26 16:59:19.825 +0900
1055,"5100000011","697","28",2020-12-19 17:05:00.000 +0900,2022-10-01 17:35:00.000 +0900,6076,500011,player_game_stats_insert,2026-05-26 16:59:23.318 +0900
1023,"33097","701","13",2020-10-17 14:05:00.000 +0900,2022-10-08 18:05:00.000 +0900,5896,500029,player_game_stats_insert,2026-05-26 16:59:19.085 +0900
1086,"20001","697","27",2021-03-17 19:05:00.000 +0900,,6230,6425,player_game_stats_insert,2026-05-26 16:59:29.182 +0900
933,"8737","701","1",2020-10-03 15:05:00.000 +0900,2021-10-09 15:05:00.000 +0900,5854,7456,player_game_stats_transfer,2026-05-26 16:59:19.085 +0900
1040,"10842","716","31",2020-10-21 19:05:00.000 +0900,2025-10-29 19:05:00.000 +0900,5919,504852,player_game_stats_insert,2026-05-26 16:59:19.476 +0900
1011,"8496","696","21",2020-10-03 18:05:00.000 +0900,2021-10-02 15:05:00.000 +0900,5870,7434,player_game_stats_transfer,2026-05-26 16:59:19.085 +0900
1039,"33036","716","27",2020-10-21 19:05:00.000 +0900,2021-10-02 18:05:00.000 +0900,5919,7430,player_game_stats_insert,2026-05-26 16:59:19.476 +0900
1028,"33031","699","23",2020-10-17 15:05:00.000 +0900,,5912,6453,player_game_stats_insert,2026-05-26 16:59:19.476 +0900
1026,"8651","716","55",2020-10-17 15:05:00.000 +0900,,5908,500710,player_game_stats_transfer,2026-05-26 16:59:19.476 +0900
916,"9267","716","7",2020-10-03 14:05:00.000 +0900,,5862,8073,player_game_stats_insert,2026-05-26 16:59:19.085 +0900
915,"8836","716","5",2020-10-03 14:05:00.000 +0900,,5862,6404,player_game_stats_transfer,2026-05-26 16:59:19.085 +0900
1008,"30519","699","29",2020-10-03 18:05:00.000 +0900,2022-10-01 15:05:00.000 +0900,5870,500015,player_game_stats_insert,2026-05-26 16:59:19.085 +0900
1042,"8843","716","50",2020-10-24 15:05:00.000 +0900,,5932,501996,player_game_stats_insert,2026-05-26 16:59:19.476 +0900
937,"14301","729","2",2020-10-03 15:05:00.000 +0900,2023-01-13 19:00:00.000 +0900,5866,501173,player_game_stats_transfer,2026-05-26 16:59:19.085 +0900
1043,"10897","729","10",2020-10-24 16:05:00.000 +0900,,5930,6449,player_game_stats_transfer,2026-05-26 16:59:19.476 +0900
964,"8470","721","55",2020-10-03 15:05:00.000 +0900,2021-10-02 14:05:00.000 +0900,5872,7420,player_game_stats_transfer,2026-05-26 16:59:19.085 +0900
957,"8839","721","3",2020-10-03 15:05:00.000 +0900,2021-10-02 14:05:00.000 +0900,5872,7428,player_game_stats_transfer,2026-05-26 16:59:19.085 +0900
938,"10886","729","4",2020-10-03 15:05:00.000 +0900,2021-10-02 14:05:00.000 +0900,5866,7428,player_game_stats_transfer,2026-05-26 16:59:19.085 +0900
1088,"9369","721","15",2021-03-20 19:05:00.000 +0900,2021-10-02 14:05:00.000 +0900,6302,7428,player_game_stats_transfer,2026-05-26 16:59:29.182 +0900
960,"12454","721","21",2020-10-03 15:05:00.000 +0900,2021-10-02 17:05:00.000 +0900,5872,7432,player_game_stats_transfer,2026-05-26 16:59:19.085 +0900
1014,"18475","696","77",2020-10-03 18:05:00.000 +0900,2021-10-02 18:05:00.000 +0900,5870,7430,player_game_stats_transfer,2026-05-26 16:59:19.085 +0900
956,"8534","721","2",2020-10-03 15:05:00.000 +0900,,5872,502540,player_game_stats_insert,2026-05-26 16:59:19.085 +0900
958,"32995","721","5",2020-10-03 15:05:00.000 +0900,2024-10-05 15:35:00.000 +0900,5872,502722,player_game_stats_insert,2026-05-26 16:59:19.085 +0900
959,"18432","721","8",2020-10-03 15:05:00.000 +0900,,5872,8079,player_game_stats_insert,2026-05-26 16:59:19.085 +0900
961,"8528","721","24",2020-10-03 15:05:00.000 +0900,2022-11-26 15:05:00.000 +0900,5872,500133,player_game_stats_insert,2026-05-26 16:59:19.085 +0900
963,"9348","721","30",2020-10-03 15:05:00.000 +0900,,5872,6431,player_game_stats_insert,2026-05-26 16:59:19.085 +0900
940,"8463","729","32",2020-10-03 15:05:00.000 +0900,2022-10-01 15:05:00.000 +0900,5866,500005,player_game_stats_transfer,2026-05-26 16:59:19.085 +0900
962,"8582","721","25",2020-10-03 15:05:00.000 +0900,2022-10-01 15:05:00.000 +0900,5872,500007,player_game_stats_transfer,2026-05-26 16:59:19.085 +0900
946,"26890","702","24",2020-10-03 15:05:00.000 +0900,2021-10-02 11:55:00.000 +0900,5866,7438,player_game_stats_transfer,2026-05-26 16:59:19.085 +0900
1084,"5100000041","693","1",2021-03-03 19:05:00.000 +0900,2023-01-13 19:00:00.000 +0900,6258,501173,player_game_stats_insert,2026-05-26 16:59:29.182 +0900
803,"8587","702","0",2019-10-06 15:05:00.000 +0900,2023-01-14 19:15:00.000 +0900,4151,501172,player_game_stats_transfer,2026-05-26 16:59:07.291 +0900
1066,"30437","702","17",2021-01-23 14:00:00.000 +0900,2022-10-01 15:05:00.000 +0900,6124,500003,player_game_stats_transfer,2026-05-26 16:59:25.177 +0900
943,"8507","702","8",2020-10-03 15:05:00.000 +0900,2021-10-02 14:05:00.000 +0900,5866,7420,player_game_stats_transfer,2026-05-26 16:59:19.085 +0900
925,"8712","693","6",2020-10-03 14:05:00.000 +0900,2021-10-02 15:05:00.000 +0900,5862,7434,player_game_stats_transfer,2026-05-26 16:59:19.085 +0900
945,"20003","702","15",2020-10-03 15:05:00.000 +0900,2022-10-01 17:35:00.000 +0900,5866,500009,player_game_stats_transfer,2026-05-26 16:59:19.085 +0900
944,"8509","702","11",2020-10-03 15:05:00.000 +0900,2024-01-14 15:15:00.000 +0900,5866,502496,player_game_stats_transfer,2026-05-26 16:59:19.085 +0900
1036,"33035","694","1",2020-10-21 19:05:00.000 +0900,2024-11-30 15:05:00.000 +0900,5917,502884,player_game_stats_insert,2026-05-26 16:59:19.476 +0900
1033,"33037","698","0",2020-10-17 18:05:00.000 +0900,2021-03-05 15:05:00.000 +0900,5904,7828,player_game_stats_insert,2026-05-26 16:59:19.476 +0900
886,"30457","693","22",2020-01-22 19:05:00.000 +0900,,4413,500700,player_game_stats_insert,2026-05-26 16:59:13.083 +0900
898,"30513","693","3",2020-02-09 15:05:00.000 +0900,2023-10-07 18:05:00.000 +0900,4479,501297,player_game_stats_insert,2026-05-26 16:59:14.840 +0900
1048,"5100000003","706","0",2020-11-08 15:05:00.000 +0900,,5959,6439,player_game_stats_insert,2026-05-26 16:59:21.148 +0900
1087,"9488","706","22",2021-03-20 15:05:00.000 +0900,,6288,6439,player_game_stats_transfer,2026-05-26 16:59:29.182 +0900
