"history_id","player_id","player_name_j","player_name_e","valid_from","valid_to","detected_from","created_at"
1,"8466",水町 亮介,Ryosuke Mizumachi,2026-05-26 16:51:46.437 +0900,,players_insert,2026-05-26 16:51:46.437 +0900
2,"8467",安藤 誓哉,Seiya Ando,2026-05-26 16:51:46.437 +0900,,players_insert,2026-05-26 16:51:46.437 +0900
3,"8468",田口 成浩,Shigehiro Taguchi,2026-05-26 16:51:46.437 +0900,,players_insert,2026-05-26 16:51:46.437 +0900
5,"8469",菅澤 紀行,Noriyuki Sugasawa,2026-05-26 16:51:46.437 +0900,,players_insert,2026-05-26 16:51:46.437 +0900
6,"9058",スコット・モリソン,Scott Morrison,2026-05-26 16:51:46.437 +0900,,players_insert,2026-05-26 16:51:46.437 +0900
7,"9059",ケビン・パルマー,Kevin Palmer,2026-05-26 16:51:46.437 +0900,,players_insert,2026-05-26 16:51:46.437 +0900
8,"8735",高橋　憲一,Kenichi Takahashi,2026-05-26 16:51:46.437 +0900,,players_insert,2026-05-26 16:51:46.437 +0900
9,"9060",藤江　建典,Tatsunori Fujie,2026-05-26 16:51:46.437 +0900,,players_insert,2026-05-26 16:51:46.437 +0900
10,"8760",ディショーン・スティーブンス,Deshawn Stephens,2026-05-26 16:51:46.437 +0900,,players_insert,2026-05-26 16:51:46.437 +0900
11,"8661",長谷川　誠,"",2026-05-26 16:51:46.437 +0900,,players_insert,2026-05-26 16:51:46.437 +0900
504,"9331",セドリック・ボーズマン,Cedric Bozeman,2026-05-26 16:58:35.172 +0900,,players_insert,2026-05-26 16:58:35.172 +0900
505,"8529",鵤 誠司,Seiji Ikaruga,2026-05-26 16:58:35.172 +0900,,players_insert,2026-05-26 16:58:35.172 +0900
506,"9435",カイル・リチャードソン,Kyle Richardson,2026-05-26 16:58:35.172 +0900,,players_insert,2026-05-26 16:58:35.172 +0900
20,"9036",田村　大輔,Daisuke Tamura,2026-05-26 16:51:46.437 +0900,,players_insert,2026-05-26 16:51:46.437 +0900
507,"12511",長谷川 健志,"",2026-05-26 16:58:35.172 +0900,,players_insert,2026-05-26 16:58:35.172 +0900
24,"9417",伊藤　拓摩,"",2026-05-26 16:51:46.437 +0900,,players_insert,2026-05-26 16:51:46.437 +0900
508,"8587",橋本 竜馬,Ryoma Hashimoto,2026-05-26 16:58:35.172 +0900,,players_update,2026-05-26 16:58:35.172 +0900
509,"12636",ダニエル・オルトン,Daniel Orton,2026-05-26 16:58:35.172 +0900,,players_insert,2026-05-26 16:58:35.172 +0900
510,"8590",狩俣 昌也,Masaya Karimata,2026-05-26 16:58:35.172 +0900,,players_update,2026-05-26 16:58:35.172 +0900
511,"8589",比江島 慎,Makoto Hiejima,2026-05-26 16:58:35.172 +0900,,players_update,2026-05-26 16:58:35.172 +0900
30,"9405",森川　正明,Masaaki Morikawa,2026-05-26 16:51:46.437 +0900,2026-05-26 16:58:35.172 +0900,players_insert,2026-05-26 16:51:46.437 +0900
512,"9405",森川 正明,Masaaki Morikawa,2026-05-26 16:58:35.172 +0900,,players_update,2026-05-26 16:58:35.172 +0900
513,"8592",金丸 晃輔,Kosuke Kanamaru,2026-05-26 16:58:35.172 +0900,,players_update,2026-05-26 16:58:35.172 +0900
18,"9034",松井　啓十郎,Keijuro Matsui,2026-05-26 16:51:46.437 +0900,2026-05-26 16:58:35.172 +0900,players_insert,2026-05-26 16:51:46.437 +0900
514,"9034",松井 啓十郎,Keijuro Matsui,2026-05-26 16:58:35.172 +0900,,players_update,2026-05-26 16:58:35.172 +0900
515,"8595",加藤 寿一,Toshikazu Kato,2026-05-26 16:58:35.172 +0900,,players_update,2026-05-26 16:58:35.172 +0900
516,"8596",桜木 ジェイアール,JR Sakuragi,2026-05-26 16:58:35.172 +0900,,players_update,2026-05-26 16:58:35.172 +0900
37,"9419",鈴木　貴美一,"",2026-05-26 16:51:46.437 +0900,,players_insert,2026-05-26 16:51:46.437 +0900
517,"8844",ジョシュ・デービス,Josh Davis,2026-05-26 16:58:35.172 +0900,,players_insert,2026-05-26 16:58:35.172 +0900
39,"8736",藤永 佳昭,Yoshiaki Fujinaga,2026-05-26 16:51:46.437 +0900,,players_insert,2026-05-26 16:51:46.437 +0900
40,"8737",船生 誠也,Seiya Funyu,2026-05-26 16:51:46.437 +0900,,players_insert,2026-05-26 16:51:46.437 +0900
41,"8738",張本 天傑,Tenketsu Harimoto,2026-05-26 16:51:46.437 +0900,,players_insert,2026-05-26 16:51:46.437 +0900
42,"8515",鵜澤 潤,Jun Uzawa,2026-05-26 16:51:46.437 +0900,,players_insert,2026-05-26 16:51:46.437 +0900
43,"8516",中東 泰斗,Taito Nakahigashi,2026-05-26 16:51:46.437 +0900,,players_insert,2026-05-26 16:51:46.437 +0900
45,"8517",笹山 貴哉,Takaya Sasayama,2026-05-26 16:51:46.437 +0900,,players_insert,2026-05-26 16:51:46.437 +0900
46,"9383",ジャスティン・バーレル,Justin Burrell,2026-05-26 16:51:46.437 +0900,,players_insert,2026-05-26 16:51:46.437 +0900
47,"9382",ジェロウム・ティルマン,Jerome Tillman,2026-05-26 16:51:46.437 +0900,,players_insert,2026-05-26 16:51:46.437 +0900
48,"9429",レジー・ゲーリー,"",2026-05-26 16:51:46.437 +0900,,players_insert,2026-05-26 16:51:46.437 +0900
49,"8482",藤井 祐眞,Yuma Fujii,2026-05-26 16:51:46.437 +0900,,players_insert,2026-05-26 16:51:46.437 +0900
50,"8483",晴山 ケビン,Kevin Hareyama,2026-05-26 16:51:46.437 +0900,,players_insert,2026-05-26 16:51:46.437 +0900
51,"8484",篠山 竜青,Ryusei Shinoyama,2026-05-26 16:51:46.437 +0900,,players_insert,2026-05-26 16:51:46.437 +0900
52,"8485",栗原 貴宏,Takahiro Kurihara,2026-05-26 16:51:46.437 +0900,,players_insert,2026-05-26 16:51:46.437 +0900
53,"8486",野本 建吾,Kengo Nomoto,2026-05-26 16:51:46.437 +0900,,players_insert,2026-05-26 16:51:46.437 +0900
55,"8487",辻 直人,Naoto Tsuji,2026-05-26 16:51:46.437 +0900,,players_insert,2026-05-26 16:51:46.437 +0900
56,"8488",谷口 光貴,Hiroki Taniguchi,2026-05-26 16:51:46.437 +0900,,players_insert,2026-05-26 16:51:46.437 +0900
57,"8489",鎌田 裕也,Yuya Kamata,2026-05-26 16:51:46.437 +0900,,players_insert,2026-05-26 16:51:46.437 +0900
520,"8588",柏木 真介,Shinsuke Kashiwagi,2026-05-26 16:58:35.172 +0900,,players_update,2026-05-26 16:58:35.172 +0900
60,"8492",長谷川 技,Takumi Hasegawa,2026-05-26 16:51:46.437 +0900,,players_insert,2026-05-26 16:51:46.437 +0900
61,"8493",永吉 佑也,Yuya Nagayoshi,2026-05-26 16:51:46.437 +0900,,players_insert,2026-05-26 16:51:46.437 +0900
62,"8691",北 卓也,"",2026-05-26 16:51:46.437 +0900,,players_insert,2026-05-26 16:51:46.437 +0900
66,"8455",蒲谷 正之,Masayuki Kabaya,2026-05-26 16:51:46.437 +0900,,players_insert,2026-05-26 16:51:46.437 +0900
44,"8739",中務　敏宏,Toshihiro Nakatsuka,2026-05-26 16:51:46.437 +0900,2026-05-26 16:58:35.172 +0900,players_insert,2026-05-26 16:51:46.437 +0900
69,"8710",堀川　竜一,Ryuichi Horikawa,2026-05-26 16:51:46.437 +0900,,players_insert,2026-05-26 16:51:46.437 +0900
521,"8739",中務 敏宏,Toshihiro Nakatsuka,2026-05-26 16:58:35.172 +0900,,players_update,2026-05-26 16:58:35.172 +0900
71,"8454",山田 謙治,Kenji Yamada,2026-05-26 16:51:46.437 +0900,,players_insert,2026-05-26 16:51:46.437 +0900
73,"8711",喜久山　貴一,Kiichi Kikuyama,2026-05-26 16:51:46.437 +0900,,players_insert,2026-05-26 16:51:46.437 +0900
522,"12518",梶山 信吾,"",2026-05-26 16:58:35.172 +0900,,players_insert,2026-05-26 16:58:35.172 +0900
63,"8712",細谷　将司,Masashi Hosoya,2026-05-26 16:51:46.437 +0900,2026-05-26 16:58:35.172 +0900,players_insert,2026-05-26 16:51:46.437 +0900
23,"9039",伊藤　大司,Taishi Ito,2026-05-26 16:51:46.437 +0900,2026-05-26 16:58:36.644 +0900,players_insert,2026-05-26 16:51:46.437 +0900
518,"10871",小澤 智将,Ozawa Tomomasa,2026-05-26 16:58:35.172 +0900,2026-05-26 16:58:36.644 +0900,players_insert,2026-05-26 16:58:35.172 +0900
72,"8720",竹田　謙,Ken Takeda,2026-05-26 16:51:46.437 +0900,2026-05-26 16:58:36.644 +0900,players_insert,2026-05-26 16:51:46.437 +0900
4,"8734",白濱　僚祐,Ryosuke Shirahama,2026-05-26 16:51:46.437 +0900,2026-05-26 16:58:52.170 +0900,players_insert,2026-05-26 16:51:46.437 +0900
68,"8713",湊谷　安玲久司朱,Alexis Minatoya,2026-05-26 16:51:46.437 +0900,2026-05-26 16:58:52.170 +0900,players_insert,2026-05-26 16:51:46.437 +0900
519,"12591",ジュフ・バンバ,Diouf Bamba,2026-05-26 16:58:35.172 +0900,2026-05-26 16:58:56.264 +0900,players_insert,2026-05-26 16:58:35.172 +0900
75,"9335",青木　勇人,Taketo aoki,2026-05-26 16:51:46.437 +0900,,players_insert,2026-05-26 16:51:46.437 +0900
78,"8579",マイケル・パーカー,Michael Parker,2026-05-26 16:51:46.437 +0900,,players_insert,2026-05-26 16:51:46.437 +0900
80,"9056",ヒルトン・アームストロング,Hilton Armstrong,2026-05-26 16:51:46.437 +0900,,players_insert,2026-05-26 16:51:46.437 +0900
85,"9057",タイラー・ストーン,Tyler Stone,2026-05-26 16:51:46.437 +0900,,players_insert,2026-05-26 16:51:46.437 +0900
89,"8650",田臥 勇太,Yuta Tabuse,2026-05-26 16:51:46.437 +0900,,players_insert,2026-05-26 16:51:46.437 +0900
523,"8712",細谷 将司,Masashi Hosoya,2026-05-26 16:58:35.172 +0900,,players_update,2026-05-26 16:58:35.172 +0900
91,"8497",遠藤 祐亮,Yusuke Endo,2026-05-26 16:51:46.437 +0900,,players_insert,2026-05-26 16:51:46.437 +0900
92,"8726",竹内 公輔,Kosuke Takeuchi,2026-05-26 16:51:46.437 +0900,,players_insert,2026-05-26 16:51:46.437 +0900
94,"8499",渡邉 裕規,Hironori Watanabe,2026-05-26 16:51:46.437 +0900,,players_insert,2026-05-26 16:51:46.437 +0900
95,"8496",橋本 晃佑,Kosuke Hashimoto,2026-05-26 16:51:46.437 +0900,,players_insert,2026-05-26 16:51:46.437 +0900
64,"8721",川村　卓也,Takuya Kawamura,2026-05-26 16:51:46.437 +0900,2026-05-26 16:58:35.172 +0900,players_insert,2026-05-26 16:51:46.437 +0900
98,"8498",熊谷 尚也,Naoya Kumagae,2026-05-26 16:51:46.437 +0900,,players_insert,2026-05-26 16:51:46.437 +0900
524,"8721",川村 卓也,Takuya Kawamura,2026-05-26 16:58:35.172 +0900,,players_update,2026-05-26 16:58:35.172 +0900
100,"8648",落合 知也,Tomoya Ochiai,2026-05-26 16:51:46.437 +0900,,players_insert,2026-05-26 16:51:46.437 +0900
101,"8660",トーマス・ウィスマン,Thomas Wisman,2026-05-26 16:51:46.437 +0900,,players_insert,2026-05-26 16:51:46.437 +0900
103,"8477",志村 雄彦,Takehiko Shimura,2026-05-26 16:51:46.437 +0900,,players_insert,2026-05-26 16:51:46.437 +0900
104,"8478",柳川 龍之介,Ryunosuke Yanagawa,2026-05-26 16:51:46.437 +0900,,players_insert,2026-05-26 16:51:46.437 +0900
105,"8479",菊池 真人,Manato Kikuchi,2026-05-26 16:51:46.437 +0900,,players_insert,2026-05-26 16:51:46.437 +0900
65,"8719",高島　一貴,Kazutaka Takashima,2026-05-26 16:51:46.437 +0900,2026-05-26 16:58:35.172 +0900,players_insert,2026-05-26 16:51:46.437 +0900
108,"8480",佐藤 文哉,Fumiya Satoh,2026-05-26 16:51:46.437 +0900,,players_insert,2026-05-26 16:51:46.437 +0900
110,"9370",ディオン・ライト,Dion Wright,2026-05-26 16:51:46.437 +0900,,players_insert,2026-05-26 16:51:46.437 +0900
111,"8725",楯　昌宗,Masamune Tate,2026-05-26 16:51:46.437 +0900,,players_insert,2026-05-26 16:51:46.437 +0900
112,"8481",片岡 大晴,Masaharu Kataoka,2026-05-26 16:51:46.437 +0900,,players_insert,2026-05-26 16:51:46.437 +0900
113,"8745",間橋　健生,Takeo Mabashi,2026-05-26 16:51:46.437 +0900,,players_insert,2026-05-26 16:51:46.437 +0900
114,"8506",牧 全,Zen Maki,2026-05-26 16:51:46.437 +0900,,players_insert,2026-05-26 16:51:46.437 +0900
525,"8719",高島 一貴,Kazutaka Takashima,2026-05-26 16:58:35.172 +0900,,players_update,2026-05-26 16:58:35.172 +0900
116,"8507",多嶋 朝飛,Asahi Tajima,2026-05-26 16:51:46.437 +0900,,players_insert,2026-05-26 16:51:46.437 +0900
117,"8508",折茂 武彦,Takehiko Orimo,2026-05-26 16:51:46.437 +0900,,players_insert,2026-05-26 16:51:46.437 +0900
147,"8451",藤高 宗一郎,Soichiro Fujitaka,2026-05-26 16:51:46.437 +0900,2026-05-26 16:59:07.135 +0900,players_insert,2026-05-26 16:51:46.437 +0900
119,"8509",桜井 良太,Ryota Sakurai,2026-05-26 16:51:46.437 +0900,,players_insert,2026-05-26 16:51:46.437 +0900
120,"8510",西川 貴之,Takanobu Nishikawa,2026-05-26 16:51:46.437 +0900,,players_insert,2026-05-26 16:51:46.437 +0900
121,"8511",青島 心,Xin Aoshima,2026-05-26 16:51:46.437 +0900,,players_insert,2026-05-26 16:51:46.437 +0900
122,"8512",野口 大介,Daisuke Noguchi,2026-05-26 16:51:46.437 +0900,,players_insert,2026-05-26 16:51:46.437 +0900
123,"8513",松島 良豪,Yoshitake Matsushima,2026-05-26 16:51:46.437 +0900,,players_insert,2026-05-26 16:51:46.437 +0900
127,"8471",佐藤 優樹,Yuki Sato,2026-05-26 16:51:46.437 +0900,,players_insert,2026-05-26 16:51:46.437 +0900
129,"8472",八幡 圭祐,Keisuke Yahata,2026-05-26 16:51:46.437 +0900,,players_insert,2026-05-26 16:51:46.437 +0900
130,"9041",クリント・チャップマン,Clint Chapman,2026-05-26 16:51:46.437 +0900,,players_insert,2026-05-26 16:51:46.437 +0900
131,"8473",本間 遼太郎,Ryotaro Honma,2026-05-26 16:51:46.437 +0900,,players_insert,2026-05-26 16:51:46.437 +0900
133,"8476",池田 雄一,Yuichi Ikeda,2026-05-26 16:51:46.437 +0900,,players_insert,2026-05-26 16:51:46.437 +0900
134,"9042",スティーブン・バン・トリース,Stephan Van Treese,2026-05-26 16:51:46.437 +0900,,players_insert,2026-05-26 16:51:46.437 +0900
135,"9040",ダバンテ・ガードナー,Davante Gardner,2026-05-26 16:51:46.437 +0900,,players_insert,2026-05-26 16:51:46.437 +0900
136,"8746",庄司　和広,Kazuhiro Shoji,2026-05-26 16:51:46.437 +0900,,players_insert,2026-05-26 16:51:46.437 +0900
109,"9369",チリジ・ネパウエ,Tshilidzi Nephawe,2026-05-26 16:51:46.437 +0900,2026-05-26 16:59:29.057 +0900,players_insert,2026-05-26 16:51:46.437 +0900
140,"8446",伊藤 駿,Takashi Ito,2026-05-26 16:51:46.437 +0900,,players_insert,2026-05-26 16:51:46.437 +0900
141,"8447",ベンドラメ 礼生,Leo Vendrame,2026-05-26 16:51:46.437 +0900,,players_insert,2026-05-26 16:51:46.437 +0900
102,"8722",石川　海斗,Kaito Ishikawa,2026-05-26 16:51:46.437 +0900,2026-05-26 16:59:49.577 +0900,players_insert,2026-05-26 16:51:46.437 +0900
143,"8449",大塚 裕土,Yuto Otsuka,2026-05-26 16:51:46.437 +0900,,players_insert,2026-05-26 16:51:46.437 +0900
144,"8450",広瀬 健太,Kenta Hirose,2026-05-26 16:51:46.437 +0900,,players_insert,2026-05-26 16:51:46.437 +0900
148,"9422",BT　テーブス,"",2026-05-26 16:51:46.437 +0900,,players_insert,2026-05-26 16:51:46.437 +0900
323,"8681",綿貫　瞬,Shun Watanuki,2026-05-26 16:51:50.282 +0900,2026-05-26 16:52:15.705 +0900,players_update,2026-05-26 16:51:50.282 +0900
324,"8701",橋本　拓哉,Takuya Hashimoto,2026-05-26 16:51:50.282 +0900,2026-05-26 16:52:15.705 +0900,players_update,2026-05-26 16:51:50.282 +0900
325,"8688",根来　新之助,Shinnosuke Negoro,2026-05-26 16:51:50.282 +0900,2026-05-26 16:52:15.705 +0900,players_update,2026-05-26 16:51:50.282 +0900
326,"8689",木下　博之,Hiroyuki Kinoshita,2026-05-26 16:51:50.282 +0900,2026-05-26 16:52:15.705 +0900,players_update,2026-05-26 16:51:50.282 +0900
327,"8683",相馬　卓弥,Takuya Soma,2026-05-26 16:51:50.282 +0900,2026-05-26 16:52:15.705 +0900,players_update,2026-05-26 16:51:50.282 +0900
150,"8501",水戸 健史,Takeshi Mito,2026-05-26 16:51:46.437 +0900,,players_insert,2026-05-26 16:51:46.437 +0900
152,"8503",宇都 直輝,Naoki Uto,2026-05-26 16:51:46.437 +0900,,players_insert,2026-05-26 16:51:46.437 +0900
153,"8505",田中 健介,Kensuke Tanaka,2026-05-26 16:51:46.437 +0900,,players_insert,2026-05-26 16:51:46.437 +0900
526,"12454",田渡 凌,Ryo Tawatari,2026-05-26 16:58:35.172 +0900,,players_insert,2026-05-26 16:58:35.172 +0900
156,"8504",山崎 稜,Ryo Yamazaki,2026-05-26 16:51:46.437 +0900,,players_insert,2026-05-26 16:51:46.437 +0900
528,"12510",古田 悟,"",2026-05-26 16:58:35.172 +0900,,players_insert,2026-05-26 16:58:35.172 +0900
160,"9054",嶋田　基志,Motoshi Shimada,2026-05-26 16:51:46.437 +0900,,players_insert,2026-05-26 16:51:46.437 +0900
215,"8577",長谷川　智伸,Tomonobu Hasegawa,2026-05-26 16:51:46.437 +0900,2026-05-26 16:58:35.172 +0900,players_insert,2026-05-26 16:51:46.437 +0900
163,"9354",ロバート・ドジャー,Robert Dozier,2026-05-26 16:51:46.437 +0900,,players_insert,2026-05-26 16:51:46.437 +0900
165,"9355",オルー・アシャオル,Olu Ashaolu,2026-05-26 16:51:46.437 +0900,,players_insert,2026-05-26 16:51:46.437 +0900
167,"8566",川満　寿史,Toshifumi Kawamitsu,2026-05-26 16:51:46.437 +0900,,players_insert,2026-05-26 16:51:46.437 +0900
170,"9356",リチャード・ロビー,Richard Roby,2026-05-26 16:51:46.437 +0900,,players_insert,2026-05-26 16:51:46.437 +0900
172,"8570",並里　祐,Tasuku Namizato,2026-05-26 16:51:46.437 +0900,,players_insert,2026-05-26 16:51:46.437 +0900
529,"8577",長谷川 智伸,Tomonobu Hasegawa,2026-05-26 16:58:35.172 +0900,,players_update,2026-05-26 16:58:35.172 +0900
175,"8456",小島 元基,Genki Kojima,2026-05-26 16:51:46.437 +0900,,players_insert,2026-05-26 16:51:46.437 +0900
177,"9360",マーカス・ダブ,Marcus Dove,2026-05-26 16:51:46.437 +0900,,players_insert,2026-05-26 16:51:46.437 +0900
178,"8457",村上 直,Sunao Murakami,2026-05-26 16:51:46.437 +0900,,players_insert,2026-05-26 16:51:46.437 +0900
180,"8458",佐藤 託矢,Takuya Sato,2026-05-26 16:51:46.437 +0900,,players_insert,2026-05-26 16:51:46.437 +0900
181,"8728",日下　光,Hikaru Kusaka,2026-05-26 16:51:46.437 +0900,,players_insert,2026-05-26 16:51:46.437 +0900
182,"9359",ローレンス・ヒル,Lawrence Hill,2026-05-26 16:51:46.437 +0900,,players_insert,2026-05-26 16:51:46.437 +0900
183,"8459",内海 慎吾,Shingo Utsumi,2026-05-26 16:51:46.437 +0900,,players_insert,2026-05-26 16:51:46.437 +0900
184,"8460",籔内 幸樹,Kouki Yabuuchi,2026-05-26 16:51:46.437 +0900,,players_insert,2026-05-26 16:51:46.437 +0900
185,"8762",ケビン・コッツァー,Kevin Kotzur,2026-05-26 16:51:46.437 +0900,,players_insert,2026-05-26 16:51:46.437 +0900
186,"8693",浜口 炎,"",2026-05-26 16:51:46.437 +0900,,players_insert,2026-05-26 16:51:46.437 +0900
530,"9489",並里 成,Narito Namizato,2026-05-26 16:58:35.172 +0900,,players_update,2026-05-26 16:58:35.172 +0900
531,"10818",高橋 耕陽,Koyo Takahashi,2026-05-26 16:58:35.172 +0900,,players_update,2026-05-26 16:58:35.172 +0900
533,"12586",オマール・サムハン,Omar Samhan,2026-05-26 16:58:35.172 +0900,,players_insert,2026-05-26 16:58:35.172 +0900
534,"8758",澤地　サミュエルJr.,Sawaji Samuel Jr.,2026-05-26 16:58:35.172 +0900,,players_insert,2026-05-26 16:58:35.172 +0900
535,"12514",ショーン・デニス,"",2026-05-26 16:58:35.172 +0900,,players_insert,2026-05-26 16:58:35.172 +0900
14,"9030",二ノ宮　康平,Kohei Ninomiya,2026-05-26 16:51:46.437 +0900,2026-05-26 16:58:35.172 +0900,players_insert,2026-05-26 16:51:46.437 +0900
196,"9061",劉 瑾,Jin Liu,2026-05-26 16:51:46.437 +0900,,players_insert,2026-05-26 16:51:46.437 +0900
93,"8494",須田 侑太郎,Yutaro Suda,2026-05-26 16:51:46.437 +0900,2026-05-26 16:58:35.172 +0900,players_insert,2026-05-26 16:51:46.437 +0900
199,"8694",桶谷 大,"",2026-05-26 16:51:46.437 +0900,,players_insert,2026-05-26 16:51:46.437 +0900
539,"12587",ハッサン・マーティン,Hassan Martin,2026-05-26 16:58:35.172 +0900,,players_insert,2026-05-26 16:58:35.172 +0900
201,"8652",金城　茂之,Shigeyuki Kinjo,2026-05-26 16:51:46.437 +0900,,players_insert,2026-05-26 16:51:46.437 +0900
202,"8653",大宮 宏正,Hiromasa Omiya,2026-05-26 16:51:46.437 +0900,,players_insert,2026-05-26 16:51:46.437 +0900
97,"8500",古川 孝敏,Takatoshi Furukawa,2026-05-26 16:51:46.437 +0900,2026-05-26 16:58:35.172 +0900,players_insert,2026-05-26 16:51:46.437 +0900
205,"8655",岸本 隆一,Ryuichi Kishimoto,2026-05-26 16:51:46.437 +0900,,players_insert,2026-05-26 16:51:46.437 +0900
207,"8656",田代 直希,Naoki Tashiro,2026-05-26 16:51:46.437 +0900,,players_insert,2026-05-26 16:51:46.437 +0900
208,"8657",喜多川 修平,Shuhei Kitagawa,2026-05-26 16:51:46.437 +0900,,players_insert,2026-05-26 16:51:46.437 +0900
209,"8658",山内 盛久,Morihisa Yamauchi,2026-05-26 16:51:46.437 +0900,,players_insert,2026-05-26 16:51:46.437 +0900
210,"9384",ラモント・ハミルトン,Lamont Hamilton,2026-05-26 16:51:46.437 +0900,,players_insert,2026-05-26 16:51:46.437 +0900
211,"8659",新城 真司,Shinji Arashiro,2026-05-26 16:51:46.437 +0900,,players_insert,2026-05-26 16:51:46.437 +0900
212,"8695",伊佐 勉,"",2026-05-26 16:51:46.437 +0900,,players_insert,2026-05-26 16:51:46.437 +0900
213,"8462",小林 遥太,Ryota Kobayashi,2026-05-26 16:51:46.437 +0900,,players_insert,2026-05-26 16:51:46.437 +0900
541,"12515",佐々 宜央,"",2026-05-26 16:58:35.172 +0900,,players_insert,2026-05-26 16:58:35.172 +0900
216,"8464",田中 大地,Daichi Tanaka,2026-05-26 16:51:46.437 +0900,,players_insert,2026-05-26 16:51:46.437 +0900
137,"8662",満原　優樹,Yuki Mitsuhara,2026-05-26 16:51:46.437 +0900,2026-05-26 16:58:35.172 +0900,players_insert,2026-05-26 16:51:46.437 +0900
542,"8662",満原 優樹,Yuki Mitsuhara,2026-05-26 16:58:35.172 +0900,,players_update,2026-05-26 16:58:35.172 +0900
219,"8461",横江 豊,Yutaka Yokoe,2026-05-26 16:51:46.437 +0900,,players_insert,2026-05-26 16:51:46.437 +0900
536,"8514",石崎 巧,Ishizaki Takumi,2026-05-26 16:58:35.172 +0900,2026-05-26 16:58:36.644 +0900,players_update,2026-05-26 16:58:35.172 +0900
221,"8463",狩野 祐介,Yusuke Karino,2026-05-26 16:51:46.437 +0900,,players_insert,2026-05-26 16:51:46.437 +0900
537,"9030",二ノ宮 康平,Ninomiya Kohei,2026-05-26 16:58:35.172 +0900,2026-05-26 16:58:36.644 +0900,players_update,2026-05-26 16:58:35.172 +0900
223,"8748",遠山　向人,Kohto Tohyama,2026-05-26 16:51:46.437 +0900,,players_insert,2026-05-26 16:51:46.437 +0900
217,"8761",菅原　洋介,Yousuke Sugawara,2026-05-26 16:51:46.437 +0900,2026-05-26 16:52:28.061 +0900,players_insert,2026-05-26 16:51:46.437 +0900
218,"8465",樋口 大倫,Higuchi Hironori,2026-05-26 16:51:46.437 +0900,2026-05-26 16:52:28.061 +0900,players_insert,2026-05-26 16:51:46.437 +0900
538,"8494",須田 侑太郎,Suda Yutaro,2026-05-26 16:58:35.172 +0900,2026-05-26 16:58:36.644 +0900,players_update,2026-05-26 16:58:35.172 +0900
540,"8500",古川 孝敏,Furukawa Takatoshi,2026-05-26 16:58:35.172 +0900,2026-05-26 16:58:36.644 +0900,players_update,2026-05-26 16:58:35.172 +0900
151,"8732",岡田　優,Yu Okada,2026-05-26 16:51:46.437 +0900,2026-05-26 16:58:36.644 +0900,players_insert,2026-05-26 16:51:46.437 +0900
527,"12640",ハシーム・サビート,Hasheem Thabeet,2026-05-26 16:58:35.172 +0900,2026-05-26 16:58:36.644 +0900,players_insert,2026-05-26 16:58:35.172 +0900
532,"12585",ディオール・フィッシャー,D''or Fischer,2026-05-26 16:58:35.172 +0900,2026-05-26 16:58:46.523 +0900,players_insert,2026-05-26 16:58:35.172 +0900
179,"8729",岡田　優介,Yusuke Okada,2026-05-26 16:51:46.437 +0900,2026-05-26 16:58:56.264 +0900,players_insert,2026-05-26 16:51:46.437 +0900
204,"8654",津山 尚大,Syota Tsuyama,2026-05-26 16:51:46.437 +0900,2026-05-26 16:59:12.947 +0900,players_insert,2026-05-26 16:51:46.437 +0900
224,"8495",前村 雄大,Yudai Maemura,2026-05-26 16:51:46.437 +0900,,players_insert,2026-05-26 16:51:46.437 +0900
225,"9407",高橋　マイケル,Michael Takahashi,2026-05-26 16:51:46.437 +0900,,players_insert,2026-05-26 16:51:46.437 +0900
226,"8470",谷口 大智,Daichi Taniguchi,2026-05-26 16:51:46.437 +0900,,players_insert,2026-05-26 16:51:46.437 +0900
227,"9381",ジョーダン・バチンスキー,Jordan Bachynski,2026-05-26 16:51:46.437 +0900,,players_insert,2026-05-26 16:51:46.437 +0900
228,"9461",エンジェル・ガルシア,Angel Garcia,2026-05-26 16:51:46.437 +0900,,players_insert,2026-05-26 16:51:46.437 +0900
12,"9028",ディアンテ・ギャレット,Diante Garrett,2026-05-26 16:51:46.437 +0900,2026-05-26 16:51:48.784 +0900,players_insert,2026-05-26 16:51:46.437 +0900
138,"8730",清水　太志郎,Taishiro Shimizu,2026-05-26 16:51:46.437 +0900,2026-05-26 16:58:35.172 +0900,players_insert,2026-05-26 16:51:46.437 +0900
15,"9031",ザック・バランスキー,Zack Baranski,2026-05-26 16:51:46.437 +0900,2026-05-26 16:51:48.784 +0900,players_insert,2026-05-26 16:51:46.437 +0900
543,"8730",清水 太志郎,Taishiro Shimizu,2026-05-26 16:58:35.172 +0900,,players_update,2026-05-26 16:58:35.172 +0900
19,"9035",アンドリュー・ネイミック,Andrew　Naymick,2026-05-26 16:51:46.437 +0900,2026-05-26 16:51:48.784 +0900,players_insert,2026-05-26 16:51:46.437 +0900
544,"8594",長谷川 智也,Tomoya Hasegawa,2026-05-26 16:58:35.172 +0900,,players_update,2026-05-26 16:58:35.172 +0900
22,"9038",トロイ・ギレンウォーター,Troy Gillenwater,2026-05-26 16:51:46.437 +0900,2026-05-26 16:51:48.784 +0900,players_insert,2026-05-26 16:51:46.437 +0900
545,"12513",勝久 ジェフリー,"",2026-05-26 16:58:35.172 +0900,,players_insert,2026-05-26 16:58:35.172 +0900
200,"8651",アンソニー・マクヘンリー,Anthony McHenry,2026-05-26 16:51:46.437 +0900,2026-05-26 16:51:48.784 +0900,players_insert,2026-05-26 16:51:46.437 +0900
125,"8642",遥　天翼,Tenyoku You,2026-05-26 16:51:46.437 +0900,2026-05-26 16:58:35.172 +0900,players_insert,2026-05-26 16:51:46.437 +0900
203,"9328",波多野 和也,Kazuya　Hatano,2026-05-26 16:51:46.437 +0900,2026-05-26 16:51:48.784 +0900,players_insert,2026-05-26 16:51:46.437 +0900
546,"8642",遥 天翼,Tenyoku You,2026-05-26 16:58:35.172 +0900,,players_update,2026-05-26 16:58:35.172 +0900
126,"8643",畠山　俊樹,Shunki Hatakeyama,2026-05-26 16:51:46.437 +0900,2026-05-26 16:58:35.172 +0900,players_insert,2026-05-26 16:51:46.437 +0900
206,"9385",モー・チャーロ,Mo Charlo,2026-05-26 16:51:46.437 +0900,2026-05-26 16:51:48.784 +0900,players_insert,2026-05-26 16:51:46.437 +0900
547,"8643",畠山 俊樹,Shunki Hatakeyama,2026-05-26 16:58:35.172 +0900,,players_update,2026-05-26 16:58:35.172 +0900
214,"8784",ファイ サンバ,Faye Samba,2026-05-26 16:51:46.437 +0900,2026-05-26 16:51:48.784 +0900,players_insert,2026-05-26 16:51:46.437 +0900
548,"12579",ジャレッド・バーグレン,Jared Berggren,2026-05-26 16:58:35.172 +0900,,players_insert,2026-05-26 16:58:35.172 +0900
220,"8709",ジュリアン・マブンガ,Julian Mavunga,2026-05-26 16:51:46.437 +0900,2026-05-26 16:51:48.784 +0900,players_insert,2026-05-26 16:51:46.437 +0900
128,"8645",五十嵐　圭,Kei Igarashi,2026-05-26 16:51:46.437 +0900,2026-05-26 16:58:35.172 +0900,players_insert,2026-05-26 16:51:46.437 +0900
222,"9026",デイビッド・ウィーバー,David Weaver,2026-05-26 16:51:46.437 +0900,2026-05-26 16:51:48.784 +0900,players_insert,2026-05-26 16:51:46.437 +0900
549,"8645",五十嵐 圭,Kei Igarashi,2026-05-26 16:58:35.172 +0900,,players_update,2026-05-26 16:58:35.172 +0900
25,"8587",橋本　竜馬,Ryoma Hashimoto,2026-05-26 16:51:46.437 +0900,2026-05-26 16:51:48.784 +0900,players_insert,2026-05-26 16:51:46.437 +0900
550,"12581",オースティン・ダフォー,Austin Dufault,2026-05-26 16:58:35.172 +0900,,players_insert,2026-05-26 16:58:35.172 +0900
26,"8588",柏木　真介,Shinsuke Kashiwagi,2026-05-26 16:51:46.437 +0900,2026-05-26 16:51:48.784 +0900,players_insert,2026-05-26 16:51:46.437 +0900
157,"8731",城宝　匡史,Masashi Joho,2026-05-26 16:51:46.437 +0900,2026-05-26 16:58:35.172 +0900,players_insert,2026-05-26 16:51:46.437 +0900
27,"8590",狩俣　昌也,Masaya Karimata,2026-05-26 16:51:46.437 +0900,2026-05-26 16:51:48.784 +0900,players_insert,2026-05-26 16:51:46.437 +0900
551,"8731",城宝 匡史,Masashi Joho,2026-05-26 16:58:35.172 +0900,,players_update,2026-05-26 16:58:35.172 +0900
28,"8591",アイザック・バッツ,Isaac Butts,2026-05-26 16:51:46.437 +0900,2026-05-26 16:51:48.784 +0900,players_insert,2026-05-26 16:51:46.437 +0900
552,"8679",輪島 射矢,Iriya Wajima,2026-05-26 16:58:35.172 +0900,,players_insert,2026-05-26 16:58:35.172 +0900
29,"8589",比江島　慎,Makoto Hiejima,2026-05-26 16:51:46.437 +0900,2026-05-26 16:51:48.784 +0900,players_insert,2026-05-26 16:51:46.437 +0900
132,"8475",佐藤 公威,Kimitake Sato,2026-05-26 16:51:46.437 +0900,2026-05-26 16:58:35.172 +0900,players_insert,2026-05-26 16:51:46.437 +0900
31,"8592",金丸　晃輔,Kosuke Kanamaru,2026-05-26 16:51:46.437 +0900,2026-05-26 16:51:48.784 +0900,players_insert,2026-05-26 16:51:46.437 +0900
32,"8593",ギャビン・エドワーズ,Gavin Edwards,2026-05-26 16:51:46.437 +0900,2026-05-26 16:51:48.784 +0900,players_insert,2026-05-26 16:51:46.437 +0900
554,"8839",岡本 飛竜,Hiryu Okamoto,2026-05-26 16:58:35.172 +0900,,players_insert,2026-05-26 16:58:35.172 +0900
33,"8594",長谷川　智也,Tomoya Hasegawa,2026-05-26 16:51:46.437 +0900,2026-05-26 16:51:48.784 +0900,players_insert,2026-05-26 16:51:46.437 +0900
555,"8836",山本 エドワード,Edward Yamamoto,2026-05-26 16:58:35.172 +0900,,players_insert,2026-05-26 16:58:35.172 +0900
34,"8595",加藤　寿一,Toshikazu Kato,2026-05-26 16:51:46.437 +0900,2026-05-26 16:51:48.784 +0900,players_insert,2026-05-26 16:51:46.437 +0900
35,"8596",桜木　ジェイアール,JR Sakuragi,2026-05-26 16:51:46.437 +0900,2026-05-26 16:51:48.784 +0900,players_insert,2026-05-26 16:51:46.437 +0900
107,"8724",熊谷　宜之,Takayuki Kumagai,2026-05-26 16:51:46.437 +0900,2026-05-26 16:58:35.172 +0900,players_insert,2026-05-26 16:51:46.437 +0900
36,"8597",市岡　ショーン,Sean Ichioka,2026-05-26 16:51:46.437 +0900,2026-05-26 16:51:48.784 +0900,players_insert,2026-05-26 16:51:46.437 +0900
90,"8835",ジェフ・ギブス,Jeff Gibbs,2026-05-26 16:51:46.437 +0900,2026-05-26 16:51:48.784 +0900,players_insert,2026-05-26 16:51:46.437 +0900
96,"8834",トミー・ブレントン,Tommy Brenton,2026-05-26 16:51:46.437 +0900,2026-05-26 16:51:48.784 +0900,players_insert,2026-05-26 16:51:46.437 +0900
99,"8649",ライアン・ロシター,Ryan Rossiter,2026-05-26 16:51:46.437 +0900,2026-05-26 16:51:48.784 +0900,players_insert,2026-05-26 16:51:46.437 +0900
446,"8683",相馬　卓弥,Takuya Soma,2026-05-26 16:52:17.368 +0900,2026-05-26 16:58:35.172 +0900,players_update,2026-05-26 16:52:17.368 +0900
38,"8514",石崎 巧,Takumi Ishizaki,2026-05-26 16:51:46.437 +0900,2026-05-26 16:51:48.784 +0900,players_insert,2026-05-26 16:51:46.437 +0900
106,"8723",坂本　ジェイ,Dieye Sakamoto,2026-05-26 16:51:46.437 +0900,2026-05-26 16:51:48.784 +0900,players_insert,2026-05-26 16:51:46.437 +0900
561,"12630",ブレンダン・レーン,Brendan Lane,2026-05-26 16:58:35.172 +0900,,players_insert,2026-05-26 16:58:35.172 +0900
187,"8680",今野　翔太,Shota Konno,2026-05-26 16:51:46.437 +0900,2026-05-26 16:51:48.784 +0900,players_insert,2026-05-26 16:51:46.437 +0900
188,"8684",橋本　尚明,Naoaki Hashimoto,2026-05-26 16:51:46.437 +0900,2026-05-26 16:51:48.784 +0900,players_insert,2026-05-26 16:51:46.437 +0900
563,"12631",ジョシュ・スコット,Josh Scott,2026-05-26 16:58:35.172 +0900,,players_insert,2026-05-26 16:58:35.172 +0900
189,"8682",久保田　遼,Ryo Kubota,2026-05-26 16:51:46.437 +0900,2026-05-26 16:51:48.784 +0900,players_insert,2026-05-26 16:51:46.437 +0900
564,"12641",ギャレット・スタツ,Garrett Stutz,2026-05-26 16:58:35.172 +0900,,players_insert,2026-05-26 16:58:35.172 +0900
190,"8681",綿貫　瞬,Shun Watanuki,2026-05-26 16:51:46.437 +0900,2026-05-26 16:51:48.784 +0900,players_insert,2026-05-26 16:51:46.437 +0900
565,"9276",鈴木 裕紀,Yukinori Suzuki,2026-05-26 16:58:35.172 +0900,,players_insert,2026-05-26 16:58:35.172 +0900
191,"8701",橋本　拓哉,Takuya Hashimoto,2026-05-26 16:51:46.437 +0900,2026-05-26 16:51:48.784 +0900,players_insert,2026-05-26 16:51:46.437 +0900
192,"8688",根来　新之助,Shinnosuke Negoro,2026-05-26 16:51:46.437 +0900,2026-05-26 16:51:48.784 +0900,players_insert,2026-05-26 16:51:46.437 +0900
250,"8597",市岡　ショーン,Ishioka Sean,2026-05-26 16:51:48.784 +0900,2026-05-26 16:51:52.101 +0900,players_update,2026-05-26 16:51:48.784 +0900
236,"9385",モー・チャーロー,Mo Charlo,2026-05-26 16:51:48.784 +0900,2026-05-26 16:52:17.368 +0900,players_update,2026-05-26 16:51:48.784 +0900
440,"8684",橋本　尚明,Naoaki Hashimoto,2026-05-26 16:52:17.368 +0900,2026-05-26 16:58:35.172 +0900,players_update,2026-05-26 16:52:17.368 +0900
193,"8689",木下　博之,Hiroyuki Kinoshita,2026-05-26 16:51:46.437 +0900,2026-05-26 16:51:48.784 +0900,players_insert,2026-05-26 16:51:46.437 +0900
566,"8684",橋本 尚明,Naoaki Hashimoto,2026-05-26 16:58:35.172 +0900,,players_update,2026-05-26 16:58:35.172 +0900
194,"8683",相馬　卓弥,Takuya Soma,2026-05-26 16:51:46.437 +0900,2026-05-26 16:51:48.784 +0900,players_insert,2026-05-26 16:51:46.437 +0900
149,"8663",宮永　雄太,Yuta Miyanaga,2026-05-26 16:51:46.437 +0900,2026-05-26 16:58:35.172 +0900,players_insert,2026-05-26 16:51:46.437 +0900
195,"8690",合田　怜,Rei Goda,2026-05-26 16:51:46.437 +0900,2026-05-26 16:51:48.784 +0900,players_insert,2026-05-26 16:51:46.437 +0900
567,"8663",宮永 雄太,Yuta Miyanaga,2026-05-26 16:58:35.172 +0900,,players_update,2026-05-26 16:58:35.172 +0900
197,"9062",エグゼビア・ギブソン,Xavier Gibson,2026-05-26 16:51:46.437 +0900,2026-05-26 16:51:48.784 +0900,players_insert,2026-05-26 16:51:46.437 +0900
568,"10885",青木 ブレイク,Blake Aoki,2026-05-26 16:58:35.172 +0900,,players_insert,2026-05-26 16:58:35.172 +0900
198,"9063",ジョシュ・ハレルソン,Josh Harrellson,2026-05-26 16:51:46.437 +0900,2026-05-26 16:51:48.784 +0900,players_insert,2026-05-26 16:51:46.437 +0900
81,"8581",上江田　勇樹,Yuki Ueta,2026-05-26 16:51:46.437 +0900,2026-05-26 16:58:35.172 +0900,players_insert,2026-05-26 16:51:46.437 +0900
115,"9392",ダニエル・ミラー,Daniel　Miller,2026-05-26 16:51:46.437 +0900,2026-05-26 16:51:48.784 +0900,players_insert,2026-05-26 16:51:46.437 +0900
569,"8581",上江田 勇樹,Yuki Ueta,2026-05-26 16:58:35.172 +0900,,players_update,2026-05-26 16:58:35.172 +0900
118,"9393",ブライアン・フィッツパトリック,Brian　Fitzpatrick,2026-05-26 16:51:46.437 +0900,2026-05-26 16:51:48.784 +0900,players_insert,2026-05-26 16:51:46.437 +0900
570,"12517",ミオドラグ・ライコビッチ,"",2026-05-26 16:58:35.172 +0900,,players_insert,2026-05-26 16:58:35.172 +0900
67,"9398",ジェフリー・パーマー,Jeffrey Parmer,2026-05-26 16:51:46.437 +0900,2026-05-26 16:51:48.784 +0900,players_insert,2026-05-26 16:51:46.437 +0900
571,"10850",関野 剛平,Kohei Sekino,2026-05-26 16:58:35.172 +0900,,players_update,2026-05-26 16:58:35.172 +0900
70,"9400",ファイ パプ月瑠,Faye Pape Mour,2026-05-26 16:51:46.437 +0900,2026-05-26 16:51:48.784 +0900,players_insert,2026-05-26 16:51:46.437 +0900
572,"12594",グレゴリー・ウィッティントン,Gregory Whittington,2026-05-26 16:58:35.172 +0900,,players_insert,2026-05-26 16:58:35.172 +0900
74,"9403",ジェイソン・ウォッシュバーン,Jason Washburn,2026-05-26 16:51:46.437 +0900,2026-05-26 16:51:48.784 +0900,players_insert,2026-05-26 16:51:46.437 +0900
573,"12595",マーク・トラソリーニ,Marc Trasolini,2026-05-26 16:58:35.172 +0900,,players_insert,2026-05-26 16:58:35.172 +0900
139,"9081",カディーム・ジャック,Kadeem Jack,2026-05-26 16:51:46.437 +0900,2026-05-26 16:51:48.784 +0900,players_insert,2026-05-26 16:51:46.437 +0900
142,"8448",アキ・チェンバース,Aki Chambers,2026-05-26 16:51:46.437 +0900,2026-05-26 16:51:48.784 +0900,players_insert,2026-05-26 16:51:46.437 +0900
575,"10297",田原 隆徳,Takanori Tahara,2026-05-26 16:58:35.172 +0900,,players_update,2026-05-26 16:58:35.172 +0900
145,"8452",アイラ・ブラウン,Ira Brown,2026-05-26 16:51:46.437 +0900,2026-05-26 16:51:48.784 +0900,players_insert,2026-05-26 16:51:46.437 +0900
124,"9421",水野　宏太,"",2026-05-26 16:51:46.437 +0900,2026-05-26 16:58:35.172 +0900,players_insert,2026-05-26 16:51:46.437 +0900
146,"9082",アールティー・グイン,R.T. Guinn,2026-05-26 16:51:46.437 +0900,2026-05-26 16:51:48.784 +0900,players_insert,2026-05-26 16:51:46.437 +0900
576,"9421",水野 宏太,"",2026-05-26 16:58:35.172 +0900,,players_update,2026-05-26 16:58:35.172 +0900
155,"9391",アール・バロン,Earl Barron,2026-05-26 16:51:46.437 +0900,2026-05-26 16:51:48.784 +0900,players_insert,2026-05-26 16:51:46.437 +0900
439,"8680",今野　翔太,Shota Konno,2026-05-26 16:52:17.368 +0900,2026-05-26 16:58:35.172 +0900,players_update,2026-05-26 16:52:17.368 +0900
277,"9053",呉屋　貴教,Takanori Goya,2026-05-26 16:51:48.784 +0900,,players_insert,2026-05-26 16:51:48.784 +0900
158,"8664",ドリュー・ヴァイニー,Drew Viney,2026-05-26 16:51:46.437 +0900,2026-05-26 16:51:48.784 +0900,players_insert,2026-05-26 16:51:46.437 +0900
577,"8680",今野 翔太,Shota Konno,2026-05-26 16:58:35.172 +0900,,players_update,2026-05-26 16:58:35.172 +0900
159,"8502",サム・ウィラード,Sam Willard,2026-05-26 16:51:46.437 +0900,2026-05-26 16:51:48.784 +0900,players_insert,2026-05-26 16:51:46.437 +0900
578,"9266",ジーノ・ポマーレ,Gyno Pomare,2026-05-26 16:58:35.172 +0900,,players_insert,2026-05-26 16:58:35.172 +0900
161,"8692",ボブ・ナッシュ,"",2026-05-26 16:51:46.437 +0900,2026-05-26 16:51:48.784 +0900,players_insert,2026-05-26 16:51:46.437 +0900
579,"12584",グレッグ・スミス,Greg Smith,2026-05-26 16:58:35.172 +0900,,players_insert,2026-05-26 16:58:35.172 +0900
174,"8747",藤田　弘輝,Hiroki fujita,2026-05-26 16:51:46.437 +0900,2026-05-26 16:51:48.784 +0900,players_insert,2026-05-26 16:51:46.437 +0900
54,"9334",ライアン・スパングラー,Ryan Spangler,2026-05-26 16:51:46.437 +0900,2026-05-26 16:51:48.784 +0900,players_insert,2026-05-26 16:51:46.437 +0900
58,"8490",ニック・ファジーカス,Nick Fazekas,2026-05-26 16:51:46.437 +0900,2026-05-26 16:51:48.784 +0900,players_insert,2026-05-26 16:51:46.437 +0900
59,"8491",ジュフ 磨々道,Diouf Mamadou,2026-05-26 16:51:46.437 +0900,2026-05-26 16:51:48.784 +0900,players_insert,2026-05-26 16:51:46.437 +0900
240,"8587",橋本　竜馬,Hashimoto Ryoma,2026-05-26 16:51:48.784 +0900,2026-05-26 16:51:50.282 +0900,players_update,2026-05-26 16:51:48.784 +0900
241,"8588",柏木　真介,Kashiwagi Shinsuke,2026-05-26 16:51:48.784 +0900,2026-05-26 16:51:50.282 +0900,players_update,2026-05-26 16:51:48.784 +0900
242,"8590",狩俣　昌也,Karimata Masaya,2026-05-26 16:51:48.784 +0900,2026-05-26 16:51:50.282 +0900,players_update,2026-05-26 16:51:48.784 +0900
243,"8591",アイザック　バッツ,Isaac Butts,2026-05-26 16:51:48.784 +0900,2026-05-26 16:51:50.282 +0900,players_update,2026-05-26 16:51:48.784 +0900
244,"8589",比江島　慎,Hiejima Makoto,2026-05-26 16:51:48.784 +0900,2026-05-26 16:51:50.282 +0900,players_update,2026-05-26 16:51:48.784 +0900
245,"8592",金丸　晃輔,Kanamaru Kosuke,2026-05-26 16:51:48.784 +0900,2026-05-26 16:51:50.282 +0900,players_update,2026-05-26 16:51:48.784 +0900
246,"8593",ギャビン　エドワーズ,Gavin Edwards,2026-05-26 16:51:48.784 +0900,2026-05-26 16:51:50.282 +0900,players_update,2026-05-26 16:51:48.784 +0900
247,"8594",長谷川　智也,Hasegawa Tomoya,2026-05-26 16:51:48.784 +0900,2026-05-26 16:51:50.282 +0900,players_update,2026-05-26 16:51:48.784 +0900
248,"8595",加藤　寿一,Kato Toshikazu,2026-05-26 16:51:48.784 +0900,2026-05-26 16:51:50.282 +0900,players_update,2026-05-26 16:51:48.784 +0900
249,"8596",桜木　ジェイアール,Sakuragi JR,2026-05-26 16:51:48.784 +0900,2026-05-26 16:51:50.282 +0900,players_update,2026-05-26 16:51:48.784 +0900
237,"8784",ファイ　サンバ,Samba Faye,2026-05-26 16:51:48.784 +0900,2026-05-26 16:51:50.282 +0900,players_update,2026-05-26 16:51:48.784 +0900
238,"8709",ジュリアン　マブンガ,Julian Mavunga,2026-05-26 16:51:48.784 +0900,2026-05-26 16:51:50.282 +0900,players_update,2026-05-26 16:51:48.784 +0900
278,"8664",ドリュー　ヴァイニー,Drew Viney,2026-05-26 16:51:48.784 +0900,2026-05-26 16:51:52.101 +0900,players_update,2026-05-26 16:51:48.784 +0900
284,"8491",ジュフ 磨々道,Mamadou Diouf,2026-05-26 16:51:48.784 +0900,2026-05-26 16:51:52.101 +0900,players_update,2026-05-26 16:51:48.784 +0900
295,"8784",ファイ サンバ,Faye Samba,2026-05-26 16:51:50.282 +0900,2026-05-26 16:52:15.705 +0900,players_update,2026-05-26 16:51:50.282 +0900
285,"8587",橋本　竜馬,Ryoma Hashimoto,2026-05-26 16:51:50.282 +0900,2026-05-26 16:52:15.705 +0900,players_update,2026-05-26 16:51:50.282 +0900
286,"8588",柏木　真介,Shinsuke Kashiwagi,2026-05-26 16:51:50.282 +0900,2026-05-26 16:52:15.705 +0900,players_update,2026-05-26 16:51:50.282 +0900
287,"8590",狩俣　昌也,Masaya Karimata,2026-05-26 16:51:50.282 +0900,2026-05-26 16:52:15.705 +0900,players_update,2026-05-26 16:51:50.282 +0900
288,"8591",アイザック・バッツ,Isaac Butts,2026-05-26 16:51:50.282 +0900,2026-05-26 16:52:15.705 +0900,players_update,2026-05-26 16:51:50.282 +0900
289,"8589",比江島　慎,Makoto Hiejima,2026-05-26 16:51:50.282 +0900,2026-05-26 16:52:15.705 +0900,players_update,2026-05-26 16:51:50.282 +0900
290,"8592",金丸　晃輔,Kosuke Kanamaru,2026-05-26 16:51:50.282 +0900,2026-05-26 16:52:15.705 +0900,players_update,2026-05-26 16:51:50.282 +0900
291,"8593",ギャビン・エドワーズ,Gavin Edwards,2026-05-26 16:51:50.282 +0900,2026-05-26 16:52:15.705 +0900,players_update,2026-05-26 16:51:50.282 +0900
292,"8594",長谷川　智也,Tomoya Hasegawa,2026-05-26 16:51:50.282 +0900,2026-05-26 16:52:15.705 +0900,players_update,2026-05-26 16:51:50.282 +0900
293,"8595",加藤　寿一,Toshikazu Kato,2026-05-26 16:51:50.282 +0900,2026-05-26 16:52:15.705 +0900,players_update,2026-05-26 16:51:50.282 +0900
294,"8596",桜木　ジェイアール,JR Sakuragi,2026-05-26 16:51:50.282 +0900,2026-05-26 16:52:15.705 +0900,players_update,2026-05-26 16:51:50.282 +0900
272,"9081",カディーム　ジャック,Kadeem Jack,2026-05-26 16:51:48.784 +0900,2026-05-26 16:52:17.368 +0900,players_update,2026-05-26 16:51:48.784 +0900
580,"12583",デイビッド・ウェア,David Wear,2026-05-26 16:58:35.172 +0900,,players_insert,2026-05-26 16:58:35.172 +0900
239,"9026",デイビッド　ウィーバー,David Weaver,2026-05-26 16:51:48.784 +0900,2026-05-26 16:51:50.282 +0900,players_update,2026-05-26 16:51:48.784 +0900
581,"8840",寒竹 隼人,Hayato Kantake,2026-05-26 16:58:35.172 +0900,,players_insert,2026-05-26 16:58:35.172 +0900
251,"8835",ジェフ ギブス,Jeff Gibbs,2026-05-26 16:51:48.784 +0900,2026-05-26 16:51:50.282 +0900,players_update,2026-05-26 16:51:48.784 +0900
443,"8701",橋本　拓哉,Takuya Hashimoto,2026-05-26 16:52:17.368 +0900,2026-05-26 16:58:35.172 +0900,players_update,2026-05-26 16:52:17.368 +0900
252,"8834",トミー ブレントン,Tommy Brenton,2026-05-26 16:51:48.784 +0900,2026-05-26 16:51:50.282 +0900,players_update,2026-05-26 16:51:48.784 +0900
582,"8701",橋本 拓哉,Takuya Hashimoto,2026-05-26 16:58:35.172 +0900,,players_update,2026-05-26 16:58:35.172 +0900
253,"8649",ライアン ロシター,Ryan Rossiter,2026-05-26 16:51:48.784 +0900,2026-05-26 16:51:50.282 +0900,players_update,2026-05-26 16:51:48.784 +0900
444,"8688",根来　新之助,Shinnosuke Negoro,2026-05-26 16:52:17.368 +0900,2026-05-26 16:58:35.172 +0900,players_update,2026-05-26 16:52:17.368 +0900
267,"9392",ダニエル　ミラー,Daniel　Miller,2026-05-26 16:51:48.784 +0900,2026-05-26 16:51:50.282 +0900,players_update,2026-05-26 16:51:48.784 +0900
268,"9393",ブライアン　フィッツパトリック,Brian　Fitzpatrick,2026-05-26 16:51:48.784 +0900,2026-05-26 16:51:50.282 +0900,players_update,2026-05-26 16:51:48.784 +0900
445,"8689",木下　博之,Hiroyuki Kinoshita,2026-05-26 16:52:17.368 +0900,2026-05-26 16:58:35.172 +0900,players_update,2026-05-26 16:52:17.368 +0900
303,"9464",貝沼　雄介,Yusuke Kainuma,2026-05-26 16:51:50.282 +0900,,players_insert,2026-05-26 16:51:50.282 +0900
255,"8723",坂本　ジェイ,Jieye Sakamoto,2026-05-26 16:51:48.784 +0900,2026-05-26 16:51:50.282 +0900,players_update,2026-05-26 16:51:48.784 +0900
584,"8689",木下 博之,Hiroyuki Kinoshita,2026-05-26 16:58:35.172 +0900,,players_update,2026-05-26 16:58:35.172 +0900
269,"9398",ジェフリー パーマー,Jeffrey Parmer,2026-05-26 16:51:48.784 +0900,2026-05-26 16:51:50.282 +0900,players_update,2026-05-26 16:51:48.784 +0900
447,"8690",合田　怜,Rei Goda,2026-05-26 16:52:17.368 +0900,2026-05-26 16:58:35.172 +0900,players_update,2026-05-26 16:52:17.368 +0900
270,"9400",ファイ パプ 月瑠,Faye Pape Mour,2026-05-26 16:51:48.784 +0900,2026-05-26 16:51:50.282 +0900,players_update,2026-05-26 16:51:48.784 +0900
585,"8690",合田 怜,Rei Goda,2026-05-26 16:58:35.172 +0900,,players_update,2026-05-26 16:58:35.172 +0900
271,"9403",ジェイソン ウォッシュバーン,Jason Washburn,2026-05-26 16:51:48.784 +0900,2026-05-26 16:51:50.282 +0900,players_update,2026-05-26 16:51:48.784 +0900
586,"8838",安部 潤,Jun Abe,2026-05-26 16:58:35.172 +0900,,players_insert,2026-05-26 16:58:35.172 +0900
282,"9334",ライアン　スパングラー,Ryan Spangler,2026-05-26 16:51:48.784 +0900,2026-05-26 16:51:50.282 +0900,players_update,2026-05-26 16:51:48.784 +0900
587,"12577",馬場 雄大,Yudai Baba,2026-05-26 16:58:35.172 +0900,,players_insert,2026-05-26 16:58:35.172 +0900
283,"8490",ニック ファジーカス,Fazekas Nick,2026-05-26 16:51:48.784 +0900,2026-05-26 16:51:50.282 +0900,players_update,2026-05-26 16:51:48.784 +0900
13,"9029",正中　岳城,Takeki Shonaka,2026-05-26 16:51:46.437 +0900,2026-05-26 16:58:35.172 +0900,players_insert,2026-05-26 16:51:46.437 +0900
276,"9391",アール　バロン,Earl Barron,2026-05-26 16:51:48.784 +0900,2026-05-26 16:51:50.282 +0900,players_update,2026-05-26 16:51:48.784 +0900
588,"9029",正中 岳城,Takeki Shonaka,2026-05-26 16:58:35.172 +0900,,players_update,2026-05-26 16:58:35.172 +0900
279,"8502",サム ウィラード,Sam Willard,2026-05-26 16:51:48.784 +0900,2026-05-26 16:51:50.282 +0900,players_update,2026-05-26 16:51:48.784 +0900
589,"12578",ランデン・ルーカス,Landen Lucas,2026-05-26 16:58:35.172 +0900,,players_insert,2026-05-26 16:58:35.172 +0900
280,"8692",ボブ ナッシュ,"",2026-05-26 16:51:48.784 +0900,2026-05-26 16:51:50.282 +0900,players_update,2026-05-26 16:51:48.784 +0900
16,"9032",菊地　祥平,Shohei Kikuchi,2026-05-26 16:51:46.437 +0900,2026-05-26 16:58:35.172 +0900,players_insert,2026-05-26 16:51:46.437 +0900
273,"8448",チェンバース アキ,Chambers Aki,2026-05-26 16:51:48.784 +0900,2026-05-26 16:51:50.282 +0900,players_update,2026-05-26 16:51:48.784 +0900
590,"9032",菊地 祥平,Shohei Kikuchi,2026-05-26 16:58:35.172 +0900,,players_update,2026-05-26 16:58:35.172 +0900
274,"8452",アイラ　ブラウン,Ira Brown,2026-05-26 16:51:48.784 +0900,2026-05-26 16:51:50.282 +0900,players_update,2026-05-26 16:51:48.784 +0900
17,"9033",竹内　譲次,Joji Takeuchi,2026-05-26 16:51:46.437 +0900,2026-05-26 16:58:35.172 +0900,players_insert,2026-05-26 16:51:46.437 +0900
275,"9082",アールティー　グイン,R.T. Guinn,2026-05-26 16:51:48.784 +0900,2026-05-26 16:51:50.282 +0900,players_update,2026-05-26 16:51:48.784 +0900
591,"9033",竹内 譲次,Joji Takeuchi,2026-05-26 16:58:35.172 +0900,,players_update,2026-05-26 16:58:35.172 +0900
254,"8514",石崎 巧,Ishizaki Takumi,2026-05-26 16:51:48.784 +0900,2026-05-26 16:51:50.282 +0900,players_update,2026-05-26 16:51:48.784 +0900
21,"9037",田中　大貴,Daiki Tanaka,2026-05-26 16:51:46.437 +0900,2026-05-26 16:58:35.172 +0900,players_insert,2026-05-26 16:51:46.437 +0900
233,"8651",アンソニー　マクヘンリー,Anthony McHenry,2026-05-26 16:51:48.784 +0900,2026-05-26 16:51:50.282 +0900,players_update,2026-05-26 16:51:48.784 +0900
592,"9037",田中 大貴,Daiki Tanaka,2026-05-26 16:58:35.172 +0900,,players_update,2026-05-26 16:58:35.172 +0900
234,"9328",波多野 和也,Hatano Kazuya,2026-05-26 16:51:48.784 +0900,2026-05-26 16:51:50.282 +0900,players_update,2026-05-26 16:51:48.784 +0900
593,"12580",ジャワッド・ウィリアムズ,Jawad Williams,2026-05-26 16:58:35.172 +0900,,players_insert,2026-05-26 16:58:35.172 +0900
235,"9329",渡辺 竜之佑,Watanabe Ryunosuke,2026-05-26 16:51:48.784 +0900,2026-05-26 16:51:50.282 +0900,players_insert,2026-05-26 16:51:48.784 +0900
594,"12582",アレックス・カーク,Alex Kirk,2026-05-26 16:58:35.172 +0900,,players_insert,2026-05-26 16:58:35.172 +0900
256,"8680",今野　翔太,Konno Shota,2026-05-26 16:51:48.784 +0900,2026-05-26 16:51:50.282 +0900,players_update,2026-05-26 16:51:48.784 +0900
595,"12512",ルカ・パヴィチェヴィッチ,"",2026-05-26 16:58:35.172 +0900,,players_insert,2026-05-26 16:58:35.172 +0900
257,"8684",橋本　尚明,Hashimoto Naoaki,2026-05-26 16:51:48.784 +0900,2026-05-26 16:51:50.282 +0900,players_update,2026-05-26 16:51:48.784 +0900
596,"10849",伊藤 達哉,Tatsuya Ito,2026-05-26 16:58:35.172 +0900,,players_insert,2026-05-26 16:58:35.172 +0900
258,"8682",久保田　遼,Kubota Ryo,2026-05-26 16:51:48.784 +0900,2026-05-26 16:51:50.282 +0900,players_update,2026-05-26 16:51:48.784 +0900
597,"10838",坂東 拓,Taku Bando,2026-05-26 16:58:35.172 +0900,,players_insert,2026-05-26 16:58:35.172 +0900
259,"8681",綿貫　瞬,Watanuki Shun,2026-05-26 16:51:48.784 +0900,2026-05-26 16:51:50.282 +0900,players_update,2026-05-26 16:51:48.784 +0900
598,"12633",ジョシュア・スミス,Joshua Smith,2026-05-26 16:58:35.172 +0900,,players_insert,2026-05-26 16:58:35.172 +0900
260,"8701",橋本　拓哉,Hashimoto Takuya,2026-05-26 16:51:48.784 +0900,2026-05-26 16:51:50.282 +0900,players_update,2026-05-26 16:51:48.784 +0900
599,"10262",頓宮 裕人,Yuto Tongu,2026-05-26 16:58:35.172 +0900,,players_update,2026-05-26 16:58:35.172 +0900
261,"8688",根来　新之助,Negoro Shinnosuke,2026-05-26 16:51:48.784 +0900,2026-05-26 16:51:50.282 +0900,players_update,2026-05-26 16:51:48.784 +0900
162,"8563",大石　慎之介,Shinnosuke Ohishi,2026-05-26 16:51:46.437 +0900,2026-05-26 16:58:35.172 +0900,players_insert,2026-05-26 16:51:46.437 +0900
262,"8689",木下　博之,Kinoshita Hiroyuki,2026-05-26 16:51:48.784 +0900,2026-05-26 16:51:50.282 +0900,players_update,2026-05-26 16:51:48.784 +0900
600,"8563",大石 慎之介,Shinnosuke Ohishi,2026-05-26 16:58:35.172 +0900,,players_update,2026-05-26 16:58:35.172 +0900
263,"8683",相馬　卓弥,Soma Takuya,2026-05-26 16:51:48.784 +0900,2026-05-26 16:51:50.282 +0900,players_update,2026-05-26 16:51:48.784 +0900
164,"8564",大口　真洋,Masahiro Ohguchi,2026-05-26 16:51:46.437 +0900,2026-05-26 16:58:35.172 +0900,players_insert,2026-05-26 16:51:46.437 +0900
264,"8690",合田　怜,Goda Rei,2026-05-26 16:51:48.784 +0900,2026-05-26 16:51:50.282 +0900,players_update,2026-05-26 16:51:48.784 +0900
601,"8564",大口 真洋,Masahiro Ohguchi,2026-05-26 16:58:35.172 +0900,,players_update,2026-05-26 16:58:35.172 +0900
265,"9062",エグゼビア ギブソン,Xavier Gibson,2026-05-26 16:51:48.784 +0900,2026-05-26 16:51:50.282 +0900,players_update,2026-05-26 16:51:48.784 +0900
176,"8727",川嶋　勇人,Hayato Kawashima,2026-05-26 16:51:46.437 +0900,2026-05-26 16:58:35.172 +0900,players_insert,2026-05-26 16:51:46.437 +0900
266,"9063",ジョシュ ハレルソン,Josh Harrellson,2026-05-26 16:51:48.784 +0900,2026-05-26 16:51:50.282 +0900,players_update,2026-05-26 16:51:48.784 +0900
602,"8727",川嶋 勇人,Hayato Kawashima,2026-05-26 16:58:35.172 +0900,,players_update,2026-05-26 16:58:35.172 +0900
281,"8747",藤田　弘輝,hiroki fujita,2026-05-26 16:51:48.784 +0900,2026-05-26 16:51:50.282 +0900,players_update,2026-05-26 16:51:48.784 +0900
603,"10896",岩田 涼太,Ryota Iwata,2026-05-26 16:58:35.172 +0900,,players_update,2026-05-26 16:58:35.172 +0900
337,"9489",並里　成,Narito Namizato,2026-05-26 16:51:50.282 +0900,2026-05-26 16:58:35.172 +0900,players_insert,2026-05-26 16:51:50.282 +0900
229,"9028",ディアンテ　ギャレット,Diante Garrett,2026-05-26 16:51:48.784 +0900,2026-05-26 16:51:50.282 +0900,players_update,2026-05-26 16:51:48.784 +0900
166,"8565",太田　敦也,Atsuya Ota,2026-05-26 16:51:46.437 +0900,2026-05-26 16:58:35.172 +0900,players_insert,2026-05-26 16:51:46.437 +0900
230,"9031",ザック　バランスキー,Zack Baranski,2026-05-26 16:51:48.784 +0900,2026-05-26 16:51:50.282 +0900,players_update,2026-05-26 16:51:48.784 +0900
604,"8565",太田 敦也,Atsuya Ota,2026-05-26 16:58:35.172 +0900,,players_update,2026-05-26 16:58:35.172 +0900
231,"9035",アンドリュー　ネイミック,Andrew　Naymick,2026-05-26 16:51:48.784 +0900,2026-05-26 16:51:50.282 +0900,players_update,2026-05-26 16:51:48.784 +0900
168,"8567",岡田　慎吾,Shingo Okada,2026-05-26 16:51:46.437 +0900,2026-05-26 16:58:35.172 +0900,players_insert,2026-05-26 16:51:46.437 +0900
232,"9038",トロイ　ギレンウォーター,Troy Gillenwater,2026-05-26 16:51:48.784 +0900,2026-05-26 16:51:50.282 +0900,players_update,2026-05-26 16:51:48.784 +0900
605,"8567",岡田 慎吾,Shingo Okada,2026-05-26 16:58:35.172 +0900,,players_update,2026-05-26 16:58:35.172 +0900
336,"9027",セオン・エディ,Seaun Eddy,2026-05-26 16:51:50.282 +0900,,players_insert,2026-05-26 16:51:50.282 +0900
338,"9490",レイショーン・テリー,Reyshawn Terry,2026-05-26 16:51:50.282 +0900,,players_insert,2026-05-26 16:51:50.282 +0900
339,"9488",ジャマール・ソープ,Jahmar Thorpe,2026-05-26 16:51:50.282 +0900,,players_insert,2026-05-26 16:51:50.282 +0900
340,"9404",チャド・ポスチュマス,Chad　Posthumus,2026-05-26 16:51:50.282 +0900,,players_insert,2026-05-26 16:51:50.282 +0900
341,"9494",ウェンデル・ホワイト,Wendell White,2026-05-26 16:51:50.282 +0900,,players_insert,2026-05-26 16:51:50.282 +0900
342,"9495",ジョシュ・チルドレス,Josh Childress,2026-05-26 16:51:50.282 +0900,,players_insert,2026-05-26 16:51:50.282 +0900
154,"9423",比留木　謙司,Kenji Hilke,2026-05-26 16:51:46.437 +0900,2026-05-26 16:58:35.172 +0900,players_insert,2026-05-26 16:51:46.437 +0900
606,"9423",比留木 謙司,Kenji Hilke,2026-05-26 16:58:35.172 +0900,,players_update,2026-05-26 16:58:35.172 +0900
169,"8568",鈴木　達也,Tatsuya Suzuki,2026-05-26 16:51:46.437 +0900,2026-05-26 16:58:35.172 +0900,players_insert,2026-05-26 16:51:46.437 +0900
347,"10265",デクスター・ピットマン,Dexter Pittman,2026-05-26 16:51:52.101 +0900,,players_insert,2026-05-26 16:51:52.101 +0900
607,"8568",鈴木 達也,Tatsuya Suzuki,2026-05-26 16:58:35.172 +0900,,players_update,2026-05-26 16:58:35.172 +0900
332,"9028",ディアンテ・ギャレット,Diante Garrett,2026-05-26 16:51:50.282 +0900,2026-05-26 16:52:15.705 +0900,players_update,2026-05-26 16:51:50.282 +0900
171,"8569",鹿野　洵生,Junki Kano,2026-05-26 16:51:46.437 +0900,2026-05-26 16:58:35.172 +0900,players_insert,2026-05-26 16:51:46.437 +0900
333,"9031",ザック・バランスキー,Zack Baranski,2026-05-26 16:51:50.282 +0900,2026-05-26 16:52:15.705 +0900,players_update,2026-05-26 16:51:50.282 +0900
608,"8569",鹿野 洵生,Junki Kano,2026-05-26 16:58:35.172 +0900,,players_update,2026-05-26 16:58:35.172 +0900
334,"9035",アンドリュー・ネイミック,Andrew　Naymick,2026-05-26 16:51:50.282 +0900,2026-05-26 16:52:15.705 +0900,players_update,2026-05-26 16:51:50.282 +0900
173,"8571",田渡　修人,Shuto Tawatari,2026-05-26 16:51:46.437 +0900,2026-05-26 16:58:35.172 +0900,players_insert,2026-05-26 16:51:46.437 +0900
335,"9038",トロイ・ギレンウォーター,Troy Gillenwater,2026-05-26 16:51:50.282 +0900,2026-05-26 16:52:15.705 +0900,players_update,2026-05-26 16:51:50.282 +0900
609,"8571",田渡 修人,Shuto Tawatari,2026-05-26 16:58:35.172 +0900,,players_update,2026-05-26 16:58:35.172 +0900
317,"8651",アンソニー・マクヘンリー,Anthony McHenry,2026-05-26 16:51:50.282 +0900,2026-05-26 16:52:15.705 +0900,players_update,2026-05-26 16:51:50.282 +0900
438,"8747",藤田　弘輝,Hiroki fujita,2026-05-26 16:52:17.368 +0900,2026-05-26 16:58:35.172 +0900,players_update,2026-05-26 16:52:17.368 +0900
318,"9328",波多野 和也,Kazuya　Hatano,2026-05-26 16:51:50.282 +0900,2026-05-26 16:52:15.705 +0900,players_update,2026-05-26 16:51:50.282 +0900
610,"8747",藤田 弘輝,Hiroki fujita,2026-05-26 16:58:35.172 +0900,,players_update,2026-05-26 16:58:35.172 +0900
319,"9329",渡辺 竜之佑,Ryunosuke　Watanabe,2026-05-26 16:51:50.282 +0900,2026-05-26 16:52:15.705 +0900,players_update,2026-05-26 16:51:50.282 +0900
611,"10256",ドゥレイロン・バーンズ,Draelon Burns,2026-05-26 16:58:35.172 +0900,,players_insert,2026-05-26 16:58:35.172 +0900
612,"8535",松崎 賢人,Kento Matsuzaki,2026-05-26 16:58:35.172 +0900,,players_insert,2026-05-26 16:58:35.172 +0900
296,"8709",ジュリアン・マブンガ,Julian Mavunga,2026-05-26 16:51:50.282 +0900,2026-05-26 16:52:15.705 +0900,players_update,2026-05-26 16:51:50.282 +0900
613,"8518",大塚 勇人,Yuto Otsuka,2026-05-26 16:58:35.172 +0900,,players_insert,2026-05-26 16:58:35.172 +0900
297,"9026",デイビッド・ウィーバー,David Weaver,2026-05-26 16:51:50.282 +0900,2026-05-26 16:52:15.705 +0900,players_update,2026-05-26 16:51:50.282 +0900
614,"8536",谷 直樹,Naoki Tani,2026-05-26 16:58:35.172 +0900,,players_insert,2026-05-26 16:58:35.172 +0900
616,"8538",道原 紀晃,Noriaki Dohara,2026-05-26 16:58:35.172 +0900,,players_insert,2026-05-26 16:58:35.172 +0900
617,"9460",ジョーダン・ヴァンデンバーグ,Jordan Vandenberg,2026-05-26 16:58:35.172 +0900,,players_insert,2026-05-26 16:58:35.172 +0900
619,"8539",梁川 禎浩,Tadahiro Yanagawa,2026-05-26 16:58:35.172 +0900,,players_insert,2026-05-26 16:58:35.172 +0900
622,"8751",髙橋　哲也,Tetsuya Takahashi,2026-05-26 16:58:35.172 +0900,,players_insert,2026-05-26 16:58:35.172 +0900
618,"9068",谷口 淳,Jun　Taniguchi,2026-05-26 16:58:35.172 +0900,2026-05-26 16:58:36.644 +0900,players_insert,2026-05-26 16:58:35.172 +0900
620,"9089",コナー・ ラマート,Connor Lammert,2026-05-26 16:58:35.172 +0900,2026-05-26 16:58:40.640 +0900,players_insert,2026-05-26 16:58:35.172 +0900
343,"8597",市岡　ショーン,Sean Ichioka,2026-05-26 16:51:52.101 +0900,2026-05-26 16:52:15.705 +0900,players_update,2026-05-26 16:51:52.101 +0900
708,"9341",近 忍,Shinobu Kon,2026-05-26 16:58:52.170 +0900,,players_insert,2026-05-26 16:58:52.170 +0900
298,"8835",ジェフ・ギブス,Jeff Gibbs,2026-05-26 16:51:50.282 +0900,2026-05-26 16:52:15.705 +0900,players_update,2026-05-26 16:51:50.282 +0900
709,"18461",岸田 篤生,Atsuki Kishida,2026-05-26 16:58:52.170 +0900,,players_insert,2026-05-26 16:58:52.170 +0900
299,"8834",トミー・ブレントン,Tommy Brenton,2026-05-26 16:51:50.282 +0900,2026-05-26 16:52:15.705 +0900,players_update,2026-05-26 16:51:50.282 +0900
300,"8649",ライアン・ロシター,Ryan Rossiter,2026-05-26 16:51:50.282 +0900,2026-05-26 16:52:15.705 +0900,players_update,2026-05-26 16:51:50.282 +0900
615,"8537",坂井 レオ,Reo Sakai,2026-05-26 16:58:35.172 +0900,2026-05-26 22:34:52.799 +0900,players_insert,2026-05-26 16:58:35.172 +0900
316,"8514",石崎 巧,Takumi Ishizaki,2026-05-26 16:51:50.282 +0900,2026-05-26 16:52:15.705 +0900,players_update,2026-05-26 16:51:50.282 +0900
304,"8723",坂本　ジェイ,Dieye Sakamoto,2026-05-26 16:51:50.282 +0900,2026-05-26 16:52:15.705 +0900,players_update,2026-05-26 16:51:50.282 +0900
320,"8680",今野　翔太,Shota Konno,2026-05-26 16:51:50.282 +0900,2026-05-26 16:52:15.705 +0900,players_update,2026-05-26 16:51:50.282 +0900
321,"8684",橋本　尚明,Naoaki Hashimoto,2026-05-26 16:51:50.282 +0900,2026-05-26 16:52:15.705 +0900,players_update,2026-05-26 16:51:50.282 +0900
322,"8682",久保田　遼,Ryo Kubota,2026-05-26 16:51:50.282 +0900,2026-05-26 16:52:15.705 +0900,players_update,2026-05-26 16:51:50.282 +0900
349,"9028",ディアンテ　ギャレット,Diante Garrett,2026-05-26 16:52:15.705 +0900,2026-05-26 16:52:17.368 +0900,players_update,2026-05-26 16:52:15.705 +0900
350,"9031",ザック　バランスキー,Zack Baranski,2026-05-26 16:52:15.705 +0900,2026-05-26 16:52:17.368 +0900,players_update,2026-05-26 16:52:15.705 +0900
351,"9035",アンドリュー　ネイミック,Andrew　Naymick,2026-05-26 16:52:15.705 +0900,2026-05-26 16:52:17.368 +0900,players_update,2026-05-26 16:52:15.705 +0900
352,"9038",トロイ　ギレンウォーター,Troy Gillenwater,2026-05-26 16:52:15.705 +0900,2026-05-26 16:52:17.368 +0900,players_update,2026-05-26 16:52:15.705 +0900
359,"8587",橋本　竜馬,Hashimoto Ryoma,2026-05-26 16:52:15.705 +0900,2026-05-26 16:52:17.368 +0900,players_update,2026-05-26 16:52:15.705 +0900
360,"8588",柏木　真介,Kashiwagi Shinsuke,2026-05-26 16:52:15.705 +0900,2026-05-26 16:52:17.368 +0900,players_update,2026-05-26 16:52:15.705 +0900
361,"8590",狩俣　昌也,Karimata Masaya,2026-05-26 16:52:15.705 +0900,2026-05-26 16:52:17.368 +0900,players_update,2026-05-26 16:52:15.705 +0900
373,"8514",石崎 巧,Ishizaki Takumi,2026-05-26 16:52:15.705 +0900,2026-05-26 16:52:17.368 +0900,players_update,2026-05-26 16:52:15.705 +0900
355,"9329",渡辺 竜之佑,Watanabe Ryunosuke,2026-05-26 16:52:15.705 +0900,2026-05-26 16:52:19.114 +0900,players_update,2026-05-26 16:52:15.705 +0900
348,"10297",田原　隆徳,"",2026-05-26 16:51:52.101 +0900,2026-05-26 16:52:22.398 +0900,players_insert,2026-05-26 16:51:52.101 +0900
328,"8690",合田　怜,Rei Goda,2026-05-26 16:51:50.282 +0900,2026-05-26 16:52:15.705 +0900,players_update,2026-05-26 16:51:50.282 +0900
406,"8587",橋本　竜馬,Ryoma Hashimoto,2026-05-26 16:52:17.368 +0900,2026-05-26 16:58:35.172 +0900,players_update,2026-05-26 16:52:17.368 +0900
329,"9062",エグゼビア・ギブソン,Xavier Gibson,2026-05-26 16:51:50.282 +0900,2026-05-26 16:52:15.705 +0900,players_update,2026-05-26 16:51:50.282 +0900
408,"8590",狩俣　昌也,Masaya Karimata,2026-05-26 16:52:17.368 +0900,2026-05-26 16:58:35.172 +0900,players_update,2026-05-26 16:52:17.368 +0900
330,"9063",ジョシュ・ハレルソン,Josh Harrellson,2026-05-26 16:51:50.282 +0900,2026-05-26 16:52:15.705 +0900,players_update,2026-05-26 16:51:50.282 +0900
410,"8589",比江島　慎,Makoto Hiejima,2026-05-26 16:52:17.368 +0900,2026-05-26 16:58:35.172 +0900,players_update,2026-05-26 16:52:17.368 +0900
301,"9392",ダニエル・ミラー,Daniel　Miller,2026-05-26 16:51:50.282 +0900,2026-05-26 16:52:15.705 +0900,players_update,2026-05-26 16:51:50.282 +0900
411,"8592",金丸　晃輔,Kosuke Kanamaru,2026-05-26 16:52:17.368 +0900,2026-05-26 16:58:35.172 +0900,players_update,2026-05-26 16:52:17.368 +0900
302,"9393",ブライアン・フィッツパトリック,Brian　Fitzpatrick,2026-05-26 16:51:50.282 +0900,2026-05-26 16:52:15.705 +0900,players_update,2026-05-26 16:51:50.282 +0900
414,"8595",加藤　寿一,Toshikazu Kato,2026-05-26 16:52:17.368 +0900,2026-05-26 16:58:35.172 +0900,players_update,2026-05-26 16:52:17.368 +0900
305,"9398",ジェフリー・パーマー,Jeffrey Parmer,2026-05-26 16:51:50.282 +0900,2026-05-26 16:52:15.705 +0900,players_update,2026-05-26 16:51:50.282 +0900
415,"8596",桜木　ジェイアール,JR Sakuragi,2026-05-26 16:52:17.368 +0900,2026-05-26 16:58:35.172 +0900,players_update,2026-05-26 16:52:17.368 +0900
306,"9400",ファイ パプ月瑠,Faye Pape Mour,2026-05-26 16:51:50.282 +0900,2026-05-26 16:52:15.705 +0900,players_update,2026-05-26 16:51:50.282 +0900
407,"8588",柏木　真介,Shinsuke Kashiwagi,2026-05-26 16:52:17.368 +0900,2026-05-26 16:58:35.172 +0900,players_update,2026-05-26 16:52:17.368 +0900
307,"9403",ジェイソン・ウォッシュバーン,Jason Washburn,2026-05-26 16:51:50.282 +0900,2026-05-26 16:52:15.705 +0900,players_update,2026-05-26 16:51:50.282 +0900
417,"8514",石崎 巧,Takumi Ishizaki,2026-05-26 16:52:17.368 +0900,2026-05-26 16:58:35.172 +0900,players_update,2026-05-26 16:52:17.368 +0900
313,"8448",アキ・チェンバース,Aki Chambers,2026-05-26 16:51:50.282 +0900,2026-05-26 16:52:15.705 +0900,players_update,2026-05-26 16:51:50.282 +0900
413,"8594",長谷川　智也,Tomoya Hasegawa,2026-05-26 16:52:17.368 +0900,2026-05-26 16:58:35.172 +0900,players_update,2026-05-26 16:52:17.368 +0900
314,"8452",アイラ・ブラウン,Ira Brown,2026-05-26 16:51:50.282 +0900,2026-05-26 16:52:15.705 +0900,players_update,2026-05-26 16:51:50.282 +0900
76,"8578",阿部　友和,Tomokazu Abe,2026-05-26 16:51:46.437 +0900,2026-05-26 16:58:35.172 +0900,players_insert,2026-05-26 16:51:46.437 +0900
315,"9082",アールティー・グイン,R.T. Guinn,2026-05-26 16:51:50.282 +0900,2026-05-26 16:52:15.705 +0900,players_update,2026-05-26 16:51:50.282 +0900
623,"8578",阿部 友和,Tomokazu Abe,2026-05-26 16:58:35.172 +0900,,players_update,2026-05-26 16:58:35.172 +0900
310,"9391",アール・バロン,Earl Barron,2026-05-26 16:51:50.282 +0900,2026-05-26 16:52:15.705 +0900,players_update,2026-05-26 16:51:50.282 +0900
77,"9055",富樫　勇樹,Yuki Togashi,2026-05-26 16:51:46.437 +0900,2026-05-26 16:58:35.172 +0900,players_insert,2026-05-26 16:51:46.437 +0900
344,"8664",ドリュー・ヴァイニー,Drew Viney,2026-05-26 16:51:52.101 +0900,2026-05-26 16:52:15.705 +0900,players_update,2026-05-26 16:51:52.101 +0900
624,"9055",富樫 勇樹,Yuki Togashi,2026-05-26 16:58:35.172 +0900,,players_update,2026-05-26 16:58:35.172 +0900
311,"8502",サム・ウィラード,Sam Willard,2026-05-26 16:51:50.282 +0900,2026-05-26 16:52:15.705 +0900,players_update,2026-05-26 16:51:50.282 +0900
79,"8580",西村　文男,Fumio Nishimura,2026-05-26 16:51:46.437 +0900,2026-05-26 16:58:35.172 +0900,players_insert,2026-05-26 16:51:46.437 +0900
312,"8692",ボブ・ナッシュ,"",2026-05-26 16:51:50.282 +0900,2026-05-26 16:52:15.705 +0900,players_update,2026-05-26 16:51:50.282 +0900
625,"8580",西村 文男,Fumio Nishimura,2026-05-26 16:58:35.172 +0900,,players_update,2026-05-26 16:58:35.172 +0900
331,"8747",藤田　弘輝,Hiroki fujita,2026-05-26 16:51:50.282 +0900,2026-05-26 16:52:15.705 +0900,players_update,2026-05-26 16:51:50.282 +0900
82,"8582",荒尾　岳,Gaku Arao,2026-05-26 16:51:46.437 +0900,2026-05-26 16:58:35.172 +0900,players_insert,2026-05-26 16:51:46.437 +0900
308,"9334",ライアン・スパングラー,Ryan Spangler,2026-05-26 16:51:50.282 +0900,2026-05-26 16:52:15.705 +0900,players_update,2026-05-26 16:51:50.282 +0900
626,"8582",荒尾 岳,Gaku Arao,2026-05-26 16:58:35.172 +0900,,players_update,2026-05-26 16:58:35.172 +0900
309,"8490",ニック・ファジーカス,Nick Fazekas,2026-05-26 16:51:50.282 +0900,2026-05-26 16:52:15.705 +0900,players_update,2026-05-26 16:51:50.282 +0900
83,"8583",石井　講祐,Kosuke Ishii,2026-05-26 16:51:46.437 +0900,2026-05-26 16:58:35.172 +0900,players_insert,2026-05-26 16:51:46.437 +0900
345,"8491",ジュフ 磨々道,Diouf Mamadou,2026-05-26 16:51:52.101 +0900,2026-05-26 16:52:15.705 +0900,players_update,2026-05-26 16:51:52.101 +0900
627,"8583",石井 講祐,Kosuke Ishii,2026-05-26 16:58:35.172 +0900,,players_update,2026-05-26 16:58:35.172 +0900
402,"9028",ディアンテ・ギャレット,Diante Garrett,2026-05-26 16:52:17.368 +0900,,players_update,2026-05-26 16:52:17.368 +0900
403,"9031",ザック・バランスキー,Zack Baranski,2026-05-26 16:52:17.368 +0900,,players_update,2026-05-26 16:52:17.368 +0900
404,"9035",アンドリュー・ネイミック,Andrew　Naymick,2026-05-26 16:52:17.368 +0900,,players_update,2026-05-26 16:52:17.368 +0900
405,"9038",トロイ・ギレンウォーター,Troy Gillenwater,2026-05-26 16:52:17.368 +0900,,players_update,2026-05-26 16:52:17.368 +0900
362,"8591",アイザック　バッツ,Isaac Butts,2026-05-26 16:52:15.705 +0900,2026-05-26 16:52:17.368 +0900,players_update,2026-05-26 16:52:15.705 +0900
409,"8591",アイザック・バッツ,Isaac Butts,2026-05-26 16:52:17.368 +0900,,players_update,2026-05-26 16:52:17.368 +0900
363,"8589",比江島　慎,Hiejima Makoto,2026-05-26 16:52:15.705 +0900,2026-05-26 16:52:17.368 +0900,players_update,2026-05-26 16:52:15.705 +0900
364,"8592",金丸　晃輔,Kanamaru Kosuke,2026-05-26 16:52:15.705 +0900,2026-05-26 16:52:17.368 +0900,players_update,2026-05-26 16:52:15.705 +0900
365,"8593",ギャビン　エドワーズ,Gavin Edwards,2026-05-26 16:52:15.705 +0900,2026-05-26 16:52:17.368 +0900,players_update,2026-05-26 16:52:15.705 +0900
412,"8593",ギャビン・エドワーズ,Gavin Edwards,2026-05-26 16:52:17.368 +0900,,players_update,2026-05-26 16:52:17.368 +0900
366,"8594",長谷川　智也,Hasegawa Tomoya,2026-05-26 16:52:15.705 +0900,2026-05-26 16:52:17.368 +0900,players_update,2026-05-26 16:52:15.705 +0900
367,"8595",加藤　寿一,Kato Toshikazu,2026-05-26 16:52:15.705 +0900,2026-05-26 16:52:17.368 +0900,players_update,2026-05-26 16:52:15.705 +0900
368,"8596",桜木　ジェイアール,Sakuragi JR,2026-05-26 16:52:15.705 +0900,2026-05-26 16:52:17.368 +0900,players_update,2026-05-26 16:52:15.705 +0900
369,"8597",市岡　ショーン,Ishioka Sean,2026-05-26 16:52:15.705 +0900,2026-05-26 16:52:17.368 +0900,players_update,2026-05-26 16:52:15.705 +0900
399,"9334",ライアン　スパングラー,Ryan Spangler,2026-05-26 16:52:15.705 +0900,2026-05-26 16:52:17.368 +0900,players_update,2026-05-26 16:52:15.705 +0900
418,"9334",ライアン・スパングラー,Ryan Spangler,2026-05-26 16:52:17.368 +0900,,players_update,2026-05-26 16:52:17.368 +0900
400,"8490",ニック ファジーカス,Fazekas Nick,2026-05-26 16:52:15.705 +0900,2026-05-26 16:52:17.368 +0900,players_update,2026-05-26 16:52:15.705 +0900
419,"8490",ニック・ファジーカス,Nick Fazekas,2026-05-26 16:52:17.368 +0900,,players_update,2026-05-26 16:52:17.368 +0900
401,"8491",ジュフ 磨々道,Mamadou Diouf,2026-05-26 16:52:15.705 +0900,2026-05-26 16:52:17.368 +0900,players_update,2026-05-26 16:52:15.705 +0900
420,"8491",ジュフ 磨々道,Diouf Mamadou,2026-05-26 16:52:17.368 +0900,,players_update,2026-05-26 16:52:17.368 +0900
84,"8584",原　修太,Shuta Hara,2026-05-26 16:51:46.437 +0900,2026-05-26 16:58:35.172 +0900,players_insert,2026-05-26 16:51:46.437 +0900
416,"8597",市岡　ショーン,Sean Ichioka,2026-05-26 16:52:17.368 +0900,2026-05-26 16:58:52.170 +0900,players_update,2026-05-26 16:52:17.368 +0900
388,"9398",ジェフリー パーマー,Jeffrey Parmer,2026-05-26 16:52:15.705 +0900,2026-05-26 16:52:17.368 +0900,players_update,2026-05-26 16:52:15.705 +0900
421,"9398",ジェフリー・パーマー,Jeffrey Parmer,2026-05-26 16:52:17.368 +0900,,players_update,2026-05-26 16:52:17.368 +0900
389,"9400",ファイ パプ 月瑠,Faye Pape Mour,2026-05-26 16:52:15.705 +0900,2026-05-26 16:52:17.368 +0900,players_update,2026-05-26 16:52:15.705 +0900
390,"9403",ジェイソン ウォッシュバーン,Jason Washburn,2026-05-26 16:52:15.705 +0900,2026-05-26 16:52:17.368 +0900,players_update,2026-05-26 16:52:15.705 +0900
423,"9403",ジェイソン・ウォッシュバーン,Jason Washburn,2026-05-26 16:52:17.368 +0900,,players_update,2026-05-26 16:52:17.368 +0900
370,"8835",ジェフ ギブス,Jeff Gibbs,2026-05-26 16:52:15.705 +0900,2026-05-26 16:52:17.368 +0900,players_update,2026-05-26 16:52:15.705 +0900
424,"8835",ジェフ・ギブス,Jeff Gibbs,2026-05-26 16:52:17.368 +0900,,players_update,2026-05-26 16:52:17.368 +0900
371,"8834",トミー ブレントン,Tommy Brenton,2026-05-26 16:52:15.705 +0900,2026-05-26 16:52:17.368 +0900,players_update,2026-05-26 16:52:15.705 +0900
425,"8834",トミー・ブレントン,Tommy Brenton,2026-05-26 16:52:17.368 +0900,,players_update,2026-05-26 16:52:17.368 +0900
372,"8649",ライアン ロシター,Ryan Rossiter,2026-05-26 16:52:15.705 +0900,2026-05-26 16:52:17.368 +0900,players_update,2026-05-26 16:52:15.705 +0900
426,"8649",ライアン・ロシター,Ryan Rossiter,2026-05-26 16:52:17.368 +0900,,players_update,2026-05-26 16:52:17.368 +0900
374,"8723",坂本　ジェイ,Jieye Sakamoto,2026-05-26 16:52:15.705 +0900,2026-05-26 16:52:17.368 +0900,players_update,2026-05-26 16:52:15.705 +0900
427,"8723",坂本　ジェイ,Dieye Sakamoto,2026-05-26 16:52:17.368 +0900,,players_update,2026-05-26 16:52:17.368 +0900
386,"9392",ダニエル　ミラー,Daniel　Miller,2026-05-26 16:52:15.705 +0900,2026-05-26 16:52:17.368 +0900,players_update,2026-05-26 16:52:15.705 +0900
387,"9393",ブライアン　フィッツパトリック,Brian　Fitzpatrick,2026-05-26 16:52:15.705 +0900,2026-05-26 16:52:17.368 +0900,players_update,2026-05-26 16:52:15.705 +0900
429,"9393",ブライアン・フィッツパトリック,Brian　Fitzpatrick,2026-05-26 16:52:17.368 +0900,,players_update,2026-05-26 16:52:17.368 +0900
430,"9081",カディーム・ジャック,Kadeem Jack,2026-05-26 16:52:17.368 +0900,,players_update,2026-05-26 16:52:17.368 +0900
391,"8448",チェンバース アキ,Chambers Aki,2026-05-26 16:52:15.705 +0900,2026-05-26 16:52:17.368 +0900,players_update,2026-05-26 16:52:15.705 +0900
431,"8448",アキ・チェンバース,Aki Chambers,2026-05-26 16:52:17.368 +0900,,players_update,2026-05-26 16:52:17.368 +0900
392,"8452",アイラ　ブラウン,Ira Brown,2026-05-26 16:52:15.705 +0900,2026-05-26 16:52:17.368 +0900,players_update,2026-05-26 16:52:15.705 +0900
432,"8452",アイラ・ブラウン,Ira Brown,2026-05-26 16:52:17.368 +0900,,players_update,2026-05-26 16:52:17.368 +0900
393,"9082",アールティー　グイン,R.T. Guinn,2026-05-26 16:52:15.705 +0900,2026-05-26 16:52:17.368 +0900,players_update,2026-05-26 16:52:15.705 +0900
433,"9082",アールティー・グイン,R.T. Guinn,2026-05-26 16:52:17.368 +0900,,players_update,2026-05-26 16:52:17.368 +0900
394,"9391",アール　バロン,Earl Barron,2026-05-26 16:52:15.705 +0900,2026-05-26 16:52:17.368 +0900,players_update,2026-05-26 16:52:15.705 +0900
434,"9391",アール・バロン,Earl Barron,2026-05-26 16:52:17.368 +0900,,players_update,2026-05-26 16:52:17.368 +0900
395,"8664",ドリュー　ヴァイニー,Drew Viney,2026-05-26 16:52:15.705 +0900,2026-05-26 16:52:17.368 +0900,players_update,2026-05-26 16:52:15.705 +0900
435,"8664",ドリュー・ヴァイニー,Drew Viney,2026-05-26 16:52:17.368 +0900,,players_update,2026-05-26 16:52:17.368 +0900
396,"8502",サム ウィラード,Sam Willard,2026-05-26 16:52:15.705 +0900,2026-05-26 16:52:17.368 +0900,players_update,2026-05-26 16:52:15.705 +0900
436,"8502",サム・ウィラード,Sam Willard,2026-05-26 16:52:17.368 +0900,,players_update,2026-05-26 16:52:17.368 +0900
397,"8692",ボブ ナッシュ,"",2026-05-26 16:52:15.705 +0900,2026-05-26 16:52:17.368 +0900,players_update,2026-05-26 16:52:15.705 +0900
437,"8692",ボブ・ナッシュ,"",2026-05-26 16:52:17.368 +0900,,players_update,2026-05-26 16:52:17.368 +0900
398,"8747",藤田　弘輝,hiroki fujita,2026-05-26 16:52:15.705 +0900,2026-05-26 16:52:17.368 +0900,players_update,2026-05-26 16:52:15.705 +0900
375,"8680",今野　翔太,Konno Shota,2026-05-26 16:52:15.705 +0900,2026-05-26 16:52:17.368 +0900,players_update,2026-05-26 16:52:15.705 +0900
376,"8684",橋本　尚明,Hashimoto Naoaki,2026-05-26 16:52:15.705 +0900,2026-05-26 16:52:17.368 +0900,players_update,2026-05-26 16:52:15.705 +0900
377,"8682",久保田　遼,Kubota Ryo,2026-05-26 16:52:15.705 +0900,2026-05-26 16:52:17.368 +0900,players_update,2026-05-26 16:52:15.705 +0900
441,"8682",久保田　遼,Ryo Kubota,2026-05-26 16:52:17.368 +0900,,players_update,2026-05-26 16:52:17.368 +0900
378,"8681",綿貫　瞬,Watanuki Shun,2026-05-26 16:52:15.705 +0900,2026-05-26 16:52:17.368 +0900,players_update,2026-05-26 16:52:15.705 +0900
379,"8701",橋本　拓哉,Hashimoto Takuya,2026-05-26 16:52:15.705 +0900,2026-05-26 16:52:17.368 +0900,players_update,2026-05-26 16:52:15.705 +0900
380,"8688",根来　新之助,Negoro Shinnosuke,2026-05-26 16:52:15.705 +0900,2026-05-26 16:52:17.368 +0900,players_update,2026-05-26 16:52:15.705 +0900
381,"8689",木下　博之,Kinoshita Hiroyuki,2026-05-26 16:52:15.705 +0900,2026-05-26 16:52:17.368 +0900,players_update,2026-05-26 16:52:15.705 +0900
382,"8683",相馬　卓弥,Soma Takuya,2026-05-26 16:52:15.705 +0900,2026-05-26 16:52:17.368 +0900,players_update,2026-05-26 16:52:15.705 +0900
383,"8690",合田　怜,Goda Rei,2026-05-26 16:52:15.705 +0900,2026-05-26 16:52:17.368 +0900,players_update,2026-05-26 16:52:15.705 +0900
384,"9062",エグゼビア ギブソン,Xavier Gibson,2026-05-26 16:52:15.705 +0900,2026-05-26 16:52:17.368 +0900,players_update,2026-05-26 16:52:15.705 +0900
448,"9062",エグゼビア・ギブソン,Xavier Gibson,2026-05-26 16:52:17.368 +0900,,players_update,2026-05-26 16:52:17.368 +0900
385,"9063",ジョシュ ハレルソン,Josh Harrellson,2026-05-26 16:52:15.705 +0900,2026-05-26 16:52:17.368 +0900,players_update,2026-05-26 16:52:15.705 +0900
449,"9063",ジョシュ・ハレルソン,Josh Harrellson,2026-05-26 16:52:17.368 +0900,,players_update,2026-05-26 16:52:17.368 +0900
353,"8651",アンソニー　マクヘンリー,Anthony McHenry,2026-05-26 16:52:15.705 +0900,2026-05-26 16:52:17.368 +0900,players_update,2026-05-26 16:52:15.705 +0900
354,"9328",波多野 和也,Hatano Kazuya,2026-05-26 16:52:15.705 +0900,2026-05-26 16:52:17.368 +0900,players_update,2026-05-26 16:52:15.705 +0900
452,"9385",モー・チャーロ,Mo Charlo,2026-05-26 16:52:17.368 +0900,,players_update,2026-05-26 16:52:17.368 +0900
356,"8784",ファイ　サンバ,Samba Faye,2026-05-26 16:52:15.705 +0900,2026-05-26 16:52:17.368 +0900,players_update,2026-05-26 16:52:15.705 +0900
451,"9328",波多野 和也,Kazuya　Hatano,2026-05-26 16:52:17.368 +0900,2026-05-26 16:58:35.172 +0900,players_update,2026-05-26 16:52:17.368 +0900
357,"8709",ジュリアン　マブンガ,Julian Mavunga,2026-05-26 16:52:15.705 +0900,2026-05-26 16:52:17.368 +0900,players_update,2026-05-26 16:52:15.705 +0900
454,"8709",ジュリアン・マブンガ,Julian Mavunga,2026-05-26 16:52:17.368 +0900,,players_update,2026-05-26 16:52:17.368 +0900
358,"9026",デイビッド　ウィーバー,David Weaver,2026-05-26 16:52:15.705 +0900,2026-05-26 16:52:17.368 +0900,players_update,2026-05-26 16:52:15.705 +0900
456,"9329",渡辺 竜之佑,Ryunosuke　Watanabe,2026-05-26 16:52:19.114 +0900,2026-05-26 16:58:36.644 +0900,players_update,2026-05-26 16:52:19.114 +0900
453,"8784",ファイ サンバ,Faye Samba,2026-05-26 16:52:17.368 +0900,2026-05-26 16:52:28.061 +0900,players_update,2026-05-26 16:52:17.368 +0900
422,"9400",ファイ パプ月瑠,Faye Pape Mour,2026-05-26 16:52:17.368 +0900,2026-05-26 16:58:52.170 +0900,players_update,2026-05-26 16:52:17.368 +0900
442,"8681",綿貫　瞬,Shun Watanuki,2026-05-26 16:52:17.368 +0900,2026-05-26 16:58:56.264 +0900,players_update,2026-05-26 16:52:17.368 +0900
428,"9392",ダニエル・ミラー,Daniel　Miller,2026-05-26 16:52:17.368 +0900,2026-05-26 16:59:34.571 +0900,players_update,2026-05-26 16:52:17.368 +0900
450,"8651",アンソニー・マクヘンリー,Anthony McHenry,2026-05-26 16:52:17.368 +0900,2026-05-26 22:34:24.848 +0900,players_update,2026-05-26 16:52:17.368 +0900
475,"10818",高橋　耕陽,Koyo Takahashi,2026-05-26 16:52:22.398 +0900,2026-05-26 16:58:35.172 +0900,players_insert,2026-05-26 16:52:22.398 +0900
458,"9474",PARK JAE HAN,PARK JAE HAN,2026-05-26 16:52:22.398 +0900,,players_insert,2026-05-26 16:52:22.398 +0900
459,"9483",LEE JUNG HYUN,LEE JUNG HYUN,2026-05-26 16:52:22.398 +0900,,players_insert,2026-05-26 16:52:22.398 +0900
460,"9476",HAN HUI WON,HAN HUI WON,2026-05-26 16:52:22.398 +0900,,players_insert,2026-05-26 16:52:22.398 +0900
461,"9477",KIM JONG KEUN,KIM JONG KEUN,2026-05-26 16:52:22.398 +0900,,players_insert,2026-05-26 16:52:22.398 +0900
462,"9478",KIM MIN WOOK,KIM MIN WOOK,2026-05-26 16:52:22.398 +0900,,players_insert,2026-05-26 16:52:22.398 +0900
463,"9484",MOON SEONG GON,MOON SEONG GON,2026-05-26 16:52:22.398 +0900,,players_insert,2026-05-26 16:52:22.398 +0900
464,"9485",YANG HEE JONG,YANG HEE JONG,2026-05-26 16:52:22.398 +0900,,players_insert,2026-05-26 16:52:22.398 +0900
465,"9479",JEON SEONG HYEN,JEON SEONG HYEN,2026-05-26 16:52:22.398 +0900,,players_insert,2026-05-26 16:52:22.398 +0900
466,"9480",KEIFER J SYKES,KEIFER J SYKES,2026-05-26 16:52:22.398 +0900,,players_insert,2026-05-26 16:52:22.398 +0900
467,"9481",KIM CHEOL UK,KIM CHEOL UK,2026-05-26 16:52:22.398 +0900,,players_insert,2026-05-26 16:52:22.398 +0900
468,"9486",OH SE KEUN,OH SE KEUN,2026-05-26 16:52:22.398 +0900,,players_insert,2026-05-26 16:52:22.398 +0900
469,"9482",DAVID JOSEPH SIMON,DAVID JOSEPH SIMON,2026-05-26 16:52:22.398 +0900,,players_insert,2026-05-26 16:52:22.398 +0900
470,"10267",Kim Seung Ki,Kim Seung Ki,2026-05-26 16:52:22.398 +0900,,players_insert,2026-05-26 16:52:22.398 +0900
488,"10850",関野　剛平,Kohei Sekino,2026-05-26 16:52:24.114 +0900,2026-05-26 16:58:35.172 +0900,players_insert,2026-05-26 16:52:24.114 +0900
473,"10819",ロバート・サクレ,Robert Sacre,2026-05-26 16:52:22.398 +0900,,players_insert,2026-05-26 16:52:22.398 +0900
476,"10817",クレイグ・ブラッキンズ,Craig Brackins,2026-05-26 16:52:22.398 +0900,,players_insert,2026-05-26 16:52:22.398 +0900
477,"10815",安藤 周人,Shuto Ando,2026-05-26 16:52:22.398 +0900,,players_insert,2026-05-26 16:52:22.398 +0900
495,"10880",川邉　亮平,Kawabe Ryohei,2026-05-26 16:52:25.867 +0900,2026-05-26 16:58:35.172 +0900,players_insert,2026-05-26 16:52:25.867 +0900
479,"10822",生原 秀将,Shusuke Ikuhara,2026-05-26 16:52:22.398 +0900,,players_insert,2026-05-26 16:52:22.398 +0900
480,"10851",森井 健太,Kenta Morii,2026-05-26 16:52:24.114 +0900,,players_insert,2026-05-26 16:52:24.114 +0900
482,"10848",中山 拓哉,Takuya Nakayama,2026-05-26 16:52:24.114 +0900,,players_insert,2026-05-26 16:52:24.114 +0900
471,"10823",イバン・ラベネル,"",2026-05-26 16:52:22.398 +0900,2026-05-26 16:52:24.114 +0900,players_insert,2026-05-26 16:52:22.398 +0900
483,"10823",イバン・ラベネル,Evan Ravenel,2026-05-26 16:52:24.114 +0900,,players_update,2026-05-26 16:52:24.114 +0900
478,"10844",満田 丈太郎,"",2026-05-26 16:52:22.398 +0900,2026-05-26 16:52:24.114 +0900,players_insert,2026-05-26 16:52:22.398 +0900
484,"10844",満田 丈太郎,Jotaro Mitsuda,2026-05-26 16:52:24.114 +0900,,players_update,2026-05-26 16:52:24.114 +0900
457,"10262",頓宮 裕人,Yuto Tongu,2026-05-26 16:52:22.398 +0900,2026-05-26 16:52:24.114 +0900,players_insert,2026-05-26 16:52:22.398 +0900
486,"10875",グレッグ・マンガーノ,Greg Mangano,2026-05-26 16:52:24.114 +0900,,players_insert,2026-05-26 16:52:24.114 +0900
487,"10874",佐野　太一,Taichi Sano,2026-05-26 16:52:24.114 +0900,,players_insert,2026-05-26 16:52:24.114 +0900
455,"9026",デイビッド・ウィーバー,David Weaver,2026-05-26 16:52:17.368 +0900,2026-05-26 16:52:24.114 +0900,players_update,2026-05-26 16:52:17.368 +0900
489,"9026",デイビット・ウィーバー,David Weaver,2026-05-26 16:52:24.114 +0900,,players_update,2026-05-26 16:52:24.114 +0900
490,"10873",小原 翼,Tsubasa Obara,2026-05-26 16:52:24.114 +0900,,players_insert,2026-05-26 16:52:24.114 +0900
491,"10886",ジェフ・エアーズ,Jeff Ayres,2026-05-26 16:52:24.114 +0900,,players_insert,2026-05-26 16:52:24.114 +0900
492,"10887",トレント・プレイステッド,Trent Plaisted,2026-05-26 16:52:24.114 +0900,,players_insert,2026-05-26 16:52:24.114 +0900
493,"10898",谷里　京哉,Tanisato keiya,2026-05-26 16:52:25.867 +0900,,players_insert,2026-05-26 16:52:25.867 +0900
494,"10897",レオ・ライオンズ,Leo Lyons,2026-05-26 16:52:25.867 +0900,,players_insert,2026-05-26 16:52:25.867 +0900
497,"10877",門馬 圭二郎,Keijiro Monma,2026-05-26 16:52:25.867 +0900,,players_insert,2026-05-26 16:52:25.867 +0900
498,"12282",尺野　将太,"",2026-05-26 16:52:28.061 +0900,,players_insert,2026-05-26 16:52:28.061 +0900
499,"8784",ファイ サンバ,Samba Faye,2026-05-26 16:52:28.061 +0900,,players_update,2026-05-26 16:52:28.061 +0900
501,"8465",樋口 大倫,Hironori Higuchi,2026-05-26 16:52:28.061 +0900,,players_update,2026-05-26 16:52:28.061 +0900
503,"10895",田口　凜,Taguchi Rin,2026-05-26 16:52:28.061 +0900,,players_insert,2026-05-26 16:52:28.061 +0900
472,"10297",田原　隆徳,Takanori Tahara,2026-05-26 16:52:22.398 +0900,2026-05-26 16:58:35.172 +0900,players_update,2026-05-26 16:52:22.398 +0900
485,"10262",頓宮 裕人,Yuto Tonguu,2026-05-26 16:52:24.114 +0900,2026-05-26 16:58:35.172 +0900,players_update,2026-05-26 16:52:24.114 +0900
502,"10896",岩田　涼太,Ryota Iwata,2026-05-26 16:52:28.061 +0900,2026-05-26 16:58:35.172 +0900,players_insert,2026-05-26 16:52:28.061 +0900
628,"8584",原 修太,Shuta Hara,2026-05-26 16:58:35.172 +0900,,players_update,2026-05-26 16:58:35.172 +0900
629,"12457",トニー・ガフニー,Tony Gaffney,2026-05-26 16:58:35.172 +0900,,players_insert,2026-05-26 16:58:35.172 +0900
86,"8585",小野　龍猛,Ryumo Ono,2026-05-26 16:51:46.437 +0900,2026-05-26 16:58:35.172 +0900,players_insert,2026-05-26 16:51:46.437 +0900
630,"8585",小野 龍猛,Ryumo Ono,2026-05-26 16:58:35.172 +0900,,players_update,2026-05-26 16:58:35.172 +0900
87,"8586",伊藤　俊亮,Shunsuke Ito,2026-05-26 16:51:46.437 +0900,2026-05-26 16:58:35.172 +0900,players_insert,2026-05-26 16:51:46.437 +0900
631,"8586",伊藤 俊亮,Shunsuke Ito,2026-05-26 16:58:35.172 +0900,,players_update,2026-05-26 16:58:35.172 +0900
88,"8749",大野　篤史,Atsushi Ono,2026-05-26 16:51:46.437 +0900,2026-05-26 16:58:35.172 +0900,players_insert,2026-05-26 16:51:46.437 +0900
632,"8749",大野 篤史,Atsushi Ono,2026-05-26 16:58:35.172 +0900,,players_update,2026-05-26 16:58:35.172 +0900
574,"10880",川邉 亮平,Kawabe Ryohei,2026-05-26 16:58:35.172 +0900,2026-05-26 16:58:36.644 +0900,players_update,2026-05-26 16:58:35.172 +0900
633,"10880",川邉 亮平,Ryohei Kawabe,2026-05-26 16:58:36.644 +0900,,players_update,2026-05-26 16:58:36.644 +0900
634,"9039",伊藤 大司,Taishi Ito,2026-05-26 16:58:36.644 +0900,,players_update,2026-05-26 16:58:36.644 +0900
553,"8475",佐藤 公威,Sato Kimitake,2026-05-26 16:58:35.172 +0900,2026-05-26 16:58:36.644 +0900,players_update,2026-05-26 16:58:35.172 +0900
635,"8475",佐藤 公威,Kimitake Sato,2026-05-26 16:58:36.644 +0900,,players_update,2026-05-26 16:58:36.644 +0900
556,"8552",渡邊 翔太,Watanabe Shota,2026-05-26 16:58:35.172 +0900,2026-05-26 16:58:36.644 +0900,players_insert,2026-05-26 16:58:35.172 +0900
636,"8552",渡邊 翔太,Shota Watanabe,2026-05-26 16:58:36.644 +0900,,players_update,2026-05-26 16:58:36.644 +0900
557,"8724",熊谷 宜之,Kumagai Takayuki,2026-05-26 16:58:35.172 +0900,2026-05-26 16:58:36.644 +0900,players_update,2026-05-26 16:58:35.172 +0900
637,"8724",熊谷 宜之,Takayuki Kumagai,2026-05-26 16:58:36.644 +0900,,players_update,2026-05-26 16:58:36.644 +0900
558,"9328",波多野 和也,Hatano Kazuya,2026-05-26 16:58:35.172 +0900,2026-05-26 16:58:36.644 +0900,players_update,2026-05-26 16:58:35.172 +0900
638,"9328",波多野 和也,Kazuya Hatano,2026-05-26 16:58:36.644 +0900,,players_update,2026-05-26 16:58:36.644 +0900
559,"9264",後藤 翔平,Goto Shohei,2026-05-26 16:58:35.172 +0900,2026-05-26 16:58:36.644 +0900,players_insert,2026-05-26 16:58:35.172 +0900
500,"8761",菅原　洋介,Yosuke Sugawara,2026-05-26 16:52:28.061 +0900,2026-05-26 16:58:36.644 +0900,players_update,2026-05-26 16:52:28.061 +0900
474,"10820",杉浦　佑成,Yusei Sugiura,2026-05-26 16:52:22.398 +0900,2026-05-26 16:58:40.640 +0900,players_insert,2026-05-26 16:52:22.398 +0900
639,"9264",後藤 翔平,Syohei Goto,2026-05-26 16:58:36.644 +0900,2026-05-26 16:58:42.805 +0900,players_update,2026-05-26 16:58:36.644 +0900
481,"10821",中村　太地,"",2026-05-26 16:52:24.114 +0900,2026-05-26 16:58:44.392 +0900,players_insert,2026-05-26 16:52:24.114 +0900
496,"10878",保岡　龍斗,Ryuto Yasuoka,2026-05-26 16:52:25.867 +0900,2026-05-26 16:58:52.170 +0900,players_insert,2026-05-26 16:52:25.867 +0900
560,"8683",相馬 卓弥,Soma Takuya,2026-05-26 16:58:35.172 +0900,2026-05-26 16:58:36.644 +0900,players_update,2026-05-26 16:58:35.172 +0900
640,"8683",相馬 卓弥,Takuya Soma,2026-05-26 16:58:36.644 +0900,,players_update,2026-05-26 16:58:36.644 +0900
562,"9283",小阪 彰久,Kosaka Akihisa,2026-05-26 16:58:35.172 +0900,2026-05-26 16:58:36.644 +0900,players_insert,2026-05-26 16:58:35.172 +0900
641,"9283",小阪 彰久,Akihisa Kosaka,2026-05-26 16:58:36.644 +0900,,players_update,2026-05-26 16:58:36.644 +0900
642,"9068",谷口 淳,Jun Taniguchi,2026-05-26 16:58:36.644 +0900,,players_update,2026-05-26 16:58:36.644 +0900
621,"9070",石塚 裕也,Yuya　Ishitsuka,2026-05-26 16:58:35.172 +0900,2026-05-26 16:58:36.644 +0900,players_insert,2026-05-26 16:58:35.172 +0900
643,"9070",石塚 裕也,Yuya Ishitsuka,2026-05-26 16:58:36.644 +0900,,players_update,2026-05-26 16:58:36.644 +0900
644,"8514",石崎 巧,Takumi Ishizaki,2026-05-26 16:58:36.644 +0900,,players_update,2026-05-26 16:58:36.644 +0900
645,"9030",二ノ宮 康平,Kohei Ninomiya,2026-05-26 16:58:36.644 +0900,,players_update,2026-05-26 16:58:36.644 +0900
646,"8494",須田 侑太郎,Yutaro Suda,2026-05-26 16:58:36.644 +0900,,players_update,2026-05-26 16:58:36.644 +0900
647,"9329",渡辺 竜之佑,Ryunosuke Watanabe,2026-05-26 16:58:36.644 +0900,,players_update,2026-05-26 16:58:36.644 +0900
648,"8500",古川 孝敏,Takatoshi Furukawa,2026-05-26 16:58:36.644 +0900,,players_update,2026-05-26 16:58:36.644 +0900
649,"12508",ブランデン・ドーソン,Branden Dawson,2026-05-26 16:58:36.644 +0900,,players_insert,2026-05-26 16:58:36.644 +0900
650,"12523",カルティエ・マーティン,Cartier Martin,2026-05-26 16:58:36.644 +0900,,players_insert,2026-05-26 16:58:36.644 +0900
651,"8732",岡田 優,Yu Okada,2026-05-26 16:58:36.644 +0900,,players_update,2026-05-26 16:58:36.644 +0900
652,"8761",菅原 洋介,Yousuke Sugawara,2026-05-26 16:58:36.644 +0900,,players_update,2026-05-26 16:58:36.644 +0900
653,"10871",小澤 智将,Tomomasa Ozawa,2026-05-26 16:58:36.644 +0900,,players_update,2026-05-26 16:58:36.644 +0900
654,"8720",竹田 謙,Ken Takeda,2026-05-26 16:58:36.644 +0900,,players_update,2026-05-26 16:58:36.644 +0900
655,"12640",ハシーム・サビート・マンカ,Hasheem Thabeet Manka,2026-05-26 16:58:36.644 +0900,,players_update,2026-05-26 16:58:36.644 +0900
656,"12655",穂坂 健祐,"",2026-05-26 16:58:36.644 +0900,,players_insert,2026-05-26 16:58:36.644 +0900
346,"10263",澤邉　圭太,Keita Sawabe,2026-05-26 16:51:52.101 +0900,2026-05-26 16:58:36.644 +0900,players_insert,2026-05-26 16:51:52.101 +0900
657,"10263",澤邉 圭太,Keita Sawabe,2026-05-26 16:58:36.644 +0900,,players_update,2026-05-26 16:58:36.644 +0900
658,"12661",安齋　竜三,"",2026-05-26 16:58:38.675 +0900,,players_insert,2026-05-26 16:58:38.675 +0900
659,"9487",ローレンス・ブラックレッジ,Lawrence Blackledge,2026-05-26 16:58:38.675 +0900,,players_insert,2026-05-26 16:58:38.675 +0900
660,"12663",ウィリアム・マクドナルド,William Mcdonald,2026-05-26 16:58:38.675 +0900,,players_insert,2026-05-26 16:58:38.675 +0900
662,"9089",コナー・ラマート,Connor Lammert,2026-05-26 16:58:40.640 +0900,,players_update,2026-05-26 16:58:40.640 +0900
663,"10257",内藤 健太,Kenta Naito,2026-05-26 16:58:40.640 +0900,,players_insert,2026-05-26 16:58:40.640 +0900
664,"14301",齋藤 拓実,Takumi Saito,2026-05-26 16:58:40.640 +0900,,players_insert,2026-05-26 16:58:40.640 +0900
665,"14302",今村 佳太,Keita Imamura,2026-05-26 16:58:40.640 +0900,,players_insert,2026-05-26 16:58:40.640 +0900
666,"15756",阿部 諒,Ryo Abe,2026-05-26 16:58:40.640 +0900,,players_insert,2026-05-26 16:58:40.640 +0900
667,"12507",ジャスティン・レイノルズ,Justin Reynolds,2026-05-26 16:58:40.640 +0900,,players_insert,2026-05-26 16:58:40.640 +0900
661,"10258",土屋　アリスター時生,Alistair Tokio Tsuchiya,2026-05-26 16:58:38.675 +0900,2026-05-26 16:58:40.640 +0900,players_insert,2026-05-26 16:58:38.675 +0900
669,"10820",杉浦 佑成,Yusei Sugiura,2026-05-26 16:58:40.640 +0900,,players_update,2026-05-26 16:58:40.640 +0900
670,"15805",ルー・アマンドソン,Lou Amundson,2026-05-26 16:58:40.640 +0900,,players_insert,2026-05-26 16:58:40.640 +0900
671,"9264",後藤 翔平,Shohei Goto,2026-05-26 16:58:42.805 +0900,,players_update,2026-05-26 16:58:42.805 +0900
672,"9350",小林 慎太郎,Shintaro kobayashi,2026-05-26 16:58:42.805 +0900,,players_insert,2026-05-26 16:58:42.805 +0900
673,"9310",山下 泰弘,Yasuhiro Yamashita,2026-05-26 16:58:42.805 +0900,,players_insert,2026-05-26 16:58:42.805 +0900
674,"15812",ベンキー・ジョイス,Venky Jois,2026-05-26 16:58:42.805 +0900,,players_insert,2026-05-26 16:58:42.805 +0900
676,"15814",キース・ベンソン,Keith Benson,2026-05-26 16:58:42.805 +0900,,players_insert,2026-05-26 16:58:42.805 +0900
677,"9090",キャメロン・リドリー,Cameron Ridley,2026-05-26 16:58:42.805 +0900,,players_insert,2026-05-26 16:58:42.805 +0900
678,"15818",葛原 大智,Daichi Kuzuhara,2026-05-26 16:58:42.805 +0900,,players_insert,2026-05-26 16:58:42.805 +0900
679,"15809",ジャミール・マッケイ,Mckay Jameel,2026-05-26 16:58:42.805 +0900,,players_insert,2026-05-26 16:58:42.805 +0900
680,"12596",ハーバート・ヒル,Herbert Hill,2026-05-26 16:58:42.805 +0900,,players_insert,2026-05-26 16:58:42.805 +0900
681,"15816",林 翔太郎,Shotaro Hayashi,2026-05-26 16:58:44.392 +0900,,players_insert,2026-05-26 16:58:44.392 +0900
682,"15817",青木 保憲,Yasunori Aoki,2026-05-26 16:58:44.392 +0900,,players_insert,2026-05-26 16:58:44.392 +0900
683,"15838",平岩 玄,Gen Hiraiwa,2026-05-26 16:58:44.392 +0900,,players_insert,2026-05-26 16:58:44.392 +0900
684,"10821",中村 太地,Taichi Nakamura,2026-05-26 16:58:44.392 +0900,,players_update,2026-05-26 16:58:44.392 +0900
686,"9426",ルーベン・ボイキン,Ruben Boykin,2026-05-26 16:58:46.523 +0900,,players_insert,2026-05-26 16:58:46.523 +0900
687,"12585",ディオール・フィッシャー,D'or Fischer,2026-05-26 16:58:46.523 +0900,,players_update,2026-05-26 16:58:46.523 +0900
688,"15847",コートニー・シムズ,Courtney Sims,2026-05-26 16:58:46.523 +0900,,players_insert,2026-05-26 16:58:46.523 +0900
689,"15848",アル・ソーントン,Al Thornton,2026-05-26 16:58:46.523 +0900,,players_insert,2026-05-26 16:58:46.523 +0900
690,"15845",ディジョン・トンプソン,Dijon Thompson,2026-05-26 16:58:46.523 +0900,,players_insert,2026-05-26 16:58:46.523 +0900
685,"15843",須田 昂太郎,Suda Kotaro,2026-05-26 16:58:44.392 +0900,2026-05-26 16:58:48.645 +0900,players_insert,2026-05-26 16:58:44.392 +0900
692,"15843",須田 昂太郎,Kotaro Suda,2026-05-26 16:58:48.645 +0900,,players_update,2026-05-26 16:58:48.645 +0900
693,"18440",ジョシュ・ダンカン,Josh Duncan,2026-05-26 16:58:52.170 +0900,,players_insert,2026-05-26 16:58:52.170 +0900
694,"18426",バーノン・マクリン,Vernon Macklin,2026-05-26 16:58:52.170 +0900,,players_insert,2026-05-26 16:58:52.170 +0900
695,"18427",シェーン・エドワーズ,Shane Edwards,2026-05-26 16:58:52.170 +0900,,players_insert,2026-05-26 16:58:52.170 +0900
696,"8542",下山 大地,Daichi Shimoyama,2026-05-26 16:58:52.170 +0900,,players_insert,2026-05-26 16:58:52.170 +0900
697,"8734",白濱 僚祐,Ryosuke Shirahama,2026-05-26 16:58:52.170 +0900,,players_update,2026-05-26 16:58:52.170 +0900
698,"10845",成田 正弘,Masahiro Narita,2026-05-26 16:58:52.170 +0900,,players_insert,2026-05-26 16:58:52.170 +0900
699,"8544",下山 貴裕,Takahiro Shimoyama,2026-05-26 16:58:52.170 +0900,,players_insert,2026-05-26 16:58:52.170 +0900
700,"10878",保岡 龍斗,Ryuto Yasuoka,2026-05-26 16:58:52.170 +0900,,players_update,2026-05-26 16:58:52.170 +0900
701,"8598",俊野 達彦,Tatsuhiko Toshino,2026-05-26 16:58:52.170 +0900,,players_insert,2026-05-26 16:58:52.170 +0900
702,"8756",小野寺 祥太,Shota Onodera,2026-05-26 16:58:52.170 +0900,,players_insert,2026-05-26 16:58:52.170 +0900
703,"18172",ジャスティン・キーナン,Justin Keenan,2026-05-26 16:58:52.170 +0900,,players_insert,2026-05-26 16:58:52.170 +0900
704,"12459",カディーム・コールビー,Kadeem Coleby,2026-05-26 16:58:52.170 +0900,,players_insert,2026-05-26 16:58:52.170 +0900
705,"12520",ジョゼップ・クラロス,"",2026-05-26 16:58:52.170 +0900,,players_insert,2026-05-26 16:58:52.170 +0900
706,"18148",寺園 脩斗,Shuto Terazono,2026-05-26 16:58:52.170 +0900,,players_insert,2026-05-26 16:58:52.170 +0900
707,"8677",菅野 翔太,Shota Kanno,2026-05-26 16:58:52.170 +0900,,players_insert,2026-05-26 16:58:52.170 +0900
668,"10258",土屋 アリスター時生,Alistair Tokio Tsuchiya,2026-05-26 16:58:40.640 +0900,2026-05-26 16:59:21.018 +0900,players_update,2026-05-26 16:58:40.640 +0900
711,"9321",西 裕太郎,Yutaro Nishi,2026-05-26 16:58:52.170 +0900,,players_insert,2026-05-26 16:58:52.170 +0900
712,"18171",紺野 ニズベット 翔,Shou Nisbet,2026-05-26 16:58:52.170 +0900,,players_insert,2026-05-26 16:58:52.170 +0900
713,"18431",ガニ・ラワル,Gani Lawal,2026-05-26 16:58:52.170 +0900,,players_insert,2026-05-26 16:58:52.170 +0900
714,"8641",山口 祐希,Yuki Yamaguchi,2026-05-26 16:58:52.170 +0900,,players_insert,2026-05-26 16:58:52.170 +0900
716,"9337",溝口 秀人,Shuto Mizoguchi,2026-05-26 16:58:52.170 +0900,,players_insert,2026-05-26 16:58:52.170 +0900
717,"8614",山本 柊輔,Shusuke Yamamoto,2026-05-26 16:58:52.170 +0900,,players_insert,2026-05-26 16:58:52.170 +0900
718,"8597",市岡 ショーン,Sean Ichioka,2026-05-26 16:58:52.170 +0900,,players_update,2026-05-26 16:58:52.170 +0900
719,"18396",デイビッド・ドブラス,David Doblas,2026-05-26 16:58:52.170 +0900,,players_insert,2026-05-26 16:58:52.170 +0900
720,"18453",ジョゼ・ネト,Jose Neto,2026-05-26 16:58:52.170 +0900,,players_insert,2026-05-26 16:58:52.170 +0900
721,"18399",長野 誠史,Satoshi Nagano,2026-05-26 16:58:52.170 +0900,,players_insert,2026-05-26 16:58:52.170 +0900
723,"18397",ミルコ・ビエリツァ,Milko Bjelica,2026-05-26 16:58:52.170 +0900,,players_insert,2026-05-26 16:58:52.170 +0900
724,"18398",ライアン・ケリー,Ryan Kelly,2026-05-26 16:58:52.170 +0900,,players_insert,2026-05-26 16:58:52.170 +0900
725,"18166",マーキース・カミングス,Markeith Cummings,2026-05-26 16:58:52.170 +0900,,players_insert,2026-05-26 16:58:52.170 +0900
726,"18167",笠井 康平,Kohei Kasai,2026-05-26 16:58:52.170 +0900,,players_insert,2026-05-26 16:58:52.170 +0900
727,"18430",グラント・ジェレット,Grant Jerrett,2026-05-26 16:58:52.170 +0900,,players_insert,2026-05-26 16:58:52.170 +0900
728,"8768",山田 大治,Daiji Yamada,2026-05-26 16:58:52.170 +0900,,players_insert,2026-05-26 16:58:52.170 +0900
729,"9318",青野 文彦,Fumihiko Aono,2026-05-26 16:58:52.170 +0900,,players_insert,2026-05-26 16:58:52.170 +0900
730,"18147",ドナルド・ベック,"",2026-05-26 16:58:52.170 +0900,,players_insert,2026-05-26 16:58:52.170 +0900
731,"8713",湊谷 安玲久司朱,Alexis Minatoya,2026-05-26 16:58:52.170 +0900,,players_update,2026-05-26 16:58:52.170 +0900
732,"18168",アマンゼ・エゲケゼ,Amanze Egekeze,2026-05-26 16:58:52.170 +0900,,players_insert,2026-05-26 16:58:52.170 +0900
733,"12637",ハンター・コート,Hunter Cort,2026-05-26 16:58:52.170 +0900,,players_insert,2026-05-26 16:58:52.170 +0900
734,"9259",エドワード・モリス,Edward Morris,2026-05-26 16:58:52.170 +0900,,players_insert,2026-05-26 16:58:52.170 +0900
735,"18169",チャールズ・ガルシア,Charles García,2026-05-26 16:58:52.170 +0900,,players_insert,2026-05-26 16:58:52.170 +0900
736,"9311",小林 大祐,Daisuke Kobayashi,2026-05-26 16:58:52.170 +0900,,players_insert,2026-05-26 16:58:52.170 +0900
737,"9313",薦田 拓也,Takuya Komoda,2026-05-26 16:58:52.170 +0900,,players_insert,2026-05-26 16:58:52.170 +0900
738,"12634",エリック・ジェイコブセン,Eric Jacobsen,2026-05-26 16:58:52.170 +0900,,players_insert,2026-05-26 16:58:52.170 +0900
739,"9317",石谷 聡,Satoshi Ishitani,2026-05-26 16:58:52.170 +0900,,players_insert,2026-05-26 16:58:52.170 +0900
740,"9319",加納 誠也,Seiya Kanou,2026-05-26 16:58:52.170 +0900,,players_insert,2026-05-26 16:58:52.170 +0900
741,"8753",河合 竜児,Ryuji Kawai,2026-05-26 16:58:52.170 +0900,,players_insert,2026-05-26 16:58:52.170 +0900
742,"18452",エリック・ロバーツ,Eric Roberts,2026-05-26 16:58:52.170 +0900,,players_insert,2026-05-26 16:58:52.170 +0900
743,"18459",ジャボン・マックレア,Javon Mccrea,2026-05-26 16:58:52.170 +0900,,players_insert,2026-05-26 16:58:52.170 +0900
744,"18436",ジェームズ・サザランド,James Southerland,2026-05-26 16:58:52.170 +0900,,players_insert,2026-05-26 16:58:52.170 +0900
746,"18442",ベンジャミン・ローソン,Benjamin Lawson,2026-05-26 16:58:52.170 +0900,,players_insert,2026-05-26 16:58:52.170 +0900
747,"18441",トレイ・ジョーンズ,Trey Jones,2026-05-26 16:58:52.170 +0900,,players_insert,2026-05-26 16:58:52.170 +0900
748,"18444",シャキール・モリス,Shaquille Morris,2026-05-26 16:58:52.170 +0900,,players_insert,2026-05-26 16:58:52.170 +0900
749,"8554",秋葉 真司,Shinji Akiba,2026-05-26 16:58:52.170 +0900,,players_insert,2026-05-26 16:58:52.170 +0900
750,"18471",薄井 大樹,"",2026-05-26 16:58:52.170 +0900,,players_insert,2026-05-26 16:58:52.170 +0900
751,"18473",プリンス・イベ,Prince Ibeh,2026-05-26 16:58:54.268 +0900,,players_insert,2026-05-26 16:58:54.268 +0900
752,"18474",ロバート・リー・ナッシュ,Robert Lee Nash,2026-05-26 16:58:54.268 +0900,,players_insert,2026-05-26 16:58:54.268 +0900
753,"18475",岡田 侑大,Yuta Okada,2026-05-26 16:58:54.268 +0900,,players_insert,2026-05-26 16:58:54.268 +0900
754,"18479",ケネディ・ミークス,Kennedy Meeks,2026-05-26 16:58:54.268 +0900,,players_insert,2026-05-26 16:58:54.268 +0900
755,"18845",中村 功平,Kohei Nakamura,2026-05-26 16:58:56.264 +0900,,players_insert,2026-05-26 16:58:56.264 +0900
756,"8681",綿貫 瞬,Shun Watanuki,2026-05-26 16:58:56.264 +0900,,players_update,2026-05-26 16:58:56.264 +0900
757,"8729",岡田 優介,Yusuke Okada,2026-05-26 16:58:56.264 +0900,,players_update,2026-05-26 16:58:56.264 +0900
758,"18842",内海　知秀,"",2026-05-26 16:58:56.264 +0900,,players_insert,2026-05-26 16:58:56.264 +0900
759,"18846",アーサー・スティーブンソン,Arthur Stepheson,2026-05-26 16:58:56.264 +0900,,players_insert,2026-05-26 16:58:56.264 +0900
761,"12591",バンバ ・ジュフ,Bamba Diouf,2026-05-26 16:58:56.264 +0900,,players_update,2026-05-26 16:58:56.264 +0900
762,"19955",ドワイト・コールビー,Dwight Coleby,2026-05-26 16:58:56.264 +0900,,players_insert,2026-05-26 16:58:56.264 +0900
764,"19958",バイロン・ミュレンズ,Byron Mullens,2026-05-26 16:58:56.264 +0900,,players_insert,2026-05-26 16:58:56.264 +0900
765,"19995",ブランドン・コストナー,brandon Costner,2026-05-26 16:58:56.264 +0900,,players_insert,2026-05-26 16:58:56.264 +0900
766,"15829",長谷川 暢,Noboru Hasegawa,2026-05-26 16:58:56.264 +0900,,players_insert,2026-05-26 16:58:56.264 +0900
767,"19997",マーカス・ブレイクリー,Marqus Blakely,2026-05-26 16:58:56.264 +0900,,players_insert,2026-05-26 16:58:56.264 +0900
760,"19957",熊谷 航,Kumagai Ko,2026-05-26 16:58:56.264 +0900,2026-05-26 16:58:58.369 +0900,players_insert,2026-05-26 16:58:56.264 +0900
768,"19957",熊谷 航,Ko Kumagai,2026-05-26 16:58:58.369 +0900,,players_update,2026-05-26 16:58:58.369 +0900
769,"20003",玉木 祥護,Shogo Tamaki,2026-05-26 16:58:58.369 +0900,,players_insert,2026-05-26 16:58:58.369 +0900
770,"19998",盛實 海翔,Kaito Morizane,2026-05-26 16:58:58.369 +0900,,players_insert,2026-05-26 16:58:58.369 +0900
771,"20018",増田 啓介,Keisuke Masuda,2026-05-26 16:58:58.369 +0900,,players_insert,2026-05-26 16:58:58.369 +0900
772,"20017",ケビン・ジョーンズ,Kevin Jones,2026-05-26 16:58:58.369 +0900,,players_insert,2026-05-26 16:58:58.369 +0900
773,"20021",吉井 裕鷹,Hirotaka Yoshii,2026-05-26 16:58:58.369 +0900,,players_insert,2026-05-26 16:58:58.369 +0900
774,"20020",トレバー・ムバクウェ,Trevor Mbakwe,2026-05-26 16:58:58.369 +0900,,players_insert,2026-05-26 16:58:58.369 +0900
775,"20024",前田 悟,Satoru Maeta,2026-05-26 16:58:58.369 +0900,,players_insert,2026-05-26 16:58:58.369 +0900
776,"20023",松山 駿,Shun Matsuyama,2026-05-26 16:58:58.369 +0900,,players_insert,2026-05-26 16:58:58.369 +0900
777,"20025",ナナー ダニエル弾,Danieldan Nnanna,2026-05-26 16:58:58.369 +0900,,players_insert,2026-05-26 16:58:58.369 +0900
778,"20022",髙橋 浩平,Kohei Takahashi,2026-05-26 16:59:00.094 +0900,,players_insert,2026-05-26 16:59:00.094 +0900
779,"20019",鶴田 美勇士,Myuji Tsuruta,2026-05-26 16:59:00.094 +0900,,players_insert,2026-05-26 16:59:00.094 +0900
780,"9372",マーカリ・サンダース・フリソン,Markhuri Sanders Frison,2026-05-26 16:59:00.094 +0900,,players_insert,2026-05-26 16:59:00.094 +0900
782,"20037",佐々木 隆成,Ryusei Sasaki,2026-05-26 16:59:00.094 +0900,,players_insert,2026-05-26 16:59:00.094 +0900
783,"20034",木下 誠,Makoto Kinoshita,2026-05-26 16:59:00.094 +0900,,players_insert,2026-05-26 16:59:00.094 +0900
784,"22398",鈴木 龍雄,Tatsuo Suzuki,2026-05-26 16:59:01.787 +0900,,players_insert,2026-05-26 16:59:01.787 +0900
785,"22395",長島 蓮,Nagashima Ren,2026-05-26 16:59:01.787 +0900,,players_insert,2026-05-26 16:59:01.787 +0900
786,"22399",アレン・ダーラム,Allen Durham,2026-05-26 16:59:01.787 +0900,,players_insert,2026-05-26 16:59:01.787 +0900
787,"22400",ヘンリー・ウォーカー,Henry Walker,2026-05-26 16:59:01.787 +0900,,players_insert,2026-05-26 16:59:01.787 +0900
788,"22394",内田 旦人,Akito Uchida,2026-05-26 16:59:01.787 +0900,,players_insert,2026-05-26 16:59:01.787 +0900
789,"22397",近藤 崚太,Ryota Kondo,2026-05-26 16:59:01.787 +0900,,players_insert,2026-05-26 16:59:01.787 +0900
790,"20033",セドリック・シモンズ,Cedric Simmons,2026-05-26 16:59:01.787 +0900,,players_insert,2026-05-26 16:59:01.787 +0900
791,"22396",ジョナサン・ホームズ,Jonathan Holmes,2026-05-26 16:59:01.787 +0900,,players_insert,2026-05-26 16:59:01.787 +0900
792,"20032",アラン・ハーンドン,Alan Herndon,2026-05-26 16:59:01.787 +0900,,players_insert,2026-05-26 16:59:01.787 +0900
793,"26875",マティアス・カルファニ,Mathias Calfani,2026-05-26 16:59:07.135 +0900,,players_insert,2026-05-26 16:59:07.135 +0900
794,"26874",ジョーダン・ヒース,Jordan Heath,2026-05-26 16:59:07.135 +0900,,players_insert,2026-05-26 16:59:07.135 +0900
795,"22483",佐藤　賢次,"",2026-05-26 16:59:07.135 +0900,,players_insert,2026-05-26 16:59:07.135 +0900
796,"22496",今川 友哲,Tomonori Imagawa,2026-05-26 16:59:07.135 +0900,,players_insert,2026-05-26 16:59:07.135 +0900
745,"9345",ニカ・ウィリアムス,Nyika Williams,2026-05-26 16:58:52.170 +0900,2026-05-26 16:59:07.135 +0900,players_insert,2026-05-26 16:58:52.170 +0900
797,"9345",ウィリアムス ニカ,Nyika Williams,2026-05-26 16:59:07.135 +0900,,players_update,2026-05-26 16:59:07.135 +0900
798,"22495",前田　顕蔵,"",2026-05-26 16:59:07.135 +0900,,players_insert,2026-05-26 16:59:07.135 +0900
799,"8451",藤髙 宗一郎,Soichiro Fujitaka,2026-05-26 16:59:07.135 +0900,,players_update,2026-05-26 16:59:07.135 +0900
800,"26911",リチャード・ヘンドリックス,Richard Hendrix,2026-05-26 16:59:07.135 +0900,,players_insert,2026-05-26 16:59:07.135 +0900
801,"18423",天日 謙作,Kensaku Tennichi,2026-05-26 16:59:07.135 +0900,,players_insert,2026-05-26 16:59:07.135 +0900
802,"26916",ミラン・マチュワン,Milan Macvan,2026-05-26 16:59:07.135 +0900,,players_insert,2026-05-26 16:59:07.135 +0900
715,"15757",石井 峻平,Shunpei Ishii,2026-05-26 16:58:52.170 +0900,2026-05-26 16:59:07.135 +0900,players_insert,2026-05-26 16:58:52.170 +0900
803,"15757",石井 峻平,Syunpei Ishii,2026-05-26 16:59:07.135 +0900,,players_update,2026-05-26 16:59:07.135 +0900
804,"26891",ニック・パーキンズ,Nick Perkins,2026-05-26 16:59:07.135 +0900,,players_insert,2026-05-26 16:59:07.135 +0900
805,"26921",セバスチャン・サイズ,Sebastian Saiz,2026-05-26 16:59:07.135 +0900,,players_insert,2026-05-26 16:59:07.135 +0900
806,"22497",コー・フリッピン,Koh Flippin,2026-05-26 16:59:07.135 +0900,,players_insert,2026-05-26 16:59:07.135 +0900
807,"26825",ロバート・カーター,Robert Carter,2026-05-26 16:59:07.135 +0900,,players_insert,2026-05-26 16:59:07.135 +0900
808,"8532",北川 弘,Hiromu Kitagawa,2026-05-26 16:59:07.135 +0900,,players_insert,2026-05-26 16:59:07.135 +0900
809,"8531",坂田 央,Ataru Sakata,2026-05-26 16:59:07.135 +0900,,players_insert,2026-05-26 16:59:07.135 +0900
810,"26826",ブライアン・クウェリ,Brian Qvale,2026-05-26 16:59:07.135 +0900,,players_insert,2026-05-26 16:59:07.135 +0900
811,"15855",神里 和,Nagomu Kamizato,2026-05-26 16:59:07.135 +0900,,players_insert,2026-05-26 16:59:07.135 +0900
763,"19956",シェーファー アヴィ 幸樹,Avi Koki Schafer,2026-05-26 16:58:56.264 +0900,2026-05-26 16:59:07.135 +0900,players_insert,2026-05-26 16:58:56.264 +0900
812,"19956",シェーファー アヴィ幸樹,Avi Koki Schafer,2026-05-26 16:59:07.135 +0900,,players_update,2026-05-26 16:59:07.135 +0900
675,"15811",佐藤 卓磨,Sato Takuma,2026-05-26 16:58:42.805 +0900,2026-05-26 16:59:07.135 +0900,players_insert,2026-05-26 16:58:42.805 +0900
813,"15811",佐藤 卓磨,Takuma Sato,2026-05-26 16:59:07.135 +0900,,players_update,2026-05-26 16:59:07.135 +0900
814,"26910",チャールズ・ローズ,Chales Rhodes,2026-05-26 16:59:07.135 +0900,,players_insert,2026-05-26 16:59:07.135 +0900
815,"26897",デビン・イーバンクス,Devin Ebanks,2026-05-26 16:59:07.135 +0900,,players_insert,2026-05-26 16:59:07.135 +0900
816,"25148",北原 秀明,Shumei Kitahara,2026-05-26 16:59:07.135 +0900,,players_insert,2026-05-26 16:59:07.135 +0900
691,"15849",ダシルバ　ヒサシ,Hisashi Da Silva,2026-05-26 16:58:46.523 +0900,2026-05-26 16:59:07.135 +0900,players_insert,2026-05-26 16:58:46.523 +0900
818,"9379",カイル・バローン,Kyle Barone,2026-05-26 16:59:07.135 +0900,,players_insert,2026-05-26 16:59:07.135 +0900
819,"25147",ブライアン・ロウサム,Brian Rowsom,2026-05-26 16:59:07.135 +0900,,players_insert,2026-05-26 16:59:07.135 +0900
820,"9352",福田 真生,Mao Fukuda,2026-05-26 16:59:07.135 +0900,,players_insert,2026-05-26 16:59:07.135 +0900
821,"26914",ジャック・クーリー,Jack Cooley,2026-05-26 16:59:07.135 +0900,,players_insert,2026-05-26 16:59:07.135 +0900
822,"10824",會田 圭佑,Keisuke Aita,2026-05-26 16:59:07.135 +0900,,players_insert,2026-05-26 16:59:07.135 +0900
583,"8688",根来 新之助,Shinnosuke Negoro,2026-05-26 16:58:35.172 +0900,2026-05-26 16:59:07.135 +0900,players_update,2026-05-26 16:58:35.172 +0900
823,"8688",根來 新之助,Shinnosuke Negoro,2026-05-26 16:59:07.135 +0900,,players_update,2026-05-26 16:59:07.135 +0900
824,"26909",クリス・オトゥーレ,Chris Otule,2026-05-26 16:59:07.135 +0900,,players_insert,2026-05-26 16:59:07.135 +0900
825,"26922",チャールズ・ジャクソン,Charles Jackson,2026-05-26 16:59:07.135 +0900,,players_insert,2026-05-26 16:59:07.135 +0900
827,"25267",ハビエル・カーター,Javier Carter,2026-05-26 16:59:07.135 +0900,,players_insert,2026-05-26 16:59:07.135 +0900
722,"9400",ファイ・パプ月瑠,Faye Pape Mour,2026-05-26 16:58:52.170 +0900,2026-05-26 16:59:07.135 +0900,players_update,2026-05-26 16:58:52.170 +0900
829,"9400",ファイ パプ月瑠,PapeMour Faye,2026-05-26 16:59:07.135 +0900,,players_update,2026-05-26 16:59:07.135 +0900
781,"20031",中野 司,Nakano Tsukasa,2026-05-26 16:59:00.094 +0900,2026-05-26 16:59:07.135 +0900,players_insert,2026-05-26 16:59:00.094 +0900
830,"20031",中野 司,Tsukasa Nakano,2026-05-26 16:59:07.135 +0900,,players_update,2026-05-26 16:59:07.135 +0900
831,"26915",レジナルド・ベクトン,Reginald Becton,2026-05-26 16:59:07.135 +0900,,players_insert,2026-05-26 16:59:07.135 +0900
833,"26893",ジョルジー・ゴロマン,Gyorgy Galoman,2026-05-26 16:59:07.135 +0900,,players_insert,2026-05-26 16:59:07.135 +0900
834,"22402",秋山 皓太,Kota Akiyama,2026-05-26 16:59:07.135 +0900,,players_insert,2026-05-26 16:59:07.135 +0900
835,"26898",ジェシー・ゴーバン,Jessie Govan,2026-05-26 16:59:07.135 +0900,,players_insert,2026-05-26 16:59:07.135 +0900
836,"25149",イシュマエル・レーン,Ishmael Lane,2026-05-26 16:59:07.135 +0900,,players_insert,2026-05-26 16:59:07.135 +0900
837,"26931",シャブリック・ランドルフ,Shavlik Randolph,2026-05-26 16:59:07.135 +0900,,players_insert,2026-05-26 16:59:07.135 +0900
838,"9316",ジョシュ・ペッパーズ,Josh Peppers,2026-05-26 16:59:07.135 +0900,,players_insert,2026-05-26 16:59:07.135 +0900
840,"26892",ミッケル・グラッドネス,Mickell Gladness,2026-05-26 16:59:07.135 +0900,,players_insert,2026-05-26 16:59:07.135 +0900
841,"26938",ラシャーン・ホロウェイ,Rashaan Holloway,2026-05-26 16:59:07.135 +0900,,players_insert,2026-05-26 16:59:07.135 +0900
842,"27047",河内　修斗,"",2026-05-26 16:59:09.162 +0900,,players_insert,2026-05-26 16:59:09.162 +0900
843,"27051",ユージーン・フェルプス,Eugene Phelps,2026-05-26 16:59:09.162 +0900,,players_insert,2026-05-26 16:59:09.162 +0900
844,"18173",ドゥワン・サマーズ,Dajuan Summers,2026-05-26 16:59:10.952 +0900,,players_insert,2026-05-26 16:59:10.952 +0900
828,"26912",ショーン・オマラ,Sean O'mara,2026-05-26 16:59:07.135 +0900,2026-05-26 16:59:34.571 +0900,players_insert,2026-05-26 16:59:07.135 +0900
832,"26926",ホール 百音 アレックス,MONE ALEX HALL,2026-05-26 16:59:07.135 +0900,2026-05-26 22:34:52.799 +0900,players_insert,2026-05-26 16:59:07.135 +0900
826,"26890",ニック・メイヨ,Nick Mayo,2026-05-26 16:59:07.135 +0900,2026-08-18 18:07:46.571 +0900,players_insert,2026-05-26 16:59:07.135 +0900
817,"15849",ダシルバ ヒサシ,Hisashi Da Silva,2026-05-26 16:59:07.135 +0900,2026-08-24 16:12:23.925 +0900,players_update,2026-05-26 16:59:07.135 +0900
845,"30351",大倉 颯太,Sota Okura,2026-05-26 16:59:10.952 +0900,,players_insert,2026-05-26 16:59:10.952 +0900
846,"30349",中村 浩陸,Hiromu Nakamura,2026-05-26 16:59:10.952 +0900,,players_insert,2026-05-26 16:59:10.952 +0900
847,"30347",笹倉 怜寿,Reiju Sasakura,2026-05-26 16:59:10.952 +0900,,players_insert,2026-05-26 16:59:10.952 +0900
848,"30393",ヴィアチェスラフ・クラフツォフ,Viacheslav Kravtsov,2026-05-26 16:59:10.952 +0900,,players_insert,2026-05-26 16:59:10.952 +0900
849,"30394",今村 拓夢,Takumu Imamura,2026-05-26 16:59:10.952 +0900,,players_insert,2026-05-26 16:59:10.952 +0900
851,"30400",寺嶋 良,Ryo Terashima,2026-05-26 16:59:10.952 +0900,,players_insert,2026-05-26 16:59:10.952 +0900
852,"30401",大庭 岳輝,Takeru Oba,2026-05-26 16:59:10.952 +0900,,players_insert,2026-05-26 16:59:10.952 +0900
853,"30398",牧 隼利,Hayato Maki,2026-05-26 16:59:10.952 +0900,,players_insert,2026-05-26 16:59:10.952 +0900
854,"30399",納見 悠仁,Yuto Nohmi,2026-05-26 16:59:10.952 +0900,,players_insert,2026-05-26 16:59:10.952 +0900
855,"8654",津山 尚大,Shota Tsuyama,2026-05-26 16:59:12.947 +0900,,players_update,2026-05-26 16:59:12.947 +0900
856,"30348",小酒部 泰暉,Taiki Osakabe,2026-05-26 16:59:12.947 +0900,,players_insert,2026-05-26 16:59:12.947 +0900
857,"30436",星野 曹樹,Tomoki Hoshino,2026-05-26 16:59:12.947 +0900,,players_insert,2026-05-26 16:59:12.947 +0900
858,"30435",クリス・ジョンソン,Chris Johnson,2026-05-26 16:59:12.947 +0900,,players_insert,2026-05-26 16:59:12.947 +0900
859,"30438",テーブス 海,Kai Toews,2026-05-26 16:59:12.947 +0900,,players_insert,2026-05-26 16:59:12.947 +0900
860,"30437",山口 颯斗,Hayato Yamaguchi,2026-05-26 16:59:12.947 +0900,,players_insert,2026-05-26 16:59:12.947 +0900
861,"30457",多田 武史,Takeshi Tada,2026-05-26 16:59:12.947 +0900,,players_insert,2026-05-26 16:59:12.947 +0900
862,"30460",河村 勇輝,Yuki Kawamura,2026-05-26 16:59:12.947 +0900,,players_insert,2026-05-26 16:59:12.947 +0900
863,"30404",飴谷 由毅,Yoshiki Ametani,2026-05-26 16:59:12.947 +0900,,players_insert,2026-05-26 16:59:12.947 +0900
864,"10852",水野 幹太,Kanta Mizuno,2026-05-26 16:59:12.947 +0900,,players_insert,2026-05-26 16:59:12.947 +0900
865,"30465",赤穂 雷太,Raita Akaho,2026-05-26 16:59:14.716 +0900,,players_insert,2026-05-26 16:59:14.716 +0900
866,"30467",福田 将吾,"",2026-05-26 16:59:14.716 +0900,,players_insert,2026-05-26 16:59:14.716 +0900
868,"30402",前田 怜緒,Reo Maeda,2026-05-26 16:59:14.716 +0900,,players_insert,2026-05-26 16:59:14.716 +0900
869,"30515",ジャメール・マクリーン,Jamel Mclean,2026-05-26 16:59:14.716 +0900,,players_insert,2026-05-26 16:59:14.716 +0900
870,"30469",久保田 義章,Yoshiaki Kubota,2026-05-26 16:59:14.716 +0900,,players_insert,2026-05-26 16:59:14.716 +0900
871,"30513",大浦 颯太,Sota Oura,2026-05-26 16:59:14.716 +0900,,players_insert,2026-05-26 16:59:14.716 +0900
873,"30514",山本 浩太,Kota Yamamoto,2026-05-26 16:59:14.716 +0900,,players_insert,2026-05-26 16:59:14.716 +0900
874,"32954",税所 寛,Kan Saisho,2026-05-26 16:59:16.256 +0900,,players_insert,2026-05-26 16:59:16.256 +0900
875,"30434",松脇 圭志,Yoshiyuki Matsuwaki,2026-05-26 16:59:16.256 +0900,,players_insert,2026-05-26 16:59:16.256 +0900
876,"32953",菅原 暉,Teru Sugawara,2026-05-26 16:59:16.256 +0900,,players_insert,2026-05-26 16:59:16.256 +0900
877,"32952",パブロ・アギラール,Pablo Aguilar,2026-05-26 16:59:16.256 +0900,,players_insert,2026-05-26 16:59:16.256 +0900
878,"30512",杉本 天昇,Tensho Sugimoto,2026-05-26 16:59:16.256 +0900,,players_insert,2026-05-26 16:59:16.256 +0900
879,"22404",ダニエル・ジョンソン,Daniel Johnson,2026-05-26 16:59:16.256 +0900,,players_insert,2026-05-26 16:59:16.256 +0900
880,"9267",井上 裕介,Yusuke Inoue,2026-05-26 16:59:18.958 +0900,,players_insert,2026-05-26 16:59:18.958 +0900
881,"8547",西山 達哉,Tatsuya Nishiyama,2026-05-26 16:59:18.958 +0900,,players_insert,2026-05-26 16:59:18.958 +0900
882,"18428",栗原 ルイス,Louis Kurihara,2026-05-26 16:59:18.958 +0900,,players_insert,2026-05-26 16:59:18.958 +0900
883,"8667",武井 弘明,Hiroaki Takei,2026-05-26 16:59:18.958 +0900,,players_insert,2026-05-26 16:59:18.958 +0900
884,"18429",大崎 裕太,Yuta Osaki,2026-05-26 16:59:18.958 +0900,,players_insert,2026-05-26 16:59:18.958 +0900
885,"9064",増子 匠,Takumi Masuko,2026-05-26 16:59:18.958 +0900,,players_insert,2026-05-26 16:59:18.958 +0900
886,"12598",ジョシュ・ホーキンソン,Josh Hawkinson,2026-05-26 16:59:18.958 +0900,,players_insert,2026-05-26 16:59:18.958 +0900
887,"25136",エリック・ニッセン,Erik Nissen,2026-05-26 16:59:18.958 +0900,,players_insert,2026-05-26 16:59:18.958 +0900
888,"10834",アンドリュー・ランダル,Andrew Randall,2026-05-26 16:59:18.958 +0900,,players_insert,2026-05-26 16:59:18.958 +0900
889,"32984",エリエット・ドンリー,Eliet Donley,2026-05-26 16:59:18.958 +0900,,players_insert,2026-05-26 16:59:18.958 +0900
890,"32982",角野 亮伍,Ryogo Sumino,2026-05-26 16:59:18.958 +0900,,players_insert,2026-05-26 16:59:18.958 +0900
891,"32983",駒水 大雅ジャック,Taiga Jack Komamizu,2026-05-26 16:59:18.958 +0900,,players_insert,2026-05-26 16:59:18.958 +0900
892,"15852",ジャマリ・トレイラー,Jamari Traylor,2026-05-26 16:59:18.958 +0900,,players_insert,2026-05-26 16:59:18.958 +0900
893,"8608",トーマス・ケネディ,Thomas Kennedy,2026-05-26 16:59:18.958 +0900,,players_insert,2026-05-26 16:59:18.958 +0900
894,"8534",朝山 正悟,Shogo Asayama,2026-05-26 16:59:18.958 +0900,,players_insert,2026-05-26 16:59:18.958 +0900
895,"32995",アイザイア・マーフィー,Isaiah Murphy,2026-05-26 16:59:18.958 +0900,,players_insert,2026-05-26 16:59:18.958 +0900
896,"18432",グレゴリー・エチェニケ,Gregory Echenique,2026-05-26 16:59:18.958 +0900,,players_insert,2026-05-26 16:59:18.958 +0900
897,"8528",田中 成也,Seiya Tanaka,2026-05-26 16:59:18.958 +0900,,players_insert,2026-05-26 16:59:18.958 +0900
898,"9348",古野 拓巳,Takumi Furuno,2026-05-26 16:59:18.958 +0900,,players_insert,2026-05-26 16:59:18.958 +0900
899,"22491",森山 修斗,Naoto Moriyama,2026-05-26 16:59:18.958 +0900,,players_insert,2026-05-26 16:59:18.958 +0900
901,"26928",マーク・セントフォート,Mark Saint Fort,2026-05-26 16:59:18.958 +0900,,players_insert,2026-05-26 16:59:18.958 +0900
902,"8615",村上 駿斗,Shunto Murakami,2026-05-26 16:59:18.958 +0900,,players_insert,2026-05-26 16:59:18.958 +0900
903,"9071",ウィル・クリークモア,Will Creekmore,2026-05-26 16:59:18.958 +0900,,players_insert,2026-05-26 16:59:18.958 +0900
839,"26913",デモン・ブルックス,De'mon Brooks,2026-05-26 16:59:07.135 +0900,2026-05-26 16:59:18.958 +0900,players_insert,2026-05-26 16:59:07.135 +0900
906,"32978",大矢 孝太朗,Kotaro Ohya,2026-05-26 16:59:18.958 +0900,,players_insert,2026-05-26 16:59:18.958 +0900
907,"10894",柏倉 哲平,Teppei Kashiwagura,2026-05-26 16:59:18.958 +0900,,players_insert,2026-05-26 16:59:18.958 +0900
908,"18433",ロスコ・アレン,Rosco Allen,2026-05-26 16:59:18.958 +0900,,players_insert,2026-05-26 16:59:18.958 +0900
910,"32956",須藤 昂矢,Koya Sudo,2026-05-26 16:59:18.958 +0900,,players_insert,2026-05-26 16:59:18.958 +0900
911,"9448",アンドレ・マレー,Murray Andre,2026-05-26 16:59:18.958 +0900,,players_insert,2026-05-26 16:59:18.958 +0900
912,"12660",ジージオ・ベイン,Gjio Bain,2026-05-26 16:59:18.958 +0900,,players_insert,2026-05-26 16:59:18.958 +0900
913,"30519",細川 一輝,Kazuki Hosokawa,2026-05-26 16:59:18.958 +0900,,players_insert,2026-05-26 16:59:18.958 +0900
914,"12648",ジョーダン・フェイゾン,Jordan Faison,2026-05-26 16:59:18.958 +0900,,players_insert,2026-05-26 16:59:18.958 +0900
915,"32989",LJ・ピーク,L.J. PEAK,2026-05-26 16:59:18.958 +0900,,players_insert,2026-05-26 16:59:18.958 +0900
916,"33091",カイル・コリンズワース,Kyle Collinsworth,2026-05-26 16:59:18.958 +0900,,players_insert,2026-05-26 16:59:18.958 +0900
850,"30403",西田　優大,Yudai Nishida,2026-05-26 16:59:10.952 +0900,2026-05-26 16:59:22.808 +0900,players_insert,2026-05-26 16:59:10.952 +0900
872,"30521",ラシード ファラーズ,Rashid Faraz,2026-05-26 16:59:14.716 +0900,2026-05-26 16:59:29.057 +0900,players_insert,2026-05-26 16:59:14.716 +0900
909,"33083",ケドリック・ストックマン・ジュニア,Kedrick Stockman Jr.,2026-05-26 16:59:18.958 +0900,2026-05-26 16:59:49.577 +0900,players_insert,2026-05-26 16:59:18.958 +0900
900,"27048",ムッサ・ダマ,Muusa Dama,2026-05-26 16:59:18.958 +0900,2026-05-26 22:34:52.799 +0900,players_insert,2026-05-26 16:59:18.958 +0900
917,"33039",アンガス・ブラント,Angus Brandt,2026-05-26 16:59:18.958 +0900,,players_insert,2026-05-26 16:59:18.958 +0900
918,"32994",ジョーダン・テイラー,Jordan Taylor,2026-05-26 16:59:18.958 +0900,,players_insert,2026-05-26 16:59:18.958 +0900
919,"32990",シャノン・ショーター,Shannon Shorter,2026-05-26 16:59:18.958 +0900,,players_insert,2026-05-26 16:59:18.958 +0900
920,"33045",アレックス・デイビス,Alex Davis,2026-05-26 16:59:18.958 +0900,,players_insert,2026-05-26 16:59:18.958 +0900
922,"33096",キム・ティリ,Kim Tillie,2026-05-26 16:59:18.958 +0900,,players_insert,2026-05-26 16:59:18.958 +0900
923,"33093",シェーン・ウィティングトン,Shayne Whittington,2026-05-26 16:59:18.958 +0900,,players_insert,2026-05-26 16:59:18.958 +0900
925,"33031",レイヴォンテ・ライス,Rayvonte Rice,2026-05-26 16:59:18.958 +0900,,players_insert,2026-05-26 16:59:18.958 +0900
926,"33032",ジャスティン・ハーパー,Justin Harper,2026-05-26 16:59:18.958 +0900,,players_insert,2026-05-26 16:59:18.958 +0900
927,"33094",ペリン・ビュフォード,Perrin Buford,2026-05-26 16:59:18.958 +0900,,players_insert,2026-05-26 16:59:18.958 +0900
928,"33095",リード・トラビス,Reid Travis,2026-05-26 16:59:18.958 +0900,,players_insert,2026-05-26 16:59:18.958 +0900
929,"33037",ジョナサン・オクテウス,Jonathan Octeus,2026-05-26 16:59:18.958 +0900,,players_insert,2026-05-26 16:59:18.958 +0900
930,"33038",ジョーダン・ハミルトン,Jordan Hamilton,2026-05-26 16:59:18.958 +0900,,players_insert,2026-05-26 16:59:18.958 +0900
931,"33098",リチャード・ソロモン,Richard Solomon,2026-05-26 16:59:18.958 +0900,,players_insert,2026-05-26 16:59:18.958 +0900
932,"33035",パトリック・アウダ,Patrik Auda,2026-05-26 16:59:18.958 +0900,,players_insert,2026-05-26 16:59:18.958 +0900
933,"33030",ネナド・ミリェノヴィッチ,Nenad Miljenovic,2026-05-26 16:59:18.958 +0900,,players_insert,2026-05-26 16:59:18.958 +0900
934,"32981",ステヴァン・イェロヴァツ,Stevan Jelovac,2026-05-26 16:59:18.958 +0900,,players_insert,2026-05-26 16:59:18.958 +0900
936,"10842",三ツ井 利也,Kazuya Mitsui,2026-05-26 16:59:18.958 +0900,,players_insert,2026-05-26 16:59:18.958 +0900
938,"8843",ウェイン・マーシャル,Wayne Marshall,2026-05-26 16:59:18.958 +0900,,players_insert,2026-05-26 16:59:18.958 +0900
939,"33029",カイル・ハント,Kyle Hunt,2026-05-26 16:59:18.958 +0900,,players_insert,2026-05-26 16:59:18.958 +0900
905,"26913",デモン・ブルックス,De&#039;mon Brooks,2026-05-26 16:59:18.958 +0900,2026-05-26 16:59:21.018 +0900,players_update,2026-05-26 16:59:18.958 +0900
942,"32980",サーディ・ラベナ,Thirdy Ravena,2026-05-26 16:59:21.018 +0900,,players_insert,2026-05-26 16:59:21.018 +0900
943,"5100000003",デション・トーマス,Deshaun Thomas,2026-05-26 16:59:21.018 +0900,,players_insert,2026-05-26 16:59:21.018 +0900
944,"26886",マット・ボンズ,Matt Bonds,2026-05-26 16:59:21.018 +0900,,players_insert,2026-05-26 16:59:21.018 +0900
945,"5100000010",藤本 巧太,Kota Fujimoto,2026-05-26 16:59:22.808 +0900,,players_insert,2026-05-26 16:59:22.808 +0900
946,"5100000011",津屋 一球,Kazuma Tsuya,2026-05-26 16:59:22.808 +0900,,players_insert,2026-05-26 16:59:22.808 +0900
947,"5100000012",荒谷 裕秀,Hirohide Araya,2026-05-26 16:59:22.808 +0900,,players_insert,2026-05-26 16:59:22.808 +0900
948,"30403",西田 優大,Yudai Nishida,2026-05-26 16:59:22.808 +0900,,players_update,2026-05-26 16:59:22.808 +0900
949,"5100000014",佐土原 遼,Ryo Sadohara,2026-05-26 16:59:22.808 +0900,,players_insert,2026-05-26 16:59:22.808 +0900
867,"30468",西野 曜,Yo Nishino,2026-05-26 16:59:14.716 +0900,2026-05-26 16:59:22.808 +0900,players_insert,2026-05-26 16:59:14.716 +0900
951,"5100000013",高原 晟也,Seiya Takahara,2026-05-26 16:59:25.041 +0900,,players_insert,2026-05-26 16:59:25.041 +0900
952,"5100000023",中村 拓人,Takuto Nakamura,2026-05-26 16:59:25.041 +0900,,players_insert,2026-05-26 16:59:25.041 +0900
953,"5100000025",兪 龍海,Tatsumi Yu,2026-05-26 16:59:25.041 +0900,,players_insert,2026-05-26 16:59:25.041 +0900
955,"5100000028",野本 大智,Daichi Nomoto,2026-05-26 16:59:25.041 +0900,,players_insert,2026-05-26 16:59:25.041 +0900
956,"5100000027",坂本 聖芽,Seiga Sakamoto,2026-05-26 16:59:25.041 +0900,,players_insert,2026-05-26 16:59:25.041 +0900
957,"5100000020",伊藤 領,Rei Ito,2026-05-26 16:59:25.041 +0900,,players_insert,2026-05-26 16:59:25.041 +0900
959,"5100000021",星川 堅信,Kenshin Hoshikawa,2026-05-26 16:59:25.041 +0900,,players_insert,2026-05-26 16:59:25.041 +0900
960,"5100000024",キング 開,Kai King,2026-05-26 16:59:25.041 +0900,,players_insert,2026-05-26 16:59:25.041 +0900
961,"5100000029",柳川 幹也,Tomoya Yanagawa,2026-05-26 16:59:25.041 +0900,,players_insert,2026-05-26 16:59:25.041 +0900
962,"5100000026",笹山 陸,Riku Sasayama,2026-05-26 16:59:27.172 +0900,,players_insert,2026-05-26 16:59:27.172 +0900
964,"5100000035",渡部 琉,Ryu Watanabe,2026-05-26 16:59:27.172 +0900,,players_insert,2026-05-26 16:59:27.172 +0900
965,"5100000022",米須 玲音,Reoto Yonesu,2026-05-26 16:59:27.172 +0900,,players_insert,2026-05-26 16:59:27.172 +0900
966,"5100000036",高島 紳司,Shinji Takashima,2026-05-26 16:59:27.172 +0900,,players_insert,2026-05-26 16:59:27.172 +0900
967,"5100000040",常田 耕平,Kohei Tsuneta,2026-05-26 16:59:27.172 +0900,,players_insert,2026-05-26 16:59:27.172 +0900
968,"5100000039",上澤 俊喜,Toshiki Kamisawa,2026-05-26 16:59:27.172 +0900,,players_insert,2026-05-26 16:59:27.172 +0900
970,"30521",ラシード ファラーズ,Faraz Rashid,2026-05-26 16:59:29.057 +0900,,players_update,2026-05-26 16:59:29.057 +0900
971,"5100000044",遠藤 善,Zen Endo,2026-05-26 16:59:29.057 +0900,,players_insert,2026-05-26 16:59:29.057 +0900
972,"20001",鈴木 空,Sora Suzuki,2026-05-26 16:59:29.057 +0900,,players_insert,2026-05-26 16:59:29.057 +0900
974,"5100000079",チェイス・フィーラー,Chase Fieler,2026-05-26 16:59:34.571 +0900,,players_insert,2026-05-26 16:59:34.571 +0900
975,"5100000081",アイザック・フォトゥ,Isaac Fotu,2026-05-26 16:59:34.571 +0900,,players_insert,2026-05-26 16:59:34.571 +0900
976,"5100000065",オンドレイ・バルヴィン,Ondrej Balvin,2026-05-26 16:59:34.571 +0900,,players_insert,2026-05-26 16:59:34.571 +0900
978,"5100000053",ショーン・ロング,Shawn Long,2026-05-26 16:59:34.571 +0900,,players_insert,2026-05-26 16:59:34.571 +0900
979,"9456",小寺 ハミルトンゲイリー,Hamiltongary Kotera,2026-05-26 16:59:34.571 +0900,,players_insert,2026-05-26 16:59:34.571 +0900
980,"5100000007",ジョーダン・グリン,Jordan Glynn,2026-05-26 16:59:34.571 +0900,,players_insert,2026-05-26 16:59:34.571 +0900
981,"5100000047",コルトン・アイバーソン,Colton Iverson,2026-05-26 16:59:34.571 +0900,,players_insert,2026-05-26 16:59:34.571 +0900
982,"9044",福澤 晃平,Kohei Fukuzawa,2026-05-26 16:59:34.571 +0900,,players_insert,2026-05-26 16:59:34.571 +0900
983,"9340",チェハーレス・タプスコット,Chehales Tapscott,2026-05-26 16:59:34.571 +0900,,players_insert,2026-05-26 16:59:34.571 +0900
958,"5100000016",八村 阿蓮,Aren Hachimura,2026-05-26 16:59:25.041 +0900,2026-05-26 16:59:40.642 +0900,players_insert,2026-05-26 16:59:25.041 +0900
950,"30468",西野 曜,You Nishino,2026-05-26 16:59:22.808 +0900,2026-05-26 16:59:49.577 +0900,players_update,2026-05-26 16:59:22.808 +0900
937,"32992",ジェームズ・マイケル・マカドゥ,James Michael Mcadoo,2026-05-26 16:59:18.958 +0900,2026-05-26 16:59:49.577 +0900,players_insert,2026-05-26 16:59:18.958 +0900
941,"26913",デモン・ブルックス,De’mon Brooks,2026-05-26 16:59:21.018 +0900,2026-05-26 17:00:06.109 +0900,players_update,2026-05-26 16:59:21.018 +0900
969,"5100000041",王　偉嘉,Weijia Wang,2026-05-26 16:59:29.057 +0900,2026-05-26 17:00:06.109 +0900,players_insert,2026-05-26 16:59:29.057 +0900
973,"9369",チリジ・ネパウェ,Tshilidzi Nephawe,2026-05-26 16:59:29.057 +0900,2026-05-26 17:00:06.109 +0900,players_update,2026-05-26 16:59:29.057 +0900
954,"15815",井上 宗一郎,Soichiro Inoue,2026-05-26 16:59:25.041 +0900,2026-05-26 17:00:12.844 +0900,players_insert,2026-05-26 16:59:25.041 +0900
963,"5100000034",ハーパー ジャン ジュニア,John Jr. Harper,2026-05-26 16:59:27.172 +0900,2026-05-26 17:00:27.035 +0900,players_insert,2026-05-26 16:59:27.172 +0900
977,"9392",ダニエル・ミラー,Daniel Miller,2026-05-26 16:59:34.571 +0900,2026-08-24 16:12:23.925 +0900,players_update,2026-05-26 16:59:34.571 +0900
984,"8621",髙橋 祐二,Yuji Takahashi,2026-05-26 16:59:34.571 +0900,,players_insert,2026-05-26 16:59:34.571 +0900
985,"8561",平尾 充庸,Atsunobu Hirao,2026-05-26 16:59:34.571 +0900,,players_insert,2026-05-26 16:59:34.571 +0900
986,"22405",鶴巻 啓太,Keita Tsurumaki,2026-05-26 16:59:34.571 +0900,,players_insert,2026-05-26 16:59:34.571 +0900
987,"5100000082",コービー・パラス,Kobe Paras,2026-05-26 16:59:34.571 +0900,,players_insert,2026-05-26 16:59:34.571 +0900
988,"36414",ワース・スミス,Worth Smith,2026-05-26 16:59:34.571 +0900,,players_insert,2026-05-26 16:59:34.571 +0900
989,"5100000064",青木 龍史,Ryuji Aoki,2026-05-26 16:59:34.571 +0900,,players_insert,2026-05-26 16:59:34.571 +0900
990,"30463",ジャワラ ジョゼフ,Joseph Diawara,2026-05-26 16:59:34.571 +0900,,players_insert,2026-05-26 16:59:34.571 +0900
991,"5100000063",ザック・モーア,Zack Moore,2026-05-26 16:59:34.571 +0900,,players_insert,2026-05-26 16:59:34.571 +0900
924,"33085",ディージェイ・ニュービル,D.J Newbill,2026-05-26 16:59:18.958 +0900,2026-05-26 16:59:34.571 +0900,players_insert,2026-05-26 16:59:18.958 +0900
993,"22522",ペリー・エリス,Perry Ellis,2026-05-26 16:59:34.571 +0900,,players_insert,2026-05-26 16:59:34.571 +0900
994,"5100000083",ジェロード・ユトフ,Jarrod Uthoff,2026-05-26 16:59:34.571 +0900,,players_insert,2026-05-26 16:59:34.571 +0900
995,"5100000061",オヴィ・ソコ,Ovie Soko,2026-05-26 16:59:34.571 +0900,,players_insert,2026-05-26 16:59:34.571 +0900
997,"5100000062",キーファー・ラベナ,Kiefer Ravena,2026-05-26 16:59:34.571 +0900,,players_insert,2026-05-26 16:59:34.571 +0900
998,"36416",ノヴァー・ガドソン,Novar Gadson,2026-05-26 16:59:34.571 +0900,,players_insert,2026-05-26 16:59:34.571 +0900
1000,"5100000015",川真田 紘也,Koya Kawamata,2026-05-26 16:59:34.571 +0900,,players_insert,2026-05-26 16:59:34.571 +0900
1001,"5100000067",ジャスティン・ノックス,Justin Knox,2026-05-26 16:59:34.571 +0900,,players_insert,2026-05-26 16:59:34.571 +0900
1002,"5100000068",エリアス・ハリス,Elias Harris,2026-05-26 16:59:34.571 +0900,,players_insert,2026-05-26 16:59:34.571 +0900
1003,"5100000048",コティ・クラーク,Coty Clarke,2026-05-26 16:59:34.571 +0900,,players_insert,2026-05-26 16:59:34.571 +0900
1004,"5100000046",スコット・エサトン,Scott Eatherton,2026-05-26 16:59:34.571 +0900,,players_insert,2026-05-26 16:59:34.571 +0900
1005,"20000",綱井 勇介,Yusuke Tsunai,2026-05-26 16:59:34.571 +0900,,players_insert,2026-05-26 16:59:34.571 +0900
1006,"5100000059",マット・ジャニング,Matt Janning,2026-05-26 16:59:34.571 +0900,,players_insert,2026-05-26 16:59:34.571 +0900
1007,"5100000060",レイトン・ハモンズ,Leyton Hammonds,2026-05-26 16:59:34.571 +0900,,players_insert,2026-05-26 16:59:34.571 +0900
1008,"12500",古牧 昌也,Masaya Komaki,2026-05-26 16:59:34.571 +0900,,players_insert,2026-05-26 16:59:34.571 +0900
1009,"51000097",阿部 龍星,Ryusei Abe,2026-05-26 16:59:34.571 +0900,,players_insert,2026-05-26 16:59:34.571 +0900
940,"10258",土屋 アリスター時生,Tokio Alistair Tsuchiya,2026-05-26 16:59:21.018 +0900,2026-05-26 16:59:34.571 +0900,players_update,2026-05-26 16:59:21.018 +0900
1010,"10258",土屋 アリスター時生,Alistair Tokio Tsuchiya,2026-05-26 16:59:34.571 +0900,,players_update,2026-05-26 16:59:34.571 +0900
1011,"5100000078",ブライス・ジョンソン,Brice Johnson,2026-05-26 16:59:34.571 +0900,,players_insert,2026-05-26 16:59:34.571 +0900
1012,"5100000088",ニック・ケイ,Nick Kay,2026-05-26 16:59:34.571 +0900,,players_insert,2026-05-26 16:59:34.571 +0900
1013,"5100000054",ジョン・ムーニー,John Mooney,2026-05-26 16:59:34.571 +0900,,players_insert,2026-05-26 16:59:34.571 +0900
1014,"5100000055",クリストファー・スミス,Christopher Smith,2026-05-26 16:59:34.571 +0900,,players_insert,2026-05-26 16:59:34.571 +0900
1015,"5100000069",レイ・パークスジュニア,Ray Parks Jr.,2026-05-26 16:59:34.571 +0900,,players_insert,2026-05-26 16:59:34.571 +0900
1016,"51000100",マックス・ヒサタケ,Max Hisatake,2026-05-26 16:59:34.571 +0900,,players_insert,2026-05-26 16:59:34.571 +0900
1017,"5100000087",トビン マーカス海舟,Marcus Kaishu Tobin,2026-05-26 16:59:34.571 +0900,,players_insert,2026-05-26 16:59:34.571 +0900
1018,"5100000066",木村 圭吾,Keigo Kimura,2026-05-26 16:59:34.571 +0900,,players_insert,2026-05-26 16:59:34.571 +0900
1019,"5100000080",ブランドン・ジャワト,Brandon Jawato,2026-05-26 16:59:34.571 +0900,,players_insert,2026-05-26 16:59:34.571 +0900
1020,"51000102",ドワイト・ラモス,Dwight Ramos,2026-05-26 16:59:34.571 +0900,,players_insert,2026-05-26 16:59:34.571 +0900
1021,"51000098",ジェイコブス 晶,Akira Jacobs,2026-05-26 16:59:34.571 +0900,,players_insert,2026-05-26 16:59:34.571 +0900
1022,"51000104",マシュー・アキノ,Matthew Aquino,2026-05-26 16:59:34.571 +0900,,players_insert,2026-05-26 16:59:34.571 +0900
1023,"5100000086",ハビエル・ゴメス デ リアニョ,Javier Gomez de Liano,2026-05-26 16:59:36.724 +0900,,players_insert,2026-05-26 16:59:36.724 +0900
1024,"5100000072",マイケル・クレイグ,Michael Craig,2026-05-26 16:59:38.554 +0900,,players_insert,2026-05-26 16:59:38.554 +0900
1025,"51000106",ロバート・ドジャー,Robert Dozier,2026-05-26 16:59:38.554 +0900,,players_insert,2026-05-26 16:59:38.554 +0900
1026,"5100000049",渡邉 飛勇,Hugh Watanabe,2026-05-26 16:59:38.554 +0900,,players_insert,2026-05-26 16:59:38.554 +0900
1027,"15834",半澤 凌太,Ryota Hanzawa,2026-05-26 16:59:38.554 +0900,,players_insert,2026-05-26 16:59:38.554 +0900
1028,"51000109",小室 昂大,Takahiro Komuro,2026-05-26 16:59:38.554 +0900,,players_insert,2026-05-26 16:59:38.554 +0900
1029,"51000108",星野 京介,Kyosuke Hoshino,2026-05-26 16:59:38.554 +0900,,players_insert,2026-05-26 16:59:38.554 +0900
1030,"51000110",井手 拓実,Takumi Ide,2026-05-26 16:59:38.554 +0900,,players_insert,2026-05-26 16:59:38.554 +0900
1031,"51000112",二上 耀,Hikaru Futagami,2026-05-26 16:59:40.642 +0900,,players_insert,2026-05-26 16:59:40.642 +0900
1032,"51000113",飯尾 文哉,Fumiya Iio,2026-05-26 16:59:40.642 +0900,,players_insert,2026-05-26 16:59:40.642 +0900
1033,"5100000016",八村 阿蓮,Allen Hachimura,2026-05-26 16:59:40.642 +0900,,players_update,2026-05-26 16:59:40.642 +0900
1034,"51000116",脇 真大,Masahiro Waki,2026-05-26 16:59:40.642 +0900,,players_insert,2026-05-26 16:59:40.642 +0900
1035,"51000123",松下 裕汰,Yuta Matsushita,2026-05-26 16:59:40.642 +0900,,players_insert,2026-05-26 16:59:40.642 +0900
1036,"5100000033",小川 麻斗,Asato Ogawa,2026-05-26 16:59:40.642 +0900,,players_insert,2026-05-26 16:59:40.642 +0900
1037,"51000117",小西 聖也,Seiya Konishi,2026-05-26 16:59:40.642 +0900,,players_insert,2026-05-26 16:59:40.642 +0900
1038,"5100000017",土家 大輝,Daiki Tsuchiya,2026-05-26 16:59:40.642 +0900,,players_insert,2026-05-26 16:59:40.642 +0900
1039,"51000126",ピータージュニア・オコエ,Peter Junior Okoye,2026-05-26 16:59:40.642 +0900,,players_insert,2026-05-26 16:59:40.642 +0900
1040,"51000130",アンソニー・ローレンス Ⅱ,Anthony Lawrence Ⅱ,2026-05-26 16:59:42.204 +0900,,players_insert,2026-05-26 16:59:42.204 +0900
1041,"51000131",デュサン・ヴィチェンティッチ,Dusan Vicentic,2026-05-26 16:59:42.204 +0900,,players_insert,2026-05-26 16:59:42.204 +0900
1042,"51000136",野﨑 由之,Yoshiyuki Nozaki,2026-05-26 16:59:43.738 +0900,,players_insert,2026-05-26 16:59:43.738 +0900
1043,"51000137",上田 隼輔,Shunsuke Ueda,2026-05-26 16:59:43.738 +0900,,players_insert,2026-05-26 16:59:43.738 +0900
1044,"51000138",松本 礼太,Reita Matsumoto,2026-05-26 16:59:43.738 +0900,,players_insert,2026-05-26 16:59:43.738 +0900
1045,"51000174",サイモン 拓海,Takumi Simon,2026-05-26 16:59:49.577 +0900,,players_insert,2026-05-26 16:59:49.577 +0900
1046,"51000176",ジャスティン・コブス,Justin Cobbs,2026-05-26 16:59:49.577 +0900,,players_insert,2026-05-26 16:59:49.577 +0900
1047,"5100000051",アレックス・マーフィー,Alex Murphy,2026-05-26 16:59:49.577 +0900,,players_insert,2026-05-26 16:59:49.577 +0900
1048,"30458",荒川 颯,Hayate Arakawa,2026-05-26 16:59:49.577 +0900,,players_insert,2026-05-26 16:59:49.577 +0900
1049,"51000158",ブロック・モータム,Brock Motum,2026-05-26 16:59:49.577 +0900,,players_insert,2026-05-26 16:59:49.577 +0900
1050,"51000209",スティーブ・ザック,Steve Zack,2026-05-26 16:59:49.577 +0900,,players_insert,2026-05-26 16:59:49.577 +0900
996,"10832",澁田 怜音,Reon Shibuta,2026-05-26 16:59:34.571 +0900,2026-08-18 18:07:46.571 +0900,players_insert,2026-05-26 16:59:34.571 +0900
1051,"51000148",スタントン・キッド,Stanton Kidd,2026-05-26 16:59:49.577 +0900,,players_insert,2026-05-26 16:59:49.577 +0900
1052,"51000146",ケレム・カンター,Kerem Kanter,2026-05-26 16:59:49.577 +0900,,players_insert,2026-05-26 16:59:49.577 +0900
1053,"33083",ストックマンJr.　ケドリック,Kedrick Stockman Jr.,2026-05-26 16:59:49.577 +0900,,players_update,2026-05-26 16:59:49.577 +0900
904,"9418",ルーク・エヴァンス,Luke Evans,2026-05-26 16:59:18.958 +0900,2026-05-26 16:59:49.577 +0900,players_insert,2026-05-26 16:59:18.958 +0900
1054,"9418",エヴァンス ルーク,Luke Evans,2026-05-26 16:59:49.577 +0900,,players_update,2026-05-26 16:59:49.577 +0900
1055,"51000118",宮本 一樹,Kazuki Miyamoto,2026-05-26 16:59:49.577 +0900,,players_insert,2026-05-26 16:59:49.577 +0900
1056,"8722",石川 海斗,Kaito Ishikawa,2026-05-26 16:59:49.577 +0900,,players_update,2026-05-26 16:59:49.577 +0900
1057,"15853",野﨑 零也,Reiya Nozaki,2026-05-26 16:59:49.577 +0900,,players_insert,2026-05-26 16:59:49.577 +0900
1058,"51000159",ジョナサン・ウィリアムズ,Johnathan Williams,2026-05-26 16:59:49.577 +0900,,players_insert,2026-05-26 16:59:49.577 +0900
1059,"5100000056",ジェレミー・ジョーンズ,Jeremy Jones,2026-05-26 16:59:49.577 +0900,,players_insert,2026-05-26 16:59:49.577 +0900
1060,"51000173",ケーレブ・ターズースキー,Kaleb Tarczewski,2026-05-26 16:59:49.577 +0900,,players_insert,2026-05-26 16:59:49.577 +0900
1061,"51000161",ジェイコブ・ワイリー,Jacob Wiley,2026-05-26 16:59:49.577 +0900,,players_insert,2026-05-26 16:59:49.577 +0900
1062,"51000191",ケルヴィン・マーティン,Kelvin Martin,2026-05-26 16:59:49.577 +0900,,players_insert,2026-05-26 16:59:49.577 +0900
1063,"51000168",イヴァン・ブバ,Ivan Buva,2026-05-26 16:59:49.577 +0900,,players_insert,2026-05-26 16:59:49.577 +0900
1064,"51000166",ヴィック・ロー,Vic Law,2026-05-26 16:59:49.577 +0900,,players_insert,2026-05-26 16:59:49.577 +0900
1065,"51000201",星野 零志,Reiji Hoshino,2026-05-26 16:59:49.577 +0900,,players_insert,2026-05-26 16:59:49.577 +0900
1066,"51000160",ヤンテ・メイテン,Yante Maten,2026-05-26 16:59:49.577 +0900,,players_insert,2026-05-26 16:59:49.577 +0900
1067,"51000157",アイゼイア・ヒックス,Isaiah Hicks,2026-05-26 16:59:49.577 +0900,,players_insert,2026-05-26 16:59:49.577 +0900
1068,"51000188",高橋 快成,Kaisei Takahashi,2026-05-26 16:59:49.577 +0900,,players_insert,2026-05-26 16:59:49.577 +0900
1069,"51000164",マイケル・ヤングジュニア,Michael Young Jr,2026-05-26 16:59:49.577 +0900,,players_insert,2026-05-26 16:59:49.577 +0900
1070,"51000175",モリス・ンドゥール,Maurice Ndour,2026-05-26 16:59:49.577 +0900,,players_insert,2026-05-26 16:59:49.577 +0900
1071,"51000165",カイル・オクイン,Kyle O'Quinn,2026-05-26 16:59:49.577 +0900,,players_insert,2026-05-26 16:59:49.577 +0900
1072,"51000187",マシュー・ライト,Matthew Wright,2026-05-26 16:59:49.577 +0900,,players_insert,2026-05-26 16:59:49.577 +0900
1073,"51000170",ティージェー・ロール,TJ Lall,2026-05-26 16:59:49.577 +0900,,players_insert,2026-05-26 16:59:49.577 +0900
1074,"26876",青木 龍史,Ryuji Aoki,2026-05-26 16:59:49.577 +0900,,players_insert,2026-05-26 16:59:49.577 +0900
1075,"51000169",シェック・ディアロ,Cheick Diallo,2026-05-26 16:59:49.577 +0900,,players_insert,2026-05-26 16:59:49.577 +0900
1076,"22401",岡田 泰希,Taiki Okada,2026-05-26 16:59:49.577 +0900,,players_insert,2026-05-26 16:59:49.577 +0900
1077,"51000114",寺澤 大夢,Hiromu Terasawa,2026-05-26 16:59:49.577 +0900,,players_insert,2026-05-26 16:59:49.577 +0900
1078,"30526",渡辺 翔太,Shota Watanabe,2026-05-26 16:59:49.577 +0900,,players_insert,2026-05-26 16:59:49.577 +0900
1079,"51000153",ラショーン・トーマス,Rashawn Thomas,2026-05-26 16:59:49.577 +0900,,players_insert,2026-05-26 16:59:49.577 +0900
1080,"51000144",ネイサン・ブース,Nathan Boothe,2026-05-26 16:59:49.577 +0900,,players_insert,2026-05-26 16:59:49.577 +0900
1081,"51000145",ケリー・ブラックシアー・ジュニア,Kerry BlackshearJr,2026-05-26 16:59:49.577 +0900,,players_insert,2026-05-26 16:59:49.577 +0900
1082,"51000143",ジャスティン・バルタザール,Justine Baltazar,2026-05-26 16:59:49.577 +0900,,players_insert,2026-05-26 16:59:49.577 +0900
1083,"5100000057",デビン・オリバー,Devin Oliver,2026-05-26 16:59:49.577 +0900,,players_insert,2026-05-26 16:59:49.577 +0900
1085,"51000163",ケヴェ・アルマ,Keve Aluma,2026-05-26 16:59:49.577 +0900,,players_insert,2026-05-26 16:59:49.577 +0900
1086,"51000205",コーディ・デンプス,Cody Demps,2026-05-26 16:59:49.577 +0900,,players_insert,2026-05-26 16:59:49.577 +0900
1087,"51000204",浦野 泰斗,Taito Urano,2026-05-26 16:59:49.577 +0900,,players_insert,2026-05-26 16:59:49.577 +0900
1088,"30468",西野 曜,Yo Nishino,2026-05-26 16:59:49.577 +0900,,players_update,2026-05-26 16:59:49.577 +0900
1089,"32992",ジェームズ・マイケル・マカドゥ,James Michael McAdoo,2026-05-26 16:59:49.577 +0900,,players_update,2026-05-26 16:59:49.577 +0900
1090,"51000203",ジェイ・ワシントン,Jay Washington,2026-05-26 16:59:49.577 +0900,,players_insert,2026-05-26 16:59:49.577 +0900
935,"33036",ヤン ジェミン,Jaemin Yang,2026-05-26 16:59:18.958 +0900,2026-05-26 16:59:49.577 +0900,players_insert,2026-05-26 16:59:18.958 +0900
1091,"33036",ヤン ジェミン,Jae-Min Yang,2026-05-26 16:59:49.577 +0900,,players_update,2026-05-26 16:59:49.577 +0900
1092,"9431",ジョシュア・クロフォード,Joshua Crawford,2026-05-26 16:59:49.577 +0900,,players_insert,2026-05-26 16:59:49.577 +0900
921,"33097",ドウェイン・エバンス,Dwayne Evans,2026-05-26 16:59:18.958 +0900,2026-05-26 16:59:49.577 +0900,players_insert,2026-05-26 16:59:18.958 +0900
1093,"33097",ドウェイン・エバンス,Dwayne Evans II,2026-05-26 16:59:49.577 +0900,,players_update,2026-05-26 16:59:49.577 +0900
1094,"12599",冨岡 大地,Daichi Tomioka,2026-05-26 16:59:49.577 +0900,,players_insert,2026-05-26 16:59:49.577 +0900
1095,"51000167",鍵冨 太雅,Taiga Kagitomi,2026-05-26 16:59:49.577 +0900,,players_insert,2026-05-26 16:59:49.577 +0900
1096,"20004",林 瑛司,Eiji Hayashi,2026-05-26 16:59:49.577 +0900,,players_insert,2026-05-26 16:59:49.577 +0900
1097,"12597",宮崎 恭行,Yasuyuki Miyazaki,2026-05-26 16:59:49.577 +0900,,players_insert,2026-05-26 16:59:49.577 +0900
1098,"51000213",荻沼 隼佑,Shunsuke Oginuma,2026-05-26 16:59:49.577 +0900,,players_insert,2026-05-26 16:59:49.577 +0900
1099,"51000212",山口 哲平,Teppei Yamaguchi,2026-05-26 16:59:49.577 +0900,,players_insert,2026-05-26 16:59:49.577 +0900
1100,"26917",テレンス・キング,Terrance King,2026-05-26 16:59:51.635 +0900,,players_insert,2026-05-26 16:59:51.635 +0900
1101,"51000216",コフィ・コーバーン,Kofi Cockburn,2026-05-26 16:59:51.635 +0900,,players_insert,2026-05-26 16:59:51.635 +0900
1102,"5100000030",植松 義也,Yoshiya Uematsu,2026-05-26 16:59:51.635 +0900,,players_insert,2026-05-26 16:59:51.635 +0900
1103,"51000218",アンドリュー・ファーガソン,Andrew Ferguson,2026-05-26 16:59:51.635 +0900,,players_insert,2026-05-26 16:59:51.635 +0900
1104,"51000202",内藤 耀悠,Teruchika Naito,2026-05-26 16:59:51.635 +0900,,players_insert,2026-05-26 16:59:51.635 +0900
1105,"51000219",ウィリアム・モズリー,William Mosley,2026-05-26 16:59:51.635 +0900,,players_insert,2026-05-26 16:59:51.635 +0900
1106,"40153",ダニエル・ギデンズ,Daniel Giddens,2026-05-26 16:59:53.643 +0900,,players_insert,2026-05-26 16:59:53.643 +0900
1107,"51000221",金本 一真,Kazuma Kanemoto,2026-05-26 16:59:53.643 +0900,,players_insert,2026-05-26 16:59:53.643 +0900
1108,"51000225",平岡 勇人,Yuto Hiraoka,2026-05-26 16:59:53.643 +0900,,players_insert,2026-05-26 16:59:53.643 +0900
1109,"51000226",エペ・ウドゥ,Ekpe Udoh,2026-05-26 16:59:53.643 +0900,,players_insert,2026-05-26 16:59:53.643 +0900
1110,"51000222",今西 優斗,Yuto Imanishi,2026-05-26 16:59:53.643 +0900,,players_insert,2026-05-26 16:59:53.643 +0900
1111,"40156",スティーブン・グリーン,Steven Green,2026-05-26 16:59:53.643 +0900,,players_insert,2026-05-26 16:59:53.643 +0900
1112,"51000229",キャメロン・クラットウィグ,Cameron Krutwig,2026-05-26 16:59:53.643 +0900,,players_insert,2026-05-26 16:59:53.643 +0900
1113,"51000124",宇都宮 陸,Riku Utsunomiya,2026-05-26 16:59:53.643 +0900,,players_insert,2026-05-26 16:59:53.643 +0900
1114,"51000231",高橋 克実,Katsumi Takahashi,2026-05-26 16:59:53.643 +0900,,players_insert,2026-05-26 16:59:53.643 +0900
1115,"30396",三谷 桂司朗,Keijiro Mitani,2026-05-26 16:59:56.187 +0900,,players_insert,2026-05-26 16:59:56.187 +0900
1116,"51000227",松崎 裕樹,Hiroki Matsuzaki,2026-05-26 16:59:56.187 +0900,,players_insert,2026-05-26 16:59:56.187 +0900
1117,"51000236",湧川 颯斗,Hayato Wakugawa,2026-05-26 16:59:56.187 +0900,,players_insert,2026-05-26 16:59:56.187 +0900
1118,"51000217",満尾 竜次,Ryuji Mitsuo,2026-05-26 16:59:56.187 +0900,,players_insert,2026-05-26 16:59:56.187 +0900
1119,"51000234",島谷 怜,Ren Shimatani,2026-05-26 16:59:56.187 +0900,,players_insert,2026-05-26 16:59:56.187 +0900
1120,"51000233",益子 拓己,Takumi Masuko,2026-05-26 16:59:56.187 +0900,,players_insert,2026-05-26 16:59:56.187 +0900
1121,"51000211",ルーズベルト・アダムス,Roosevelt Adams,2026-05-26 16:59:56.187 +0900,,players_insert,2026-05-26 16:59:56.187 +0900
1122,"51000179",ジョーダン・ヘディング,Jordan Heading,2026-05-26 16:59:56.187 +0900,,players_insert,2026-05-26 16:59:56.187 +0900
1123,"51000152",チョン ギボム,Gibeom Cheon,2026-05-26 16:59:56.187 +0900,,players_insert,2026-05-26 16:59:56.187 +0900
1124,"51000185",グレゴリー・スローター,Gregory Slaughter,2026-05-26 16:59:56.187 +0900,,players_insert,2026-05-26 16:59:56.187 +0900
1125,"55000510",木戸 龍斗,Ryuto Kido,2026-05-26 16:59:56.187 +0900,,players_insert,2026-05-26 16:59:56.187 +0900
1126,"55000565",稲葉 耕佑,Kosuke Inaba,2026-05-26 16:59:56.187 +0900,,players_insert,2026-05-26 16:59:56.187 +0900
1127,"55000566",藤原 拓海,Takumi Fujiwara,2026-05-26 16:59:56.187 +0900,,players_insert,2026-05-26 16:59:56.187 +0900
1128,"55000567",佐取 龍之介,Ryunosuke Satori,2026-05-26 16:59:56.187 +0900,,players_insert,2026-05-26 16:59:56.187 +0900
1129,"55000569",木山 大輔,Daisuke Kiyama,2026-05-26 16:59:56.187 +0900,,players_insert,2026-05-26 16:59:56.187 +0900
1130,"55000076",須藤 春輝,Haruki Sudo,2026-05-26 16:59:56.187 +0900,,players_insert,2026-05-26 16:59:56.187 +0900
1131,"55000424",佐藤 遼乙,Haruto Sato,2026-05-26 16:59:56.187 +0900,,players_insert,2026-05-26 16:59:56.187 +0900
1132,"55000067",五明 一真,Kazuma Gomyo,2026-05-26 16:59:56.187 +0900,,players_insert,2026-05-26 16:59:56.187 +0900
1133,"55000570",山本 奨,Masashi Yamamoto,2026-05-26 16:59:56.187 +0900,,players_insert,2026-05-26 16:59:56.187 +0900
1134,"55000571",松尾 和,Yamato Matsuo,2026-05-26 16:59:56.187 +0900,,players_insert,2026-05-26 16:59:56.187 +0900
1135,"55000572",藤井 大,Yamato Fujii,2026-05-26 16:59:56.187 +0900,,players_insert,2026-05-26 16:59:56.187 +0900
1136,"55000574",山﨑 成隆,Naritaka Yamazaki,2026-05-26 16:59:56.187 +0900,,players_insert,2026-05-26 16:59:56.187 +0900
1137,"55000203",阿部 竜大,Tatsuhiro Abe,2026-05-26 16:59:56.187 +0900,,players_insert,2026-05-26 16:59:56.187 +0900
1138,"55000363",李 子浩,Kohiro Lee,2026-05-26 16:59:56.187 +0900,,players_insert,2026-05-26 16:59:56.187 +0900
1139,"55000576",倉光 晴,Haru Kuramitsu,2026-05-26 16:59:56.187 +0900,,players_insert,2026-05-26 16:59:56.187 +0900
1140,"55000162",大森 康瑛,Kouei Omori,2026-05-26 16:59:56.187 +0900,,players_insert,2026-05-26 16:59:56.187 +0900
1141,"55000450",藤井 暖,Non Fujii,2026-05-26 16:59:56.187 +0900,,players_insert,2026-05-26 16:59:56.187 +0900
1142,"55000219",南 拓摩,Takuma Minami,2026-05-26 16:59:56.187 +0900,,players_insert,2026-05-26 16:59:56.187 +0900
1143,"55000308",菅野　楓太,Futa Sugano,2026-05-26 16:59:56.187 +0900,,players_insert,2026-05-26 16:59:56.187 +0900
1144,"55000575",村岡 遥斗,Haruto Muraoka,2026-05-26 16:59:56.187 +0900,,players_insert,2026-05-26 16:59:56.187 +0900
1145,"39621",ベイリー・スティール,Baylee Steele,2026-05-26 16:59:56.187 +0900,,players_insert,2026-05-26 16:59:56.187 +0900
1146,"51000241",シズ・オルストン,Shizz Alston,2026-05-26 16:59:56.187 +0900,,players_insert,2026-05-26 16:59:56.187 +0900
1147,"51000240",武藤 俊太朗,Shuntaro Buto,2026-05-26 16:59:56.187 +0900,,players_insert,2026-05-26 16:59:56.187 +0900
1148,"32951",小池 文哉,Fumiya Koike,2026-05-26 16:59:56.187 +0900,,players_insert,2026-05-26 16:59:56.187 +0900
1149,"39812",イホール・ボヤルキム,Ihor Boiarkin,2026-05-26 16:59:56.187 +0900,,players_insert,2026-05-26 16:59:56.187 +0900
1150,"51000245",クインシー・ミラー,Quincy Miller,2026-05-26 16:59:56.187 +0900,,players_insert,2026-05-26 16:59:56.187 +0900
1152,"51000243",喜志永 修斗,Shuto Kishinaga,2026-05-26 16:59:56.187 +0900,,players_insert,2026-05-26 16:59:56.187 +0900
1153,"33042",デクアン・ジョーンズ,DeQuan Jones,2026-05-26 16:59:58.212 +0900,,players_insert,2026-05-26 16:59:58.212 +0900
1154,"51000235",浅井 修伍,Shugo Asai,2026-05-26 16:59:58.212 +0900,,players_insert,2026-05-26 16:59:58.212 +0900
1155,"51000232",淺野 ケニー,Kenny Asano,2026-05-26 16:59:58.212 +0900,,players_insert,2026-05-26 16:59:58.212 +0900
1156,"51000228",小川 敦也,Atsuya Ogawa,2026-05-26 16:59:58.212 +0900,,players_insert,2026-05-26 16:59:58.212 +0900
1157,"9332",ナイジェル・スパイクス,Nigel Spikes,2026-05-26 16:59:58.212 +0900,,players_insert,2026-05-26 16:59:58.212 +0900
1158,"51000262",サムソン・フローリング,Samson Froling,2026-05-26 16:59:59.900 +0900,,players_insert,2026-05-26 16:59:59.900 +0900
1159,"5100000077",マイルズ・ヘソン,Myles Hesson,2026-05-26 16:59:59.900 +0900,,players_insert,2026-05-26 16:59:59.900 +0900
1160,"51000261",パク ジェヒョン,Jaehyun Park,2026-05-26 16:59:59.900 +0900,,players_insert,2026-05-26 16:59:59.900 +0900
1161,"51000260",カール・タマヨ,Carl Tamayo,2026-05-26 16:59:59.900 +0900,,players_insert,2026-05-26 16:59:59.900 +0900
1162,"51000259",カイ・ソット,Kai Sotto,2026-05-26 16:59:59.900 +0900,,players_insert,2026-05-26 16:59:59.900 +0900
1163,"55000079",平良 宗龍,Shutatsu Taira,2026-05-26 16:59:59.900 +0900,,players_insert,2026-05-26 16:59:59.900 +0900
1164,"51000264",アラン・ウィリアムズ,Alan Williams,2026-05-26 16:59:59.900 +0900,,players_insert,2026-05-26 16:59:59.900 +0900
1165,"42539",小栗 瑛哉,Akitoshi Oguri,2026-05-26 16:59:59.900 +0900,,players_insert,2026-05-26 16:59:59.900 +0900
1151,"51000251",米山 ジャバ 偉生,Java Eo Yoneyama,2026-05-26 16:59:56.187 +0900,2026-05-26 17:00:02.118 +0900,players_insert,2026-05-26 16:59:56.187 +0900
1166,"51000251",米山 ジャバ 偉生,Eo Java Yoneyama,2026-05-26 17:00:02.118 +0900,,players_update,2026-05-26 17:00:02.118 +0900
1167,"33100",レイナルド・ガルシア,Reynaldo Garcia,2026-05-26 17:00:06.109 +0900,,players_insert,2026-05-26 17:00:06.109 +0900
1168,"51000317",ヨーリ・チャイルズ,Yoeli Childs,2026-05-26 17:00:06.109 +0900,,players_insert,2026-05-26 17:00:06.109 +0900
1169,"51000111",角田 太輝,Taiki Sumida,2026-05-26 17:00:06.109 +0900,,players_insert,2026-05-26 17:00:06.109 +0900
1170,"26888",井上 諒汰,Ryota Inoue,2026-05-26 17:00:06.109 +0900,,players_insert,2026-05-26 17:00:06.109 +0900
1171,"51000135",相原 アレクサンダー学,AlexanderGaku Aihara,2026-05-26 17:00:06.109 +0900,,players_insert,2026-05-26 17:00:06.109 +0900
1172,"51000274",大橋 大空,Hirotaka Ohashi,2026-05-26 17:00:06.109 +0900,,players_insert,2026-05-26 17:00:06.109 +0900
1173,"51000275",ワイリー 光希スカイ,Kokisky Wiley,2026-05-26 17:00:06.109 +0900,,players_insert,2026-05-26 17:00:06.109 +0900
1174,"51000312",ザック・オーガスト,Zach Auguste,2026-05-26 17:00:06.109 +0900,,players_insert,2026-05-26 17:00:06.109 +0900
1175,"51000313",ジェイク・レイマン,Jake Layman,2026-05-26 17:00:06.109 +0900,,players_insert,2026-05-26 17:00:06.109 +0900
1176,"15835",卜部 兼慎,Kenshin Urabe,2026-05-26 17:00:06.109 +0900,,players_insert,2026-05-26 17:00:06.109 +0900
1177,"51000314",イ デソン,Daesung Lee,2026-05-26 17:00:06.109 +0900,,players_insert,2026-05-26 17:00:06.109 +0900
1178,"51000285",四家 魁人,Kaito Shike,2026-05-26 17:00:06.109 +0900,,players_insert,2026-05-26 17:00:06.109 +0900
1179,"32958",村岸 航,Wataru Murakishi,2026-05-26 17:00:06.109 +0900,,players_insert,2026-05-26 17:00:06.109 +0900
992,"33085",ディージェイ・ニュービル,D.J. Newbill,2026-05-26 16:59:34.571 +0900,2026-05-26 17:00:06.109 +0900,players_update,2026-05-26 16:59:34.571 +0900
1181,"51000284",ベン・ベンティル,Ben Bentil,2026-05-26 17:00:06.109 +0900,,players_insert,2026-05-26 17:00:06.109 +0900
1182,"51000268",アーロン・ヘンリー,Aaron Henry,2026-05-26 17:00:06.109 +0900,,players_insert,2026-05-26 17:00:06.109 +0900
999,"26912",ショーン・オマラ,Sean O’mara,2026-05-26 16:59:34.571 +0900,2026-05-26 17:00:06.109 +0900,players_update,2026-05-26 16:59:34.571 +0900
1184,"33040",ロバーツ ケイン,Kaine Roberts,2026-05-26 17:00:06.109 +0900,,players_insert,2026-05-26 17:00:06.109 +0900
1185,"18478",久岡 幸太郎,Kotaro Hisaoka,2026-05-26 17:00:06.109 +0900,,players_insert,2026-05-26 17:00:06.109 +0900
1186,"51000279",ステイシー・デイヴィス,Stacy Davis,2026-05-26 17:00:06.109 +0900,,players_insert,2026-05-26 17:00:06.109 +0900
1187,"30522",鈴木 悠介,Yusuke Suzuki,2026-05-26 17:00:06.109 +0900,,players_insert,2026-05-26 17:00:06.109 +0900
1188,"51000269",アンジェロ・カロイアロ,Angelo Caloiaro,2026-05-26 17:00:06.109 +0900,,players_insert,2026-05-26 17:00:06.109 +0900
1189,"51000270",イアン・ハマー,Ian Hummer,2026-05-26 17:00:06.109 +0900,,players_insert,2026-05-26 17:00:06.109 +0900
1191,"51000301",エージェー・エドゥ,A.J. Edu,2026-05-26 17:00:06.109 +0900,,players_insert,2026-05-26 17:00:06.109 +0900
1192,"15841",東 宏輝,Hiroki Higashi,2026-05-26 17:00:06.109 +0900,,players_insert,2026-05-26 17:00:06.109 +0900
1193,"51000318",ダラル・ウィリス ジュニア,Darral Willis JR,2026-05-26 17:00:06.109 +0900,,players_insert,2026-05-26 17:00:06.109 +0900
1194,"26913",デモン・ブルックス,De'mon Brooks,2026-05-26 17:00:06.109 +0900,,players_update,2026-05-26 17:00:06.109 +0900
1195,"51000171",トーマス・ウェルシュ,Thomas Welsh,2026-05-26 17:00:06.109 +0900,,players_insert,2026-05-26 17:00:06.109 +0900
1197,"51000315",ロバート・ベイカー,Robert Baker,2026-05-26 17:00:06.109 +0900,,players_insert,2026-05-26 17:00:06.109 +0900
1198,"51000316",ジェフリー・クロケット,Jeffrey Crockett,2026-05-26 17:00:06.109 +0900,,players_insert,2026-05-26 17:00:06.109 +0900
1199,"51000294",ヴォーディミル・ゲルン,Volodymyr Gerun,2026-05-26 17:00:06.109 +0900,,players_insert,2026-05-26 17:00:06.109 +0900
1200,"51000290",レオナルド・メインデル,Leonardo Meindl,2026-05-26 17:00:06.109 +0900,,players_insert,2026-05-26 17:00:06.109 +0900
1201,"51000291",アルトゥーラス・グダイティス,Arturas Gudaitis,2026-05-26 17:00:06.109 +0900,,players_insert,2026-05-26 17:00:06.109 +0900
1202,"51000308",ロン･ジェイ･アバリエントス,Rhon Jhay Abarrientos,2026-05-26 17:00:06.109 +0900,,players_insert,2026-05-26 17:00:06.109 +0900
1203,"51000323",小玉 大智,Taichi Kodama,2026-05-26 17:00:06.109 +0900,,players_insert,2026-05-26 17:00:06.109 +0900
1204,"51000302",デオン・トンプソン,Deon Thompson,2026-05-26 17:00:06.109 +0900,,players_insert,2026-05-26 17:00:06.109 +0900
1084,"51000150",モサク オルワダミロラ 雄太 ジョセフ,Oluwadamilola Yuta Joseph Mosaku,2026-05-26 16:59:49.577 +0900,2026-05-26 17:00:06.109 +0900,players_insert,2026-05-26 16:59:49.577 +0900
1206,"51000311",大庭 圭太郎,Keitaro Ohba,2026-05-26 17:00:06.109 +0900,,players_insert,2026-05-26 17:00:06.109 +0900
1207,"30510",中村 ジャズ,Jazz Nakamura,2026-05-26 17:00:06.109 +0900,,players_insert,2026-05-26 17:00:06.109 +0900
1208,"51000277",ロバート・フランクス,Robert Franks,2026-05-26 17:00:06.109 +0900,,players_insert,2026-05-26 17:00:06.109 +0900
1209,"51000278",ティム・ソアレス,Tim Soares,2026-05-26 17:00:06.109 +0900,,players_insert,2026-05-26 17:00:06.109 +0900
1210,"51000305",若野 瑛太,Eita Wakano,2026-05-26 17:00:06.109 +0900,,players_insert,2026-05-26 17:00:06.109 +0900
1211,"51000280",アンソニー・クレモンズ,Anthony Clemmons,2026-05-26 17:00:06.109 +0900,,players_insert,2026-05-26 17:00:06.109 +0900
1212,"8557",村越 圭佑,Keisuke Murakoshi,2026-05-26 17:00:06.109 +0900,,players_insert,2026-05-26 17:00:06.109 +0900
1213,"51000292",トーマス・ウィンブッシュ,Thomas Wimbush,2026-05-26 17:00:06.109 +0900,,players_insert,2026-05-26 17:00:06.109 +0900
1214,"15826",飯田 遼,Ryo Iida,2026-05-26 17:00:06.109 +0900,,players_insert,2026-05-26 17:00:06.109 +0900
1215,"51000276",森口 弥,Hisashi Moriguchi,2026-05-26 17:00:06.109 +0900,,players_insert,2026-05-26 17:00:06.109 +0900
1216,"51000271",デイビッド・ダジンスキー,David Dudzinski,2026-05-26 17:00:06.109 +0900,,players_insert,2026-05-26 17:00:06.109 +0900
1217,"10893",松本 健児リオン,Kenji leon Matsumoto,2026-05-26 17:00:06.109 +0900,,players_insert,2026-05-26 17:00:06.109 +0900
1218,"51000252",小針 幸也,Koya Kobari,2026-05-26 17:00:06.109 +0900,,players_insert,2026-05-26 17:00:06.109 +0900
1219,"51000306",チャン ミンクク,Min kug Chang,2026-05-26 17:00:06.109 +0900,,players_insert,2026-05-26 17:00:06.109 +0900
1220,"51000304",ジャレル・ブラントリー,Jarrell Brantley,2026-05-26 17:00:06.109 +0900,,players_insert,2026-05-26 17:00:06.109 +0900
1222,"51000177",榎田 拓真,Takuma Enokida,2026-05-26 17:00:06.109 +0900,,players_insert,2026-05-26 17:00:06.109 +0900
1223,"51000286",ジャスティン・マッツ,Justyn Mutts,2026-05-26 17:00:06.109 +0900,,players_insert,2026-05-26 17:00:06.109 +0900
1224,"51000267",金近 廉,Ren Kanechika,2026-05-26 17:00:06.109 +0900,,players_insert,2026-05-26 17:00:06.109 +0900
1225,"51000287",ディー・ジェイ・ステフェンズ,D.J. Stephens,2026-05-26 17:00:06.109 +0900,,players_insert,2026-05-26 17:00:06.109 +0900
1226,"51000322",山本 楓己,Fuki Yamamoto,2026-05-26 17:00:06.109 +0900,,players_insert,2026-05-26 17:00:06.109 +0900
1227,"51000283",高橋 幸,Ko Takahashi,2026-05-26 17:00:06.109 +0900,,players_insert,2026-05-26 17:00:06.109 +0900
1228,"51000320",ニモ 正義,Masayoshi Nimmo,2026-05-26 17:00:06.109 +0900,,players_insert,2026-05-26 17:00:06.109 +0900
1229,"55000578",関谷 間,Aima Sekiya,2026-05-26 17:00:06.109 +0900,,players_insert,2026-05-26 17:00:06.109 +0900
1230,"32997",エリック・マーフィー,Erik Murphy,2026-05-26 17:00:06.109 +0900,,players_insert,2026-05-26 17:00:06.109 +0900
1231,"51000331",田中 力,Chikara Tanaka,2026-05-26 17:00:06.109 +0900,,players_insert,2026-05-26 17:00:06.109 +0900
1233,"12642",アンジェロ・チョル,Angelo Chol,2026-05-26 17:00:06.109 +0900,,players_insert,2026-05-26 17:00:06.109 +0900
1234,"40169",デボーン・ワシントン,Devaughn Washington,2026-05-26 17:00:08.177 +0900,,players_insert,2026-05-26 17:00:08.177 +0900
1235,"42985",ゼイビア・クックス,Xavier Cooks,2026-05-26 17:00:08.177 +0900,,players_insert,2026-05-26 17:00:08.177 +0900
1237,"51000334",ジョニー・オブライアント,Johnny O'Bryant,2026-05-26 17:00:10.200 +0900,,players_insert,2026-05-26 17:00:10.200 +0900
710,"18460",デイヴィッド・サイモン,David Simon,2026-05-26 16:58:52.170 +0900,2026-05-26 17:00:10.200 +0900,players_insert,2026-05-26 16:58:52.170 +0900
1238,"18460",デビッド・サイモン,David Simon,2026-05-26 17:00:10.200 +0900,,players_update,2026-05-26 17:00:10.200 +0900
1240,"51000230",武内 理貴,Riki Takeuchi,2026-05-26 17:00:10.200 +0900,,players_insert,2026-05-26 17:00:10.200 +0900
1241,"51000342",阿部 真冴橙,Masato Abe,2026-05-26 17:00:10.200 +0900,,players_insert,2026-05-26 17:00:10.200 +0900
1242,"51000340",井手 歩由夢,Ayumu Ide,2026-05-26 17:00:10.200 +0900,,players_insert,2026-05-26 17:00:10.200 +0900
1243,"51000341",力久 嵩彪,Taiga Rikihisa,2026-05-26 17:00:10.200 +0900,,players_insert,2026-05-26 17:00:10.200 +0900
1244,"51000349",木林 優,Yu Kibayashi,2026-05-26 17:00:12.844 +0900,,players_insert,2026-05-26 17:00:12.844 +0900
1245,"45868",佐土原 遼,Ryo Sadohara,2026-05-26 17:00:12.844 +0900,,players_insert,2026-05-26 17:00:12.844 +0900
1246,"45870",渡邉 飛勇,Hugh Watanabe,2026-05-26 17:00:12.844 +0900,,players_insert,2026-05-26 17:00:12.844 +0900
1251,"45866",角田 太輝,Taiki Sumida,2026-05-26 17:00:12.844 +0900,,players_insert,2026-05-26 17:00:12.844 +0900
1196,"5100000041",王 偉嘉,Weijia Wang,2026-05-26 17:00:06.109 +0900,2026-05-26 22:34:52.799 +0900,players_update,2026-05-26 17:00:06.109 +0900
1232,"9369",河田 チリジ,Tshilidzi Kawata,2026-05-26 17:00:06.109 +0900,2026-05-26 22:34:52.799 +0900,players_update,2026-05-26 17:00:06.109 +0900
1236,"51000335",タナー・ライスナー,Paul Tanner Leissner,2026-05-26 17:00:10.200 +0900,2026-08-18 18:07:46.571 +0900,players_insert,2026-05-26 17:00:10.200 +0900
1221,"12605",高比良 寛治,Kanji Takahira,2026-05-26 17:00:06.109 +0900,2026-08-18 18:07:46.571 +0900,players_insert,2026-05-26 17:00:06.109 +0900
1252,"45867",湧川 颯斗,Hayato Wakugawa,2026-05-26 17:00:12.844 +0900,,players_insert,2026-05-26 17:00:12.844 +0900
1254,"45869",八村 阿蓮,Allen Hachimura,2026-05-26 17:00:12.844 +0900,,players_insert,2026-05-26 17:00:12.844 +0900
1255,"45871",川真田 紘也,Koya Kawamata,2026-05-26 17:00:12.844 +0900,,players_insert,2026-05-26 17:00:12.844 +0900
1256,"45873",ジョン・パトリック,John Patrick,2026-05-26 17:00:12.844 +0900,,players_insert,2026-05-26 17:00:12.844 +0900
1257,"45847",ルーズベルト・アダムス,Roosevelt Adams,2026-05-26 17:00:12.844 +0900,,players_insert,2026-05-26 17:00:12.844 +0900
1272,"45872",アンソニー・マクヘンリー,Anthony Mchenry,2026-05-26 17:00:12.844 +0900,,players_insert,2026-05-26 17:00:12.844 +0900
1273,"55000015",山田 悠斗,Yuto Yamada,2026-05-26 17:00:12.844 +0900,,players_insert,2026-05-26 17:00:12.844 +0900
1274,"55000423",中西 真那斗,Manato Nakanishi,2026-05-26 17:00:12.844 +0900,,players_insert,2026-05-26 17:00:12.844 +0900
1275,"55000719",田中 大貴,Daiki Tanaka,2026-05-26 17:00:12.844 +0900,,players_insert,2026-05-26 17:00:12.844 +0900
1277,"55000077",宜保 隼弥,shunya Gibo,2026-05-26 17:00:12.844 +0900,,players_insert,2026-05-26 17:00:12.844 +0900
1278,"55000960",原田 ジョルジオ,Giorgio Harada,2026-05-26 17:00:12.844 +0900,,players_insert,2026-05-26 17:00:12.844 +0900
1279,"55000811",西田 瑛久,Eku Nishida,2026-05-26 17:00:12.844 +0900,,players_insert,2026-05-26 17:00:12.844 +0900
1280,"55000589",西村 優真,Yuma Nishimura,2026-05-26 17:00:12.844 +0900,,players_insert,2026-05-26 17:00:12.844 +0900
1281,"55000752",服部 怜恩,Reon Hattori,2026-05-26 17:00:12.844 +0900,,players_insert,2026-05-26 17:00:12.844 +0900
1282,"55000845",林 空翔,Takato Hayashi,2026-05-26 17:00:12.844 +0900,,players_insert,2026-05-26 17:00:12.844 +0900
1283,"55000961",栗原 琉空,Riku Kurihara,2026-05-26 17:00:12.844 +0900,,players_insert,2026-05-26 17:00:12.844 +0900
1284,"55000453",小倉 貴志,Takashi Ogura,2026-05-26 17:00:12.844 +0900,,players_insert,2026-05-26 17:00:12.844 +0900
1285,"55000009",根本 晃,Ko Nemoto,2026-05-26 17:00:12.844 +0900,,players_insert,2026-05-26 17:00:12.844 +0900
1286,"55000174",松下 湊人,Minato Matsushita,2026-05-26 17:00:12.844 +0900,,players_insert,2026-05-26 17:00:12.844 +0900
1287,"55000463",中田 直斗,Naoto Nakata,2026-05-26 17:00:12.844 +0900,,players_insert,2026-05-26 17:00:12.844 +0900
1288,"55000826",大越 海藍,Kai Ogoshi,2026-05-26 17:00:12.844 +0900,,players_insert,2026-05-26 17:00:12.844 +0900
1289,"51000353",内尾 聡理,Sori Uchio,2026-05-26 17:00:12.844 +0900,,players_insert,2026-05-26 17:00:12.844 +0900
1290,"51000354",髙木 拓海,Takumi Takagi,2026-05-26 17:00:12.844 +0900,,players_insert,2026-05-26 17:00:12.844 +0900
1291,"51000361",元田 大陽,Taiyo Motoda,2026-05-26 17:00:12.844 +0900,,players_insert,2026-05-26 17:00:12.844 +0900
1292,"51000350",菊地 広人,Hiroto Kikuchi,2026-05-26 17:00:12.844 +0900,,players_insert,2026-05-26 17:00:12.844 +0900
1293,"51000360",ブライアン・コンクリン,Brian Conklin,2026-05-26 17:00:12.844 +0900,,players_insert,2026-05-26 17:00:12.844 +0900
1294,"51000362",西田 公陽,Koyo Nishida,2026-05-26 17:00:12.844 +0900,,players_insert,2026-05-26 17:00:12.844 +0900
1295,"55000123",小川 瑛次郎,Eijiro Ogawa,2026-05-26 17:00:12.844 +0900,,players_insert,2026-05-26 17:00:12.844 +0900
1296,"26889",中西 佑介,Yusuke Nakanishi,2026-05-26 17:00:14.933 +0900,,players_insert,2026-05-26 17:00:14.933 +0900
1297,"51000374",ルーク・メイ,Luke Maye,2026-05-26 17:00:16.783 +0900,,players_insert,2026-05-26 17:00:16.783 +0900
1298,"51000369",橋谷 真季,Manaki Hashiya,2026-05-26 17:00:16.783 +0900,,players_insert,2026-05-26 17:00:16.783 +0900
1299,"55000868",梅原 咲弥,Sakuya Umehara,2026-05-26 17:00:16.783 +0900,,players_insert,2026-05-26 17:00:16.783 +0900
1300,"51000376",大石 空汰,Sorata Oishi,2026-05-26 17:00:16.783 +0900,,players_insert,2026-05-26 17:00:16.783 +0900
1301,"51000378",ジェレミー・エヴァンス,Jeremy Evans,2026-05-26 17:00:16.783 +0900,,players_insert,2026-05-26 17:00:16.783 +0900
1302,"51000379",イ ヒョンジュン,Hyunjung Lee,2026-05-26 17:00:16.783 +0900,,players_insert,2026-05-26 17:00:16.783 +0900
1303,"51000397",ヨハネス・ティーマン,Johannes Thiemann,2026-05-26 17:00:22.851 +0900,,players_insert,2026-05-26 17:00:22.851 +0900
1304,"51000307",市川 真人,Masato Ichikawa,2026-05-26 17:00:22.851 +0900,,players_insert,2026-05-26 17:00:22.851 +0900
1305,"51000410",マーク・スミス,Mark Smith,2026-05-26 17:00:22.851 +0900,,players_insert,2026-05-26 17:00:22.851 +0900
1306,"51000413",ジェハイヴ・フロイド,Jehyve Floyd,2026-05-26 17:00:22.851 +0900,,players_insert,2026-05-26 17:00:22.851 +0900
1190,"51000180",マーフィージュニア トロイ,Troy Murphy Jr.,2026-05-26 17:00:06.109 +0900,2026-05-26 17:00:22.851 +0900,players_insert,2026-05-26 17:00:06.109 +0900
1308,"51000428",渡邊 雄太,Yuta Watanabe,2026-05-26 17:00:22.851 +0900,,players_insert,2026-05-26 17:00:22.851 +0900
1309,"51000429",マイケル・オウ,Michael Ou,2026-05-26 17:00:22.851 +0900,,players_insert,2026-05-26 17:00:22.851 +0900
1310,"51000430",ディー・ジェイ・ホグ,D.J. Hogg,2026-05-26 17:00:22.851 +0900,,players_insert,2026-05-26 17:00:22.851 +0900
1311,"51000425",石川 裕大,Yudai Ishikawa,2026-05-26 17:00:22.851 +0900,,players_insert,2026-05-26 17:00:22.851 +0900
1312,"51000382",游 艾喆,Ai-Che Yu,2026-05-26 17:00:22.851 +0900,,players_insert,2026-05-26 17:00:22.851 +0900
1313,"51000343",江原 信太朗,Shintaro Ehara,2026-05-26 17:00:22.851 +0900,,players_insert,2026-05-26 17:00:22.851 +0900
1314,"51000396",ライアン・ルーサー,Ryan Luther,2026-05-26 17:00:22.851 +0900,,players_insert,2026-05-26 17:00:22.851 +0900
1315,"5100000032",駒沢 颯,Hayate Komasawa,2026-05-26 17:00:22.851 +0900,,players_insert,2026-05-26 17:00:22.851 +0900
1316,"51000398",サン シャオ,Siyao Sun,2026-05-26 17:00:22.851 +0900,,players_insert,2026-05-26 17:00:22.851 +0900
1317,"30405",モッチ ラミン,Lamine Mbodj,2026-05-26 17:00:22.851 +0900,,players_insert,2026-05-26 17:00:22.851 +0900
1318,"12658",飯田 鴻朗,Hirotoki Iida,2026-05-26 17:00:22.851 +0900,,players_insert,2026-05-26 17:00:22.851 +0900
1253,"15815",井上 宗一郎,Souichiro Inoue,2026-05-26 17:00:12.844 +0900,2026-05-26 17:00:22.851 +0900,players_update,2026-05-26 17:00:12.844 +0900
1319,"15815",井上 宗一郎,Soichiro Inoue,2026-05-26 17:00:22.851 +0900,,players_update,2026-05-26 17:00:22.851 +0900
1320,"51000380",神田 壮一郎,Soichiro Kanda,2026-05-26 17:00:22.851 +0900,,players_insert,2026-05-26 17:00:22.851 +0900
1321,"51000408",曾 祥鈞,Hsiang-chun Tseng,2026-05-26 17:00:22.851 +0900,,players_insert,2026-05-26 17:00:22.851 +0900
1276,"55000818",井伊 拓海,Takuni Ii,2026-05-26 17:00:12.844 +0900,2026-05-26 17:00:33.195 +0900,players_insert,2026-05-26 17:00:12.844 +0900
1322,"51000190",山崎 凜,Rin Yamazaki,2026-05-26 17:00:22.851 +0900,,players_insert,2026-05-26 17:00:22.851 +0900
1323,"51000119",加藤 嵩都,Taketo Kato,2026-05-26 17:00:22.851 +0900,,players_insert,2026-05-26 17:00:22.851 +0900
1324,"51000399",ザイラン・チータム,Zylan Cheatham,2026-05-26 17:00:22.851 +0900,,players_insert,2026-05-26 17:00:22.851 +0900
1325,"51000409",クリスティアーノ・フェリシオ,Cristiano Felicio,2026-05-26 17:00:22.851 +0900,,players_insert,2026-05-26 17:00:22.851 +0900
1239,"51000178",ディクソンジュニア タリキ,Tariki DicksonJR,2026-05-26 17:00:10.200 +0900,2026-05-26 17:00:22.851 +0900,players_insert,2026-05-26 17:00:10.200 +0900
1327,"51000122",石橋 侑磨,Yuma Ishibashi,2026-05-26 17:00:22.851 +0900,,players_insert,2026-05-26 17:00:22.851 +0900
1328,"51000412",ダミアン・イングリス,Damien Inglis,2026-05-26 17:00:22.851 +0900,,players_insert,2026-05-26 17:00:22.851 +0900
1329,"51000406",ゲイリー・クラーク,Gary Clark,2026-05-26 17:00:22.851 +0900,,players_insert,2026-05-26 17:00:22.851 +0900
1330,"51000394",マイク・コッツァー,Maik Kotsar,2026-05-26 17:00:22.851 +0900,,players_insert,2026-05-26 17:00:22.851 +0900
1331,"51000101",ライアン・クリーナー,Ryan Kriener,2026-05-26 17:00:22.851 +0900,,players_insert,2026-05-26 17:00:22.851 +0900
1332,"51000392",サッシャ・キリヤ・ジョーンズ,Sacha Killeya-Jones,2026-05-26 17:00:22.851 +0900,,players_insert,2026-05-26 17:00:22.851 +0900
1333,"51000391",アリゼ・ジョンソン,Alize Johnson,2026-05-26 17:00:22.851 +0900,,players_insert,2026-05-26 17:00:22.851 +0900
1334,"51000384",ガディアガ モハマド アルバシール,Mohammad Al Bachir Gadiaga,2026-05-26 17:00:22.851 +0900,,players_insert,2026-05-26 17:00:22.851 +0900
1335,"30397",栗原 翼,Tsubasa Kurihara,2026-05-26 17:00:22.851 +0900,,players_insert,2026-05-26 17:00:22.851 +0900
1336,"51000385",クリスチャン・メコウル,Christian Mekowulu,2026-05-26 17:00:22.851 +0900,,players_insert,2026-05-26 17:00:22.851 +0900
1337,"51000390",ヤニス・モラン,Yannis Morin,2026-05-26 17:00:22.851 +0900,,players_insert,2026-05-26 17:00:22.851 +0900
1338,"51000416",デイビッド・ヌワバ,David Nwaba,2026-05-26 17:00:22.851 +0900,,players_insert,2026-05-26 17:00:22.851 +0900
1339,"51000393",テリー・アレン,Terry Allen,2026-05-26 17:00:22.851 +0900,,players_insert,2026-05-26 17:00:22.851 +0900
1340,"42537",元澤 誠,Sei Motozawa,2026-05-26 17:00:22.851 +0900,,players_insert,2026-05-26 17:00:22.851 +0900
1341,"30459",平良 彰吾,Shogo Taira,2026-05-26 17:00:22.851 +0900,,players_insert,2026-05-26 17:00:22.851 +0900
1342,"51000388",岡部 雅大,Masahiro Okabe,2026-05-26 17:00:22.851 +0900,,players_insert,2026-05-26 17:00:22.851 +0900
1343,"51000431",菅野 ブルース,Bruce Kanno,2026-05-26 17:00:22.851 +0900,,players_insert,2026-05-26 17:00:22.851 +0900
1344,"51000389",平 寿哉,Toshiya Taira,2026-05-26 17:00:22.851 +0900,,players_insert,2026-05-26 17:00:22.851 +0900
1345,"51000438",オルフェミ・オルジョビ,Olufemi Olujobi,2026-05-26 17:00:25.021 +0900,,players_insert,2026-05-26 17:00:25.021 +0900
1346,"51000439",塚本 智裕,Tomohiro Tsukamoto,2026-05-26 17:00:27.035 +0900,,players_insert,2026-05-26 17:00:27.035 +0900
1347,"32988",ケニー・ローソン・ジュニア,Kenny Lawson Jr.,2026-05-26 17:00:27.035 +0900,,players_insert,2026-05-26 17:00:27.035 +0900
1348,"51000446",市場 脩斗,Shuto Ichiba,2026-05-26 17:00:27.035 +0900,,players_insert,2026-05-26 17:00:27.035 +0900
1349,"51000451",内藤 晴樹,Haruki Naito,2026-05-26 17:00:27.035 +0900,,players_insert,2026-05-26 17:00:27.035 +0900
1350,"51000440",富山 仁貴,Toshiki Tomiyama,2026-05-26 17:00:27.035 +0900,,players_insert,2026-05-26 17:00:27.035 +0900
1351,"51000443",平松 克樹,Katsuki Hiramatsu,2026-05-26 17:00:27.035 +0900,,players_insert,2026-05-26 17:00:27.035 +0900
1353,"51000441",山内 ジャヘル琉人,Jaheru Ryuto Yamauchi,2026-05-26 17:00:27.035 +0900,,players_insert,2026-05-26 17:00:27.035 +0900
1354,"51000452",長谷川 比源,Higen Hasegawa,2026-05-26 17:00:27.035 +0900,,players_insert,2026-05-26 17:00:27.035 +0900
1355,"9220",田村 晋,Susumu Tamura,2026-05-26 17:00:27.035 +0900,,players_insert,2026-05-26 17:00:27.035 +0900
1356,"51000344",永野 威旺,Io Nagano,2026-05-26 17:00:29.406 +0900,,players_insert,2026-05-26 17:00:29.406 +0900
1357,"51000447",佐藤 涼成,Ryosei Sato,2026-05-26 17:00:29.406 +0900,,players_insert,2026-05-26 17:00:29.406 +0900
1358,"46920",ジュリアン・デュクリー,Julien Ducree,2026-05-26 17:00:29.406 +0900,,players_insert,2026-05-26 17:00:29.406 +0900
1359,"51000461",星川 開聖,Kaisei Hoshikawa,2026-05-26 17:00:29.406 +0900,,players_insert,2026-05-26 17:00:29.406 +0900
1360,"51000445",新沼 康生,Kosei Niinuma,2026-05-26 17:00:29.406 +0900,,players_insert,2026-05-26 17:00:29.406 +0900
1361,"51000427",タイラー・ラム,Tyler Lamb,2026-05-26 17:00:29.406 +0900,,players_insert,2026-05-26 17:00:29.406 +0900
1362,"55000970",梶原 悠真,Yuma Kajiwara,2026-05-26 17:00:29.406 +0900,,players_insert,2026-05-26 17:00:29.406 +0900
1363,"55000971",丹野 路和,Rowa Tanno,2026-05-26 17:00:29.406 +0900,,players_insert,2026-05-26 17:00:29.406 +0900
1364,"55000969",小川 莞大,Kanta Ogawa,2026-05-26 17:00:29.406 +0900,,players_insert,2026-05-26 17:00:29.406 +0900
1365,"55000965",前田 豹吾,Hyogo Maeda,2026-05-26 17:00:29.406 +0900,,players_insert,2026-05-26 17:00:29.406 +0900
1367,"55000968",春田 結斗,Yuito Haruta,2026-05-26 17:00:29.406 +0900,,players_insert,2026-05-26 17:00:29.406 +0900
1368,"55000966",安藤 煌太朗,Kotaro Ando,2026-05-26 17:00:29.406 +0900,,players_insert,2026-05-26 17:00:29.406 +0900
1369,"55000963",長嶺 充来,Mirai Nagamine,2026-05-26 17:00:29.406 +0900,,players_insert,2026-05-26 17:00:29.406 +0900
1370,"55000964",石原 蔵之助,Kuranosuke Ishihara,2026-05-26 17:00:29.406 +0900,,players_insert,2026-05-26 17:00:29.406 +0900
1371,"51000464",泉 登翔,Towa Izumi,2026-05-26 17:00:29.406 +0900,,players_insert,2026-05-26 17:00:29.406 +0900
1372,"51000467",瀬川 琉久,Riku Segawa,2026-05-26 17:00:29.406 +0900,,players_insert,2026-05-26 17:00:29.406 +0900
1373,"51000457",轟 琉維,Rui Todoroki,2026-05-26 17:00:29.406 +0900,,players_insert,2026-05-26 17:00:29.406 +0900
1374,"51000132",横地 聖真,Seishin Yokochi,2026-05-26 17:00:29.406 +0900,,players_insert,2026-05-26 17:00:29.406 +0900
1375,"51000473",福永 健太,Kenta Fukunaga,2026-05-26 17:00:31.431 +0900,,players_insert,2026-05-26 17:00:31.431 +0900
1376,"51000458",介川 アンソニー翔,Anthony Sho Sukegawa,2026-05-26 17:00:31.431 +0900,,players_insert,2026-05-26 17:00:31.431 +0900
1377,"51000481",浅井 英矢,Hideya Asai,2026-05-26 17:00:33.195 +0900,,players_insert,2026-05-26 17:00:33.195 +0900
1379,"51000482",十返 翔里,Shori Togaeri,2026-05-26 17:00:33.195 +0900,,players_insert,2026-05-26 17:00:33.195 +0900
1380,"51000480",タナー・グローヴス,Tanner Groves,2026-05-26 17:00:33.195 +0900,,players_insert,2026-05-26 17:00:33.195 +0900
1382,"51000345",菅原 佳依,Kai Sugawara,2026-05-26 17:00:33.195 +0900,,players_insert,2026-05-26 17:00:33.195 +0900
1383,"51000468",前野 幹太,Kanta Maeno,2026-05-26 17:00:33.195 +0900,,players_insert,2026-05-26 17:00:33.195 +0900
1384,"51000454",根本 大,Dai Nemoto,2026-05-26 17:00:33.195 +0900,,players_insert,2026-05-26 17:00:33.195 +0900
1385,"30511",金久保 翔,Kakeru Kanakubo,2026-05-26 17:00:33.195 +0900,,players_insert,2026-05-26 17:00:33.195 +0900
1386,"30443",ウィタカ ケンタ,Kenta Whitaker,2026-05-26 17:00:33.195 +0900,,players_insert,2026-05-26 17:00:33.195 +0900
1387,"51000486",崎濱 秀斗,Shuto Sakihama,2026-05-26 17:00:33.195 +0900,,players_insert,2026-05-26 17:00:33.195 +0900
1388,"9214",横塚 蛍,Hotaru Yokotsuka,2026-05-26 17:00:33.195 +0900,,players_insert,2026-05-26 17:00:33.195 +0900
1389,"51000324",劉 駿霆,Chun-Ting Liu,2026-05-26 22:34:24.649 +0900,,players_insert,2026-05-26 22:34:24.649 +0900
1390,"51000332",チュアンシン・リュウ,Liu Chuanxing,2026-05-26 22:34:24.791 +0900,,players_insert,2026-05-26 22:34:24.791 +0900
1366,"43470",加賀谷 ジェームス 洸太朗,Kotaro James kagaya,2026-05-26 17:00:29.406 +0900,,players_insert,2026-05-26 17:00:29.406 +0900
1378,"51000479",陳岡 流羽,Ruu Jingaoka,2026-05-26 17:00:33.195 +0900,2026-08-18 18:07:46.571 +0900,players_insert,2026-05-26 17:00:33.195 +0900
1391,"51000561",デイミアン・ドットソン,Damyean Dotson,2026-05-26 22:34:24.791 +0900,,players_insert,2026-05-26 22:34:24.791 +0900
1392,"51000297",アーロン・ホワイト,Aaron White,2026-05-26 22:34:24.791 +0900,,players_insert,2026-05-26 22:34:24.791 +0900
1393,"51000531",ジャレット・カルバー,Jarrett Culver,2026-05-26 22:34:24.791 +0900,,players_insert,2026-05-26 22:34:24.791 +0900
1394,"51000530",セルジオ・エル ダーウィッチ,Sergio El Darwich,2026-05-26 22:34:24.791 +0900,,players_insert,2026-05-26 22:34:24.791 +0900
1395,"51000532",ブーバカー・トゥーレ,Boubacar Toure,2026-05-26 22:34:24.791 +0900,,players_insert,2026-05-26 22:34:24.791 +0900
1396,"51000333",シェンゼ・リー,Li Shengzhe,2026-05-26 22:34:24.848 +0900,,players_insert,2026-05-26 22:34:24.848 +0900
1397,"8651",アンソニー・マクヘンリー,Anthony Mchenry,2026-05-26 22:34:24.848 +0900,,players_update,2026-05-26 22:34:24.848 +0900
1398,"51000517",ナシール・リトル,Nassir Little,2026-05-26 22:34:24.848 +0900,,players_insert,2026-05-26 22:34:24.848 +0900
1411,"51000524",トレイ・ケル,Trey Kell,2026-05-26 22:34:25.058 +0900,,players_insert,2026-05-26 22:34:25.058 +0900
1412,"51000512",ジャレル・マーティン,Jarell Martin,2026-05-26 22:34:25.058 +0900,,players_insert,2026-05-26 22:34:25.058 +0900
1414,"10831",テレンス・ウッドベリー,Terrance Woodbury,2026-05-26 22:34:25.133 +0900,,players_insert,2026-05-26 22:34:25.133 +0900
1416,"51000321",デレク・パードン,Dererk Pardon,2026-05-26 22:34:52.799 +0900,,players_insert,2026-05-26 22:34:52.799 +0900
1417,"51000192",トレイ・ポーター,Trey Porter,2026-05-26 22:34:52.799 +0900,,players_insert,2026-05-26 22:34:52.799 +0900
1418,"51000509",マーカス・フォスター,Marcus Foster,2026-05-26 22:34:52.799 +0900,,players_insert,2026-05-26 22:34:52.799 +0900
1419,"51000516",ダリアス・デイズ,Darius Days,2026-05-26 22:34:52.799 +0900,,players_insert,2026-05-26 22:34:52.799 +0900
1420,"51000319",キャメロン・ジャクソン,Cameron Jackson,2026-05-26 22:34:52.799 +0900,,players_insert,2026-05-26 22:34:52.799 +0900
1421,"51000522",アリ・メザー,Ali Mezher,2026-05-26 22:34:52.799 +0900,,players_insert,2026-05-26 22:34:52.799 +0900
1422,"51000523",キアヌ・ピンダー,Keanu Pinder,2026-05-26 22:34:52.799 +0900,,players_insert,2026-05-26 22:34:52.799 +0900
1180,"33085",D.J・ニュービル,D.J. Newbill,2026-05-26 17:00:06.109 +0900,2026-05-26 22:34:52.799 +0900,players_update,2026-05-26 17:00:06.109 +0900
1424,"51000296",ジョン・ハーラー,John Harrar,2026-05-26 22:34:52.799 +0900,,players_insert,2026-05-26 22:34:52.799 +0900
1425,"51000514",ジャリル・オカフォー,Jahlil Okafor,2026-05-26 22:34:52.799 +0900,,players_insert,2026-05-26 22:34:52.799 +0900
1426,"51000489",タイラー・クック,Tyler Cook,2026-05-26 22:34:52.799 +0900,,players_insert,2026-05-26 22:34:52.799 +0900
1427,"51000521",ヤニー・ウェッツェル,Yanni Wetzell,2026-05-26 22:34:52.799 +0900,,players_insert,2026-05-26 22:34:52.799 +0900
1428,"51000529",スタンリー・ジョンソン,Stanley Johnson,2026-05-26 22:34:52.799 +0900,,players_insert,2026-05-26 22:34:52.799 +0900
1429,"51000395",アキル・ミッチェル,Akil Mitchell,2026-05-26 22:34:52.799 +0900,,players_insert,2026-05-26 22:34:52.799 +0900
1430,"51000576",クエンティン・ミロラ・ブラウン,Quentin Millora-Brown,2026-05-26 22:34:52.799 +0900,,players_insert,2026-05-26 22:34:52.799 +0900
1431,"51000578",マリアル・シャヨク,Marial Shayok,2026-05-26 22:34:52.799 +0900,,players_insert,2026-05-26 22:34:52.799 +0900
1432,"51000496",ドンテ・グランタム,Donte Grantham,2026-05-26 22:34:52.799 +0900,,players_insert,2026-05-26 22:34:52.799 +0900
1433,"51000520",ジョーダン・ダラス,Jordan Dallas,2026-05-26 22:34:52.799 +0900,,players_insert,2026-05-26 22:34:52.799 +0900
1434,"51000536",ジャモルコ・ピケット,Jamorko Pickett,2026-05-26 22:34:52.799 +0900,,players_insert,2026-05-26 22:34:52.799 +0900
1435,"51000500",フランシス・ロペス,Francis Lopez,2026-05-26 22:34:52.799 +0900,,players_insert,2026-05-26 22:34:52.799 +0900
1436,"51000513",オマール・ジャマレディン,Omar Jamaleddine,2026-05-26 22:34:52.799 +0900,,players_insert,2026-05-26 22:34:52.799 +0900
1437,"51000510",エマニュエル・テリー,Emanuel Terry,2026-05-26 22:34:52.799 +0900,,players_insert,2026-05-26 22:34:52.799 +0900
1438,"51000494",ドゥシャン・リスティッチ,Dušan Ristić,2026-05-26 22:34:52.799 +0900,,players_insert,2026-05-26 22:34:52.799 +0900
1439,"49996",シリル・ニースミス,Cyril Nesmith II,2026-05-26 22:34:52.799 +0900,,players_insert,2026-05-26 22:34:52.799 +0900
1440,"51000533",デイボン・リード,Davon Reed,2026-05-26 22:34:52.799 +0900,,players_insert,2026-05-26 22:34:52.799 +0900
1441,"52433",ジョーダン・ナタイ,Jordan Ngatai,2026-05-26 22:34:52.799 +0900,,players_insert,2026-05-26 22:34:52.799 +0900
1183,"26912",ショーン・オマラ,Sean O'mara,2026-05-26 17:00:06.109 +0900,2026-05-26 22:34:52.799 +0900,players_update,2026-05-26 17:00:06.109 +0900
1443,"27048",ダマ ムッサ,Muusa Dama,2026-05-26 22:34:52.799 +0900,,players_update,2026-05-26 22:34:52.799 +0900
1445,"51000564",深水 虎太郎,Kotaro Fukami,2026-05-26 22:34:52.799 +0900,,players_insert,2026-05-26 22:34:52.799 +0900
1446,"51000518",加藤 ダニエル,Daniel Kato,2026-05-26 22:34:52.799 +0900,,players_insert,2026-05-26 22:34:52.799 +0900
1447,"15752",岡田 雄三,Yuzo Okada,2026-05-26 22:34:52.799 +0900,,players_insert,2026-05-26 22:34:52.799 +0900
1448,"51000435",田中 晴瑛,Haruaki Tanaka,2026-05-26 22:34:52.799 +0900,,players_insert,2026-05-26 22:34:52.799 +0900
1449,"51000566",浅井 弘士郎,Koshiro Asai,2026-05-26 22:34:52.799 +0900,,players_insert,2026-05-26 22:34:52.799 +0900
1450,"5100000006",池田 祐一,Yuichi Ikeda,2026-05-26 22:34:52.799 +0900,,players_insert,2026-05-26 22:34:52.799 +0900
1451,"30466",佐藤 誠人,Makoto Sato,2026-05-26 22:34:52.799 +0900,,players_insert,2026-05-26 22:34:52.799 +0900
1452,"51000359",黒川 虎徹,Kotetsu Kurokawa,2026-05-26 22:34:52.799 +0900,,players_insert,2026-05-26 22:34:52.799 +0900
1453,"8520",杉本 慶,Kei Sugimoto,2026-05-26 22:34:52.799 +0900,,players_insert,2026-05-26 22:34:52.799 +0900
1454,"51000352",渡邉 伶音,Leon Watanabe,2026-05-26 22:34:52.799 +0900,,players_insert,2026-05-26 22:34:52.799 +0900
1455,"51000552",児玉 ジュニア,Junior Kodama,2026-05-26 22:34:52.799 +0900,,players_insert,2026-05-26 22:34:52.799 +0900
1423,"33085",ディージェイ・ニュービル,D.J. Newbill,2026-05-26 22:34:52.799 +0900,2026-08-18 18:07:46.571 +0900,players_update,2026-05-26 22:34:52.799 +0900
1518,"51000601",ギャリソン・ブルックス,Garrison Brooks,2026-08-18 19:10:59.022 +0900,,players_insert,2026-08-18 19:10:59.022 +0900
1519,"51000600",岩屋 頼,Yori Iwaya,2026-08-18 19:10:59.022 +0900,,players_insert,2026-08-18 19:10:59.022 +0900
1520,"51000540",ティム・シュナイダー,Tim Schneider,2026-08-18 19:10:59.022 +0900,,players_insert,2026-08-18 19:10:59.022 +0900
1521,"51000603",新井 翔太,Shota Arai,2026-08-18 19:10:59.022 +0900,,players_insert,2026-08-18 19:10:59.022 +0900
1522,"51000593",月岡 熙,Hikaru Tsukioka,2026-08-18 19:10:59.022 +0900,,players_insert,2026-08-18 19:10:59.022 +0900
1523,"51000599",堀田 尚秀,Naohide Hotta,2026-08-18 19:10:59.022 +0900,,players_insert,2026-08-18 19:10:59.022 +0900
1524,"51000605",佐藤 瑠一シャンドレイ,Louieseandrey Sato,2026-08-18 19:10:59.022 +0900,,players_insert,2026-08-18 19:10:59.022 +0900
1525,"51000604",武富 楓太,Futa Takedomi,2026-08-18 19:10:59.022 +0900,,players_insert,2026-08-18 19:10:59.022 +0900
1526,"51000426",ミッチェル・ライトフット,Mitchell Lightfoot,2026-08-18 19:10:59.022 +0900,,players_insert,2026-08-18 19:10:59.022 +0900
1527,"51000592",針間 大知,Daichi Harima,2026-08-18 22:14:19.855 +0900,,players_insert,2026-08-18 22:14:19.855 +0900
1504,"10832",澁田 怜音,Leon Shibuta,2026-08-18 18:07:46.571 +0900,2026-08-24 16:12:23.925 +0900,players_update,2026-08-18 18:07:46.571 +0900
1528,"10832",澁田 怜音,Reon Shibuta,2026-08-24 16:12:23.925 +0900,,players_update,2026-08-24 16:12:23.925 +0900
1512,"12605",髙比良 寛治,Kanji Takahira,2026-08-18 18:07:46.571 +0900,2026-08-24 16:12:23.925 +0900,players_update,2026-08-18 18:07:46.571 +0900
1529,"12605",高比良 寛治,Kanji Takahira,2026-08-24 16:12:23.925 +0900,,players_update,2026-08-24 16:12:23.925 +0900
1530,"15849",ダシルバ　ヒサシ,Hisashi Da Silva,2026-08-24 16:12:23.925 +0900,,players_update,2026-08-24 16:12:23.925 +0900
1514,"26890",メイヨ ニック,Nick Mayo,2026-08-18 18:07:46.571 +0900,2026-08-24 16:12:23.925 +0900,players_update,2026-08-18 18:07:46.571 +0900
1326,"51000178",ディクソンジュニア タリキ,Tariki Dickson JR.,2026-05-26 17:00:22.851 +0900,2026-05-26 22:34:52.799 +0900,players_update,2026-05-26 17:00:22.851 +0900
1457,"26926",ホール 百音 アレックス,Mone Alex Hall,2026-05-26 22:34:52.799 +0900,,players_update,2026-05-26 22:34:52.799 +0900
1458,"51000498",小澤 飛悠,Hiyuu Ozawa,2026-05-26 22:34:52.799 +0900,,players_insert,2026-05-26 22:34:52.799 +0900
1459,"51000499",ジェイク幸輝・ホルツ,Jake koki Holtz,2026-05-26 22:34:52.799 +0900,,players_insert,2026-05-26 22:34:52.799 +0900
1381,"55000818",井伊 拓海,Takuｍi Ii,2026-05-26 17:00:33.195 +0900,2026-05-26 22:34:52.799 +0900,players_update,2026-05-26 17:00:33.195 +0900
1460,"55000818",井伊 拓海,Takuni Ii,2026-05-26 22:34:52.799 +0900,,players_update,2026-05-26 22:34:52.799 +0900
1461,"33026",森田 雄次,Yuji Morita,2026-05-26 22:34:52.799 +0900,,players_insert,2026-05-26 22:34:52.799 +0900
1462,"19755",富永 啓生,Keisei Tominaga,2026-05-26 22:34:52.799 +0900,,players_insert,2026-05-26 22:34:52.799 +0900
1464,"51000470",西田 陽成,Yosei Nishida,2026-05-26 22:34:52.799 +0900,,players_insert,2026-05-26 22:34:52.799 +0900
1465,"51000562",松本 秦,Shin Matsumoto,2026-05-26 22:34:52.799 +0900,,players_insert,2026-05-26 22:34:52.799 +0900
1466,"55000977",宮里 俊佑,Syunsuke Miyazato,2026-05-26 22:34:52.799 +0900,,players_insert,2026-05-26 22:34:52.799 +0900
1467,"55000978",福地 勇太,Yudai Fukuchi,2026-05-26 22:34:52.799 +0900,,players_insert,2026-05-26 22:34:52.799 +0900
1468,"51000553",江原 行佐,Isa Ehara,2026-05-26 22:34:52.799 +0900,,players_insert,2026-05-26 22:34:52.799 +0900
1469,"55000979",川邉 蒼侑,Ayuki Kawabe,2026-05-26 22:34:52.799 +0900,,players_insert,2026-05-26 22:34:52.799 +0900
1470,"55000980",中川 恵太,Keita Nakagawa,2026-05-26 22:34:52.799 +0900,,players_insert,2026-05-26 22:34:52.799 +0900
1471,"55000981",プラット 聖也,Sena Platt,2026-05-26 22:34:52.799 +0900,,players_insert,2026-05-26 22:34:52.799 +0900
1472,"55000973",高橋 秀成,Shusei Takahashi,2026-05-26 22:34:52.799 +0900,,players_insert,2026-05-26 22:34:52.799 +0900
1473,"55000974",小松 亮太,Ryota Komatsu,2026-05-26 22:34:52.799 +0900,,players_insert,2026-05-26 22:34:52.799 +0900
1474,"55000975",三上 寛太,Kanta Mikami,2026-05-26 22:34:52.799 +0900,,players_insert,2026-05-26 22:34:52.799 +0900
1475,"55000976",エルマスリ アダム,Adam Elmasri,2026-05-26 22:34:52.799 +0900,,players_insert,2026-05-26 22:34:52.799 +0900
1476,"22486",鎌田 真,Makoto Kamata,2026-05-26 22:34:52.799 +0900,,players_insert,2026-05-26 22:34:52.799 +0900
1352,"5100000034",ハーパー・ジャン・ローレンス・ジュニア,John Lawrence Jr. Harper,2026-05-26 17:00:27.035 +0900,2026-05-26 22:34:52.799 +0900,players_update,2026-05-26 17:00:27.035 +0900
1478,"51000577",佐藤 凪,Nagi Sato,2026-05-26 22:34:52.799 +0900,,players_insert,2026-05-26 22:34:52.799 +0900
1479,"51000133",岡島 和真,Kazuma Okajima,2026-05-26 22:34:52.799 +0900,,players_insert,2026-05-26 22:34:52.799 +0900
1480,"42616",狩野 富成,Toyoshige Kano,2026-05-26 22:34:52.799 +0900,,players_insert,2026-05-26 22:34:52.799 +0900
1481,"51000502",須藤 タイレル拓,Tyrell Taku Sudo,2026-05-26 22:34:52.799 +0900,,players_insert,2026-05-26 22:34:52.799 +0900
1482,"49518",伊藤 治輝,Haruki Ito,2026-05-26 22:34:52.799 +0900,,players_insert,2026-05-26 22:34:52.799 +0900
1483,"51000501",マイロ・マーフィー,Mylo Murphy,2026-05-26 22:34:52.799 +0900,,players_insert,2026-05-26 22:34:52.799 +0900
1484,"51000491",伊久江 ロイ英輝,Roy Hideki Igwe,2026-05-26 22:34:52.799 +0900,,players_insert,2026-05-26 22:34:52.799 +0900
1485,"51000554",岡田 大河,Taiga Okada,2026-05-26 22:34:52.799 +0900,,players_insert,2026-05-26 22:34:52.799 +0900
1486,"51000155",鎌田 隼,Hayato Kamata,2026-05-26 22:34:52.799 +0900,,players_insert,2026-05-26 22:34:52.799 +0900
1487,"51000581",稲田 貫大,Kanta Inada,2026-05-26 22:34:52.799 +0900,,players_insert,2026-05-26 22:34:52.799 +0900
1488,"51000584",金山 颯,Hayate Kanayama,2026-05-26 22:34:52.799 +0900,,players_insert,2026-05-26 22:34:52.799 +0900
1489,"51000586",岩下 准平,Junpei Iwashita,2026-05-26 22:34:52.799 +0900,,players_insert,2026-05-26 22:34:52.799 +0900
1490,"51000583",赤間 賢人,Kento Akama,2026-05-26 22:34:52.799 +0900,,players_insert,2026-05-26 22:34:52.799 +0900
1491,"51000585",西部 秀馬,Shuma Nishibe,2026-05-26 22:34:52.799 +0900,,players_insert,2026-05-26 22:34:52.799 +0900
1492,"51000590",田中 流嘉州,Lucas Tanaka,2026-05-26 22:34:52.799 +0900,,players_insert,2026-05-26 22:34:52.799 +0900
1493,"51000588",堀 陽稀,Haruki Hori,2026-05-26 22:34:52.799 +0900,,players_insert,2026-05-26 22:34:52.799 +0900
1494,"51000589",佐古 竜誠,Ryusei Sako,2026-05-26 22:34:52.799 +0900,,players_insert,2026-05-26 22:34:52.799 +0900
1495,"51000591",新井 楽人,Gakuto Arai,2026-05-26 22:34:52.799 +0900,,players_insert,2026-05-26 22:34:52.799 +0900
1205,"51000150",モサク ダミロラ,Damilola Mosaku,2026-05-26 17:00:06.109 +0900,2026-05-26 22:34:52.799 +0900,players_update,2026-05-26 17:00:06.109 +0900
1496,"51000150",モサク オルワダミロラ 雄太 ジョセフ,Oluwadamilola Yuta Joseph Mosaku,2026-05-26 22:34:52.799 +0900,,players_update,2026-05-26 22:34:52.799 +0900
1307,"51000180",トロイ・マーフィージュニア,Troy Murphy Jr.,2026-05-26 17:00:22.851 +0900,2026-05-26 22:34:52.799 +0900,players_update,2026-05-26 17:00:22.851 +0900
1498,"999999999",???,???,2026-05-26 22:34:52.799 +0900,,players_insert,2026-05-26 22:34:52.799 +0900
1499,"33085",D.J・ニュービル,D.J. Newbill,2026-08-18 18:07:46.571 +0900,,players_update,2026-08-18 18:07:46.571 +0900
1444,"9369",河田 チリジ,Tshilidzi Kawada,2026-05-26 22:34:52.799 +0900,2026-08-18 18:07:46.571 +0900,players_update,2026-05-26 22:34:52.799 +0900
1500,"9369",河田 チリジ,Tshilidzi Kawata,2026-08-18 18:07:46.571 +0900,,players_update,2026-08-18 18:07:46.571 +0900
1501,"51000511",セクー・ドゥムブヤ,Sekou Doumbouya,2026-08-18 18:07:46.571 +0900,,players_insert,2026-08-18 18:07:46.571 +0900
1502,"15750",木田 貴明,Takaaki Kida,2026-08-18 18:07:46.571 +0900,,players_insert,2026-08-18 18:07:46.571 +0900
1503,"51000189",ブランドン・アシュリー,Brandon Ashley,2026-08-18 18:07:46.571 +0900,,players_insert,2026-08-18 18:07:46.571 +0900
1505,"51000525",ジェイミー・マロンゾ,Jamie Malonzo,2026-08-18 18:07:46.571 +0900,,players_insert,2026-08-18 18:07:46.571 +0900
1442,"26912",ショーン・オマラ,Sean O’mara,2026-05-26 22:34:52.799 +0900,2026-08-18 18:07:46.571 +0900,players_update,2026-05-26 22:34:52.799 +0900
1506,"26912",ショーン・オマラ,Sean O'mara,2026-08-18 18:07:46.571 +0900,,players_update,2026-08-18 18:07:46.571 +0900
1507,"51000479",陳岡 流羽,Ru Jingaoka,2026-08-18 18:07:46.571 +0900,,players_update,2026-08-18 18:07:46.571 +0900
1508,"51000497",ディディ・ロウザダ,Didi Louzada,2026-08-18 18:07:46.571 +0900,,players_insert,2026-08-18 18:07:46.571 +0900
1477,"5100000034",ハーパー ジャン ジュニア,John Jr. Harper,2026-05-26 22:34:52.799 +0900,2026-08-18 18:07:46.571 +0900,players_update,2026-05-26 22:34:52.799 +0900
1497,"51000180",マーフィージュニア トロイ,Troy Murphy Jr.,2026-05-26 22:34:52.799 +0900,2026-08-18 18:07:46.571 +0900,players_update,2026-05-26 22:34:52.799 +0900
1510,"51000180",トロイ・マーフィージュニア,Troy Murphy Jr.,2026-08-18 18:07:46.571 +0900,,players_update,2026-08-18 18:07:46.571 +0900
1513,"51000550",松村 竜吾,Ryugo Matsumura,2026-08-18 18:07:46.571 +0900,,players_insert,2026-08-18 18:07:46.571 +0900
1515,"51000490",ブランドン・デイヴィス,Brandon Davies,2026-08-18 18:07:46.571 +0900,,players_insert,2026-08-18 18:07:46.571 +0900
1516,"5100000090",マーク・バートン,Mark Burton,2026-08-18 18:19:47.688 +0900,,players_insert,2026-08-18 18:19:47.688 +0900
1517,"51000560",フランク・カミンスキー,FRANK KAMINSKY,2026-08-18 18:36:48.583 +0900,,players_insert,2026-08-18 18:36:48.583 +0900
1531,"26890",ニック・メイヨ,Nick Mayo,2026-08-24 16:12:23.925 +0900,,players_update,2026-08-24 16:12:23.925 +0900
1509,"5100000034",ジャン・ローレンス・ハーパージュニア,John Lawrence Harper Jr.,2026-08-18 18:07:46.571 +0900,2026-08-24 16:12:23.925 +0900,players_update,2026-08-18 18:07:46.571 +0900
1532,"5100000034",ハーパー・ジャン・ローレンス・ジュニア,John Lawrence Jr. Harper,2026-08-24 16:12:23.925 +0900,,players_update,2026-08-24 16:12:23.925 +0900
1415,"5100000041",王　偉嘉,Weijia Wang,2026-05-26 22:34:52.799 +0900,2026-08-24 16:12:23.925 +0900,players_update,2026-05-26 22:34:52.799 +0900
1533,"5100000041",王 偉嘉,Weijia Wang,2026-08-24 16:12:23.925 +0900,,players_update,2026-08-24 16:12:23.925 +0900
1456,"51000178",ディクソンジュニア タリキ,Tariki DicksonJR,2026-05-26 22:34:52.799 +0900,2026-08-24 16:12:23.925 +0900,players_update,2026-05-26 22:34:52.799 +0900
1534,"51000178",ディクソンジュニア タリキ,Tariki Dickson JR.,2026-08-24 16:12:23.925 +0900,,players_update,2026-08-24 16:12:23.925 +0900
1511,"51000335",タナー・ライスナー,Tanner Leissner,2026-08-18 18:07:46.571 +0900,2026-08-24 16:12:23.925 +0900,players_update,2026-08-18 18:07:46.571 +0900
1535,"51000335",タナー・ライスナー,Paul Tanner Leissner,2026-08-24 16:12:23.925 +0900,,players_update,2026-08-24 16:12:23.925 +0900
1463,"8537",坂井 レオ,Leo Sakai,2026-05-26 22:34:52.799 +0900,2026-08-24 16:12:23.925 +0900,players_update,2026-05-26 22:34:52.799 +0900
1536,"8537",坂井 レオ,Reo Sakai,2026-08-24 16:12:23.925 +0900,,players_update,2026-08-24 16:12:23.925 +0900
1537,"9392",ダニエル・ミラー,Daniel　Miller,2026-08-24 16:12:23.925 +0900,,players_update,2026-08-24 16:12:23.925 +0900
